TeamSal_bottom,TeamSal_relative_difference,TeamSal_top,bottom_tid,comparison,dollars_per_card_IP_bottom,dollars_per_card_IP_relative_difference,dollars_per_card_IP_top,dollars_per_card_PA_bottom,dollars_per_card_PA_relative_difference,dollars_per_card_PA_top,tolerance,top_tid,year
87270725.0,0.0028964428793274433,87523499.67,1535792,Top5 vs Bottom5,20830.149418926398,0.3154358081893789,27400.724435590968,6666.290412876137,0.08274544526238503,7217.895581337942,0.01,1535229,1964
82509674.0,0.0006509863316148667,82563386.67,1535002,Top5 vs Bottom5,25174.705450091857,0.1805169873458159,29719.16743526073,6225.2140938536895,0.019017887621168406,6343.604515908313,0.01,1535355,1964
82200460.0,-0.007944006639378887,81547459.0,1535401,Top5 vs Bottom5,23164.282716049383,0.13511814919362397,26294.19772403983,6532.117250880147,0.0929285842698444,7139.137659289067,0.01,1536007,1964
76315064.67,0.004820393739961126,76682933.33,1546744,Top5 vs Bottom5,22323.57050492611,-0.09862289094371024,20121.955445544554,6276.999505113824,0.11776383054585615,7016.203011170471,0.01,1546653,1965
87594241.0,0.003754048168532087,87923074.0,1556296,Top5 vs Bottom5,23362.020384047268,0.21156431057169933,28304.590120160214,6494.483137365345,0.1449588946053637,7435.916233991,0.01,1556107,1966
81984759.0,-0.0007427600049418892,81923864.0,1556078,Top5 vs Bottom5,22191.43346434587,0.21544906580760137,26972.55707317073,6114.827867613722,0.178500912901,7206.330224215247,0.01,1556359,1966
76802477.0,0.004412123322532935,77141339.0,1556000,Top5 vs Bottom5,26341.078743068392,-0.10925952852299403,23463.064898813678,6864.296711372405,0.048995830046389965,7200.618626430802,0.01,1556445,1966
84761262.0,0.005855351705358114,85257569.0,1587806,Top5 vs Bottom5,21340.827259111335,0.3049315220750868,27848.318197573655,5646.794938165085,0.27432815183771186,7195.8697573584595,0.01,1587662,1969
77560113.89,-0.001711089931974774,77427401.56,1587882,Top5 vs Bottom5,19778.2747318236,0.25184554489262,24759.345108695652,6910.624219725343,0.015031341522112829,7014.500172503019,0.01,1587665,1969
83731134.67,-0.00041005332288068796,83696800.44,1598746,Top5 vs Bottom5,21962.314660309894,0.103828359910348,24242.625771324863,7157.865041423674,0.006153059259028426,7201.907809191681,0.01,1598731,1970
72193359.78,-0.009789835410815684,71486598.67,1610167,Top5 vs Bottom5,21794.91405135521,0.08460275830804043,23638.823897186525,6377.262167959083,0.08969024797551794,6949.240393208222,0.01,1610307,1971
88619688.11,0.0010498620790058144,88712726.56,1610751,Top5 vs Bottom5,21776.561194818925,0.30234291444316375,28360.550173010382,6775.933693972179,0.1403066704248801,7726.642389593173,0.01,1610349,1971
76156555.5203252,-0.0025486710474750263,75962457.51219513,1620217,Top5 vs Bottom5,22467.32206423618,0.06954786714044725,24029.876394161318,6670.256253322487,-0.013240251411146708,6581.940383551724,0.01,1619951,1972
64486281.0,0.002229687711292838,64630065.26829268,1620689,Top5 vs Bottom5,21892.720658888127,0.19610892342297692,26186.078538102644,7233.870588235294,-0.23494598045658965,5534.301770386266,0.01,1620716,1972
74732842.6025641,0.0080348643982886,75333310.85897435,1643144,Top5 vs Bottom5,22528.989088575097,0.04159262687556309,23466.028925619834,5787.971040663457,0.0740715670055021,6216.695125427866,0.01,1642849,1974
65678479.0,-0.005396272955711989,65324060.0,1643370,Top5 vs Bottom5,20624.943327817793,0.010387154144927857,20839.177793394236,6021.9898048866235,0.010453153304094132,6084.938587512795,0.01,1642989,1974
94420125.0,0.016744950613018172,96001185.33,1521601,Top5 vs Bottom5,20672.04718417047,0.48860727023823713,30772.55972906404,6671.25225923057,0.08783780938865093,7257.240443560472,0.025,1521559,1963
90902550.0,0.01980008503611841,92702428.22,1521546,Top5 vs Bottom5,24083.02002002002,0.17540637598694797,28307.335284552846,6196.395624430264,0.2996855126404232,8053.365623660523,0.025,1521566,1963
87270725.0,0.0028964428793274433,87523499.67,1535792,Top5 vs Bottom5,20830.149418926398,0.3154358081893789,27400.724435590968,6666.290412876137,0.08274544526238503,7217.895581337942,0.025,1535229,1964
82509674.0,0.0006509863316148667,82563386.67,1535002,Top5 vs Bottom5,25174.705450091857,0.1805169873458159,29719.16743526073,6225.2140938536895,0.019017887621168406,6343.604515908313,0.025,1535355,1964
82200460.0,-0.007944006639378887,81547459.0,1535401,Top5 vs Bottom5,23164.282716049383,0.13511814919362397,26294.19772403983,6532.117250880147,0.0929285842698444,7139.137659289067,0.025,1536007,1964
87344544.22,0.019198310380742045,89021411.89,1546632,Top5 vs Bottom5,31122.66235534377,-0.10901852605235407,27729.715578539108,6458.844043379734,0.11548681126062244,7204.755346379325,0.025,1546627,1965
76315064.67,0.004820393739961126,76682933.33,1546744,Top5 vs Bottom5,22323.57050492611,-0.09862289094371024,20121.955445544554,6276.999505113824,0.11776383054585615,7016.203011170471,0.025,1546653,1965
73403466.0,-0.012977003020538613,72450909.0,1546651,Top5 vs Bottom5,21700.81577110956,0.07049406026901339,23230.594385964912,6406.96185026228,0.05869534784386499,6783.020704685798,0.025,1546676,1965
87594241.0,0.003754048168532087,87923074.0,1556296,Top5 vs Bottom5,23362.020384047268,0.21156431057169933,28304.590120160214,6494.483137365345,0.1449588946053637,7435.916233991,0.025,1556107,1966
81984759.0,-0.0007427600049418892,81923864.0,1556078,Top5 vs Bottom5,22191.43346434587,0.21544906580760137,26972.55707317073,6114.827867613722,0.178500912901,7206.330224215247,0.025,1556359,1966
76802477.0,0.004412123322532935,77141339.0,1556000,Top5 vs Bottom5,26341.078743068392,-0.10925952852299403,23463.064898813678,6864.296711372405,0.048995830046389965,7200.618626430802,0.025,1556445,1966
80318252.33,0.016696076310155572,81659252.0,1576951,Top5 vs Bottom5,22023.31062001228,0.2313616904277338,27118.66099387338,5909.3956554307115,0.1518866664710976,6806.95406239287,0.025,1576418,1968
67968812.0,-0.011407496720701849,67193458.0,1587592,Top5 vs Bottom5,20945.324197860962,0.007500635525532928,21102.427440633244,6376.781026979983,-0.052805364466111504,6040.05278072972,0.025,1587661,1969
84761262.0,0.005855351705358114,85257569.0,1587806,Top5 vs Bottom5,21340.827259111335,0.3049315220750868,27848.318197573655,5646.794938165085,0.27432815183771186,7195.8697573584595,0.025,1587662,1969
77560113.89,-0.001711089931974774,77427401.56,1587882,Top5 vs Bottom5,19778.2747318236,0.25184554489262,24759.345108695652,6910.624219725343,0.015031341522112829,7014.500172503019,0.025,1587665,1969
67903072.78,0.014011969430052673,68854528.56,1598639,Top5 vs Bottom5,21405.23964021844,0.02311791148449771,21900.084075525472,5801.734748453953,0.1208237715374818,6502.722222222223,0.025,1598683,1970
83731134.67,-0.00041005332288068796,83696800.44,1598746,Top5 vs Bottom5,21962.314660309894,0.103828359910348,24242.625771324863,7157.865041423674,0.006153059259028426,7201.907809191681,0.025,1598731,1970
75856299.89,-0.015680788039027616,74666813.33,1610545,Top5 vs Bottom5,20761.47129186603,0.15199183552775852,23917.04542177361,6087.62287197496,0.1803815318849311,7185.717611159546,0.025,1610179,1971
72193359.78,-0.009789835410815684,71486598.67,1610167,Top5 vs Bottom5,21794.91405135521,0.08460275830804043,23638.823897186525,6377.262167959083,0.08969024797551794,6949.240393208222,0.025,1610307,1971
88619688.11,0.0010498620790058144,88712726.56,1610751,Top5 vs Bottom5,21776.561194818925,0.30234291444316375,28360.550173010382,6775.933693972179,0.1403066704248801,7726.642389593173,0.025,1610349,1971
76156555.5203252,-0.0025486710474750263,75962457.51219513,1620217,Top5 vs Bottom5,22467.32206423618,0.06954786714044725,24029.876394161318,6670.256253322487,-0.013240251411146708,6581.940383551724,0.025,1619951,1972
64486281.0,0.002229687711292838,64630065.26829268,1620689,Top5 vs Bottom5,21892.720658888127,0.19610892342297692,26186.078538102644,7233.870588235294,-0.23494598045658965,5534.301770386266,0.025,1620716,1972
79357153.0,0.014966363523651216,80544841.0,1632637,Top5 vs Bottom5,20431.77973568282,0.16567012240494972,23816.715185444365,6210.029541446208,0.16243334535904208,7218.745414641793,0.025,1632248,1973
76177079.12820514,0.01854203058103643,77589556.85897435,1642898,Top5 vs Bottom5,23202.632403515476,0.07353679392638779,24908.87960112252,6687.2043076313075,0.03907448292661608,6948.503358176641,0.025,1642382,1974
74732842.6025641,0.0080348643982886,75333310.85897435,1643144,Top5 vs Bottom5,22528.989088575097,0.04159262687556309,23466.028925619834,5787.971040663457,0.0740715670055021,6216.695125427866,0.025,1642849,1974
65678479.0,-0.005396272955711989,65324060.0,1643370,Top5 vs Bottom5,20624.943327817793,0.010387154144927857,20839.177793394236,6021.9898048866235,0.010453153304094132,6084.938587512795,0.025,1642989,1974
94420125.0,0.016744950613018172,96001185.33,1521601,Top5 vs Bottom5,20672.04718417047,0.48860727023823713,30772.55972906404,6671.25225923057,0.08783780938865093,7257.240443560472,0.05,1521559,1963
90902550.0,0.01980008503611841,92702428.22,1521546,Top5 vs Bottom5,24083.02002002002,0.17540637598694797,28307.335284552846,6196.395624430264,0.2996855126404232,8053.365623660523,0.05,1521566,1963
89973589.0,-0.04350013202207592,86059726.0,1521830,Top5 vs Bottom5,23812.21052631579,0.00888682052837586,24023.82536764706,6374.76303871439,0.054246672524022266,6720.572721693771,0.05,1521803,1963
87270725.0,0.0028964428793274433,87523499.67,1535792,Top5 vs Bottom5,20830.149418926398,0.3154358081893789,27400.724435590968,6666.290412876137,0.08274544526238503,7217.895581337942,0.05,1535229,1964
82509674.0,0.0006509863316148667,82563386.67,1535002,Top5 vs Bottom5,25174.705450091857,0.1805169873458159,29719.16743526073,6225.2140938536895,0.019017887621168406,6343.604515908313,0.05,1535355,1964
82200460.0,-0.007944006639378887,81547459.0,1535401,Top5 vs Bottom5,23164.282716049383,0.13511814919362397,26294.19772403983,6532.117250880147,0.0929285842698444,7139.137659289067,0.05,1536007,1964
87344544.22,0.019198310380742045,89021411.89,1546632,Top5 vs Bottom5,31122.66235534377,-0.10901852605235407,27729.715578539108,6458.844043379734,0.11548681126062244,7204.755346379325,0.05,1546627,1965
82143631.0,0.0343497233522585,84965242.0,1546623,Top5 vs Bottom5,20477.165254237287,0.2623316381728267,25848.97356051704,6659.288856937455,0.02910997871910115,6853.140613847252,0.05,1546629,1965
76315064.67,0.004820393739961126,76682933.33,1546744,Top5 vs Bottom5,22323.57050492611,-0.09862289094371024,20121.955445544554,6276.999505113824,0.11776383054585615,7016.203011170471,0.05,1546653,1965
73403466.0,-0.012977003020538613,72450909.0,1546651,Top5 vs Bottom5,21700.81577110956,0.07049406026901339,23230.594385964912,6406.96185026228,0.05869534784386499,6783.020704685798,0.05,1546676,1965
87594241.0,0.003754048168532087,87923074.0,1556296,Top5 vs Bottom5,23362.020384047268,0.21156431057169933,28304.590120160214,6494.483137365345,0.1449588946053637,7435.916233991,0.05,1556107,1966
81984759.0,-0.0007427600049418892,81923864.0,1556078,Top5 vs Bottom5,22191.43346434587,0.21544906580760137,26972.55707317073,6114.827867613722,0.178500912901,7206.330224215247,0.05,1556359,1966
76802477.0,0.004412123322532935,77141339.0,1556000,Top5 vs Bottom5,26341.078743068392,-0.10925952852299403,23463.064898813678,6864.296711372405,0.048995830046389965,7200.618626430802,0.05,1556445,1966
80318252.33,0.016696076310155572,81659252.0,1576951,Top5 vs Bottom5,22023.31062001228,0.2313616904277338,27118.66099387338,5909.3956554307115,0.1518866664710976,6806.95406239287,0.05,1576418,1968
67968812.0,-0.011407496720701849,67193458.0,1587592,Top5 vs Bottom5,20945.324197860962,0.007500635525532928,21102.427440633244,6376.781026979983,-0.052805364466111504,6040.05278072972,0.05,1587661,1969
84761262.0,0.005855351705358114,85257569.0,1587806,Top5 vs Bottom5,21340.827259111335,0.3049315220750868,27848.318197573655,5646.794938165085,0.27432815183771186,7195.8697573584595,0.05,1587662,1969
77560113.89,-0.001711089931974774,77427401.56,1587882,Top5 vs Bottom5,19778.2747318236,0.25184554489262,24759.345108695652,6910.624219725343,0.015031341522112829,7014.500172503019,0.05,1587665,1969
67903072.78,0.014011969430052673,68854528.56,1598639,Top5 vs Bottom5,21405.23964021844,0.02311791148449771,21900.084075525472,5801.734748453953,0.1208237715374818,6502.722222222223,0.05,1598683,1970
83731134.67,0.014426573039536317,84939088.0,1598746,Top5 vs Bottom5,21962.314660309894,0.27692255320772063,28044.174910394264,7157.865041423674,0.10590804952020316,7915.940566689703,0.05,1598686,1970
80875010.33,0.03489075424517485,83696800.44,1599091,Top5 vs Bottom5,20272.26050420168,0.19585212346202208,24242.625771324863,6396.441778954747,0.125924077490557,7201.907809191681,0.05,1598731,1970
75856299.89,-0.015680788039027616,74666813.33,1610545,Top5 vs Bottom5,20761.47129186603,0.15199183552775852,23917.04542177361,6087.62287197496,0.1803815318849311,7185.717611159546,0.05,1610179,1971
72193359.78,-0.009789835410815684,71486598.67,1610167,Top5 vs Bottom5,21794.91405135521,0.08460275830804043,23638.823897186525,6377.262167959083,0.08969024797551794,6949.240393208222,0.05,1610307,1971
88619688.11,0.0010498620790058144,88712726.56,1610751,Top5 vs Bottom5,21776.561194818925,0.30234291444316375,28360.550173010382,6775.933693972179,0.1403066704248801,7726.642389593173,0.05,1610349,1971
76156555.5203252,-0.0025486710474750263,75962457.51219513,1620217,Top5 vs Bottom5,22467.32206423618,0.06954786714044725,24029.876394161318,6670.256253322487,-0.013240251411146708,6581.940383551724,0.05,1619951,1972
79961118.84552845,0.028575414994950643,82246041.0,1620784,Top5 vs Bottom5,23290.38170525127,0.2693151014507287,29562.833217027215,6048.516571047262,0.0844752478621491,6559.466507584796,0.05,1620500,1972
64486281.0,0.002229687711292838,64630065.26829268,1620689,Top5 vs Bottom5,21892.720658888127,0.19610892342297692,26186.078538102644,7233.870588235294,-0.23494598045658965,5534.301770386266,0.05,1620716,1972
73954930.29268293,-0.041320697357012826,70899061.0,1620662,Top5 vs Bottom5,20162.168635170605,0.13442852997192767,22872.539325842696,6050.60983396625,0.07015581069685273,6475.095272078502,0.05,1620812,1972
86098770.02564102,-0.04341485975383652,82360804.0,1632746,Top5 vs Bottom5,20786.126613578148,0.16115298184929538,24135.87289845326,6130.4267705820275,0.18721171615725885,7278.114487079091,0.05,1632145,1973
79357153.0,0.014966363523651216,80544841.0,1632637,Top5 vs Bottom5,20431.77973568282,0.16567012240494972,23816.715185444365,6210.029541446208,0.16243334535904208,7218.745414641793,0.05,1632248,1973
74039484.0,0.04022392191545965,77017642.42307693,1632477,Top5 vs Bottom5,21537.352252779405,0.1057675967290379,23815.30624046261,5713.081018873715,0.16739331625751386,6669.4125966708425,0.05,1632433,1973
62870081.0,0.05060895340662919,66051870.0,1632160,Top5 vs Bottom5,20937.5552407932,-0.04404423360420939,20015.376666666667,6369.526295658826,-0.014558539393232373,6276.795296167247,0.05,1632488,1973
76177079.12820514,0.01854203058103643,77589556.85897435,1642898,Top5 vs Bottom5,23202.632403515476,0.07353679392638779,24908.87960112252,6687.2043076313075,0.03907448292661608,6948.503358176641,0.05,1642382,1974
74732842.6025641,0.0080348643982886,75333310.85897435,1643144,Top5 vs Bottom5,22528.989088575097,0.04159262687556309,23466.028925619834,5787.971040663457,0.0740715670055021,6216.695125427866,0.05,1642849,1974
65678479.0,-0.005396272955711989,65324060.0,1643370,Top5 vs Bottom5,20624.943327817793,0.010387154144927857,20839.177793394236,6021.9898048866235,0.010453153304094132,6084.938587512795,0.05,1642989,1974
77171469.0,0.007609136221055968,77758677.22,1535744,Top8 vs Bottom8,25945.94540942928,-0.1864290892439059,21108.86643717728,5472.398738493011,0.44132790101786945,7887.520987284967,0.01,1535001,1964
87270725.0,0.0028964428793274433,87523499.67,1535792,Top8 vs Bottom8,20830.149418926398,0.3154358081893789,27400.724435590968,6666.290412876137,0.08274544526238503,7217.895581337942,0.01,1535229,1964
82509674.0,0.0006509863316148667,82563386.67,1535002,Top8 vs Bottom8,25174.705450091857,0.1805169873458159,29719.16743526073,6225.2140938536895,0.019017887621168406,6343.604515908313,0.01,1535355,1964
93378669.11,-0.0038698036012305703,93017312.0,1536469,Top8 vs Bottom8,25093.795644391408,-0.12398685613652383,21982.494813910922,7729.298598949212,-0.002066888394036237,7713.323001381003,0.01,1535938,1964
82200460.0,-0.007944006639378887,81547459.0,1535401,Top8 vs Bottom8,23164.282716049383,0.13511814919362397,26294.19772403983,6532.117250880147,0.0929285842698444,7139.137659289067,0.01,1536007,1964
85193799.0,-0.0026827891546425953,84965242.0,1546646,Top8 vs Bottom8,22898.42478462558,0.1288537881379732,25848.97356051704,7772.463406839246,-0.1182794623623511,6853.140613847252,0.01,1546629,1965
76315064.67,0.004820393739961126,76682933.33,1546744,Top8 vs Bottom8,22323.57050492611,-0.09862289094371024,20121.955445544554,6276.999505113824,0.11776383054585615,7016.203011170471,0.01,1546653,1965
71731445.89,0.010029954102741767,72450909.0,1546761,Top8 vs Bottom8,23584.930413917216,-0.01502383181691369,23230.594385964912,6221.490442496568,0.0902565498379031,6783.020704685798,0.01,1546676,1965
87594241.0,0.003754048168532087,87923074.0,1556296,Top8 vs Bottom8,23362.020384047268,0.21156431057169933,28304.590120160214,6494.483137365345,0.1449588946053637,7435.916233991,0.01,1556107,1966
81984759.0,-0.0007427600049418892,81923864.0,1556078,Top8 vs Bottom8,22191.43346434587,0.21544906580760137,26972.55707317073,6114.827867613722,0.178500912901,7206.330224215247,0.01,1556359,1966
76802477.0,0.004412123322532935,77141339.0,1556000,Top8 vs Bottom8,26341.078743068392,-0.10925952852299403,23463.064898813678,6864.296711372405,0.048995830046389965,7200.618626430802,0.01,1556445,1966
80314347.0,-0.002716127418678993,80096203.0,1556228,Top8 vs Bottom8,23131.361169102296,-0.0641424662417256,21647.65861618799,7024.24513012311,0.04028300007160013,7307.202797202797,0.01,1556593,1966
82838673.0,0.006287003173022887,83359480.0,1566368,Top8 vs Bottom8,21379.31420911528,0.1374132367816454,24317.114974761636,6574.7899005355775,-0.033493483488994835,6354.577283558379,0.01,1566431,1967
76427696.56,-0.004748491009605282,76064780.33,1576634,Top8 vs Bottom8,22898.020428500247,0.10289572902411992,25254.12893369997,6057.732312666413,0.04762191748817113,6346.213141025641,0.01,1576410,1968
90129473.33,-0.008633773295788072,89351315.89,1576610,Top8 vs Bottom8,23317.175490779297,0.24455180146094313,29019.432762030323,8164.562769843906,-0.16233598443007324,6839.16043516017,0.01,1576552,1968
84761262.0,0.005855351705358114,85257569.0,1587806,Top8 vs Bottom8,21340.827259111335,0.3049315220750868,27848.318197573655,5646.794938165085,0.27432815183771186,7195.8697573584595,0.01,1587662,1969
77560113.89,-0.001711089931974774,77427401.56,1587882,Top8 vs Bottom8,19778.2747318236,0.25184554489262,24759.345108695652,6910.624219725343,0.015031341522112829,7014.500172503019,0.01,1587665,1969
77605329.0,0.007165074965405971,78161377.0,1598697,Top8 vs Bottom8,19502.643125,0.19453928180809643,23296.673311897106,6396.18319579895,0.14080791080719157,7296.816388739466,0.01,1598701,1970
83731134.67,-0.00041005332288068796,83696800.44,1598746,Top8 vs Bottom8,21962.314660309894,0.103828359910348,24242.625771324863,7157.865041423674,0.006153059259028426,7201.907809191681,0.01,1598731,1970
72193359.78,0.0065106526615792415,72663385.67,1610167,Top8 vs Bottom8,21794.91405135521,0.057048852880941636,23038.288896623737,6377.262167959083,0.03778635635232863,6618.235668789809,0.01,1610170,1971
74067536.0,0.00809095809532523,74666813.33,1610732,Top8 vs Bottom8,23310.74726775956,0.026009383013328113,23917.04542177361,6914.924168975069,0.03916072476968524,7185.717611159546,0.01,1610179,1971
88619688.11,0.0010498620790058144,88712726.56,1610751,Top8 vs Bottom8,21776.561194818925,0.30234291444316375,28360.550173010382,6775.933693972179,0.1403066704248801,7726.642389593173,0.01,1610349,1971
76156555.5203252,-0.0025486710474750263,75962457.51219513,1620217,Top8 vs Bottom8,22467.32206423618,0.06954786714044725,24029.876394161318,6670.256253322487,-0.013240251411146708,6581.940383551724,0.01,1619951,1972
83660008.66666667,0.004701738452383308,84053356.14634146,1619973,Top8 vs Bottom8,27457.22263982103,-0.11493819480511858,24301.33903523777,7059.526697786767,0.06635253244814643,7527.94417207022,0.01,1620470,1972
64486281.0,0.002229687711292838,64630065.26829268,1620689,Top8 vs Bottom8,21892.720658888127,0.19610892342297692,26186.078538102644,7233.870588235294,-0.23494598045658965,5534.301770386266,0.01,1620716,1972
68835189.0,-0.0006389537188602468,68791206.5,1632644,Top8 vs Bottom8,20578.09573724668,0.08142566880703828,22253.680945427255,5955.236468097974,0.09794356544998162,6538.513560881244,0.01,1632158,1973
75557079.18589744,-0.002961579898721811,75333310.85897435,1643387,Top8 vs Bottom8,21276.506188925083,0.10290800177683534,23466.028925619834,6856.834247017091,-0.09335782352733746,6216.695125427866,0.01,1642849,1974
65678479.0,-0.005396272955711989,65324060.0,1643370,Top8 vs Bottom8,20624.943327817793,0.010387154144927857,20839.177793394236,6021.9898048866235,0.010453153304094132,6084.938587512795,0.01,1642989,1974
94420125.0,0.016744950613018172,96001185.33,1521601,Top8 vs Bottom8,20672.04718417047,0.48860727023823713,30772.55972906404,6671.25225923057,0.08783780938865093,7257.240443560472,0.025,1521559,1963
90902550.0,0.01980008503611841,92702428.22,1521546,Top8 vs Bottom8,24083.02002002002,0.17540637598694797,28307.335284552846,6196.395624430264,0.2996855126404232,8053.365623660523,0.025,1521566,1963
77171469.0,0.007609136221055968,77758677.22,1535744,Top8 vs Bottom8,25945.94540942928,-0.1864290892439059,21108.86643717728,5472.398738493011,0.44132790101786945,7887.520987284967,0.025,1535001,1964
87270725.0,0.0028964428793274433,87523499.67,1535792,Top8 vs Bottom8,20830.149418926398,0.3154358081893789,27400.724435590968,6666.290412876137,0.08274544526238503,7217.895581337942,0.025,1535229,1964
82509674.0,0.0006509863316148667,82563386.67,1535002,Top8 vs Bottom8,25174.705450091857,0.1805169873458159,29719.16743526073,6225.2140938536895,0.019017887621168406,6343.604515908313,0.025,1535355,1964
93378669.11,-0.0038698036012305703,93017312.0,1536469,Top8 vs Bottom8,25093.795644391408,-0.12398685613652383,21982.494813910922,7729.298598949212,-0.002066888394036237,7713.323001381003,0.025,1535938,1964
82200460.0,-0.007944006639378887,81547459.0,1535401,Top8 vs Bottom8,23164.282716049383,0.13511814919362397,26294.19772403983,6532.117250880147,0.0929285842698444,7139.137659289067,0.025,1536007,1964
80214125.78,0.013507598686192335,81297626.0,1535849,Top8 vs Bottom8,22447.68918073796,0.03234404981552341,23173.738357843136,7688.53742354499,-0.05054642245149088,7299.909362900387,0.025,1536056,1964
87344544.22,0.019198310380742045,89021411.89,1546632,Top8 vs Bottom8,31122.66235534377,-0.10901852605235407,27729.715578539108,6458.844043379734,0.11548681126062244,7204.755346379325,0.025,1546627,1965
85193799.0,-0.0026827891546425953,84965242.0,1546646,Top8 vs Bottom8,22898.42478462558,0.1288537881379732,25848.97356051704,7772.463406839246,-0.1182794623623511,6853.140613847252,0.025,1546629,1965
76315064.67,0.004820393739961126,76682933.33,1546744,Top8 vs Bottom8,22323.57050492611,-0.09862289094371024,20121.955445544554,6276.999505113824,0.11776383054585615,7016.203011170471,0.025,1546653,1965
71731445.89,0.010029954102741767,72450909.0,1546761,Top8 vs Bottom8,23584.930413917216,-0.01502383181691369,23230.594385964912,6221.490442496568,0.0902565498379031,6783.020704685798,0.025,1546676,1965
87594241.0,0.003754048168532087,87923074.0,1556296,Top8 vs Bottom8,23362.020384047268,0.21156431057169933,28304.590120160214,6494.483137365345,0.1449588946053637,7435.916233991,0.025,1556107,1966
84860299.0,-0.020857268014104036,83090345.0,1556580,Top8 vs Bottom8,22460.028413028413,0.21924342676601127,27384.242007562738,6244.281448538754,0.011974845870089013,6319.0557564544615,0.025,1556209,1966
81984759.0,-0.0007427600049418892,81923864.0,1556078,Top8 vs Bottom8,22191.43346434587,0.21544906580760137,26972.55707317073,6114.827867613722,0.178500912901,7206.330224215247,0.025,1556359,1966
76802477.0,0.004412123322532935,77141339.0,1556000,Top8 vs Bottom8,26341.078743068392,-0.10925952852299403,23463.064898813678,6864.296711372405,0.048995830046389965,7200.618626430802,0.025,1556445,1966
80314347.0,-0.002716127418678993,80096203.0,1556228,Top8 vs Bottom8,23131.361169102296,-0.0641424662417256,21647.65861618799,7024.24513012311,0.04028300007160013,7307.202797202797,0.025,1556593,1966
72079975.0,-0.01476029923706268,71016053.0,1566706,Top8 vs Bottom8,22996.75957727873,0.06252222756487247,24434.56821282401,5968.936793422405,0.07883431259706875,6439.493822467211,0.025,1566425,1967
82838673.0,0.006287003173022887,83359480.0,1566368,Top8 vs Bottom8,21379.31420911528,0.1374132367816454,24317.114974761636,6574.7899005355775,-0.033493483488994835,6354.577283558379,0.025,1566431,1967
80318252.33,-0.015959303057708873,79036429.0,1576951,Top8 vs Bottom8,22023.31062001228,0.24546870831693046,27429.34423076923,5909.3956554307115,0.0570296741096743,6246.40656384505,0.025,1576335,1968
76427696.56,-0.004748491009605282,76064780.33,1576634,Top8 vs Bottom8,22898.020428500247,0.10289572902411992,25254.12893369997,6057.732312666413,0.04762191748817113,6346.213141025641,0.025,1576410,1968
83362350.0,-0.02043006225232369,81659252.0,1576323,Top8 vs Bottom8,24030.0354071826,0.1285318783079108,27118.66099387338,5559.772057683362,0.22432250670887788,6806.95406239287,0.025,1576418,1968
90129473.33,-0.008633773295788072,89351315.89,1576610,Top8 vs Bottom8,23317.175490779297,0.24455180146094313,29019.432762030323,8164.562769843906,-0.16233598443007324,6839.16043516017,0.025,1576552,1968
67968812.0,-0.011407496720701849,67193458.0,1587592,Top8 vs Bottom8,20945.324197860962,0.007500635525532928,21102.427440633244,6376.781026979983,-0.052805364466111504,6040.05278072972,0.025,1587661,1969
84761262.0,0.005855351705358114,85257569.0,1587806,Top8 vs Bottom8,21340.827259111335,0.3049315220750868,27848.318197573655,5646.794938165085,0.27432815183771186,7195.8697573584595,0.025,1587662,1969
77560113.89,-0.001711089931974774,77427401.56,1587882,Top8 vs Bottom8,19778.2747318236,0.25184554489262,24759.345108695652,6910.624219725343,0.015031341522112829,7014.500172503019,0.025,1587665,1969
80875010.33,0.021948981555079072,82650134.44,1599091,Top8 vs Bottom8,20272.26050420168,0.18687482541479916,24060.635646687697,6396.441778954747,0.2877790394366897,8237.203649915054,0.025,1598641,1970
67903072.78,0.014011969430052673,68854528.56,1598639,Top8 vs Bottom8,21405.23964021844,0.02311791148449771,21900.084075525472,5801.734748453953,0.1208237715374818,6502.722222222223,0.025,1598683,1970
77605329.0,0.007165074965405971,78161377.0,1598697,Top8 vs Bottom8,19502.643125,0.19453928180809643,23296.673311897106,6396.18319579895,0.14080791080719157,7296.816388739466,0.025,1598701,1970
83731134.67,-0.00041005332288068796,83696800.44,1598746,Top8 vs Bottom8,21962.314660309894,0.103828359910348,24242.625771324863,7157.865041423674,0.006153059259028426,7201.907809191681,0.025,1598731,1970
74067536.0,-0.018957702737674387,72663385.67,1610732,Top8 vs Bottom8,23310.74726775956,-0.011688101115173377,23038.288896623737,6914.924168975069,-0.04290553199648972,6618.235668789809,0.025,1610170,1971
75856299.89,-0.015680788039027616,74666813.33,1610545,Top8 vs Bottom8,20761.47129186603,0.15199183552775852,23917.04542177361,6087.62287197496,0.1803815318849311,7185.717611159546,0.025,1610179,1971
72193359.78,-0.009789835410815684,71486598.67,1610167,Top8 vs Bottom8,21794.91405135521,0.08460275830804043,23638.823897186525,6377.262167959083,0.08969024797551794,6949.240393208222,0.025,1610307,1971
88619688.11,0.0010498620790058144,88712726.56,1610751,Top8 vs Bottom8,21776.561194818925,0.30234291444316375,28360.550173010382,6775.933693972179,0.1403066704248801,7726.642389593173,0.025,1610349,1971
78871529.33,-0.01924364016893343,77353754.0,1610310,Top8 vs Bottom8,23722.571348314606,0.020788363962946033,24215.724795640326,6101.54346565012,0.23162979221141455,7514.842710767572,0.025,1610446,1971
76156555.5203252,-0.0025486710474750263,75962457.51219513,1620217,Top8 vs Bottom8,22467.32206423618,0.06954786714044725,24029.876394161318,6670.256253322487,-0.013240251411146708,6581.940383551724,0.025,1619951,1972
83660008.66666667,0.004701738452383308,84053356.14634146,1619973,Top8 vs Bottom8,27457.22263982103,-0.11493819480511858,24301.33903523777,7059.526697786767,0.06635253244814643,7527.94417207022,0.025,1620470,1972
73954930.29268293,0.02062369204163761,75480154.0,1620662,Top8 vs Bottom8,20162.168635170605,0.16641818554295695,23517.520156046816,6050.60983396625,0.08011640237167228,6535.362926018288,0.025,1620489,1972
64486281.0,0.002229687711292838,64630065.26829268,1620689,Top8 vs Bottom8,21892.720658888127,0.19610892342297692,26186.078538102644,7233.870588235294,-0.23494598045658965,5534.301770386266,0.025,1620716,1972
68835189.0,-0.0006389537188602468,68791206.5,1632644,Top8 vs Bottom8,20578.09573724668,0.08142566880703828,22253.680945427255,5955.236468097974,0.09794356544998162,6538.513560881244,0.025,1632158,1973
79357153.0,0.014966363523651216,80544841.0,1632637,Top8 vs Bottom8,20431.77973568282,0.16567012240494972,23816.715185444365,6210.029541446208,0.16243334535904208,7218.745414641793,0.025,1632248,1973
75885708.67307693,0.014916296754590164,77017642.42307693,1632135,Top8 vs Bottom8,21192.863261601564,0.12374179677800012,23815.30624046261,6781.308590967375,-0.016500649217700558,6669.4125966708425,0.025,1632433,1973
74039484.0,-0.01406272631505645,72998287.0,1632477,Top8 vs Bottom8,21537.352252779405,-0.010737618011759653,21306.092391304348,5713.081018873715,0.11739783474103116,6383.784360189574,0.025,1632786,1973
76763746.98076923,0.010757810954850955,77589556.85897435,1642413,Top8 vs Bottom8,25580.43727130162,-0.026252783056703755,24908.87960112252,6685.913980236513,0.03927501590901983,6948.503358176641,0.025,1642382,1974
75557079.18589744,-0.002961579898721811,75333310.85897435,1643387,Top8 vs Bottom8,21276.506188925083,0.10290800177683534,23466.028925619834,6856.834247017091,-0.09335782352733746,6216.695125427866,0.025,1642849,1974
65678479.0,-0.005396272955711989,65324060.0,1643370,Top8 vs Bottom8,20624.943327817793,0.010387154144927857,20839.177793394236,6021.9898048866235,0.010453153304094132,6084.938587512795,0.025,1642989,1974
73991016.0,0.0495365590060286,77656276.33,1521540,Top8 vs Bottom8,21731.077142857142,0.2702497237195314,27603.894736842107,6975.427953641239,0.006350718089486174,7019.726930128336,0.05,1521558,1963
94420125.0,0.016744950613018172,96001185.33,1521601,Top8 vs Bottom8,20672.04718417047,0.48860727023823713,30772.55972906404,6671.25225923057,0.08783780938865093,7257.240443560472,0.05,1521559,1963
90902550.0,0.01980008503611841,92702428.22,1521546,Top8 vs Bottom8,24083.02002002002,0.17540637598694797,28307.335284552846,6196.395624430264,0.2996855126404232,8053.365623660523,0.05,1521566,1963
80846404.0,-0.028147122907284827,78570810.33,1521834,Top8 vs Bottom8,20641.891727493916,0.17732654142475446,24302.24699599466,7157.152828685259,-0.02321864687005626,6990.973424560992,0.05,1521600,1963
89973589.0,-0.04350013202207592,86059726.0,1521830,Top8 vs Bottom8,23812.21052631579,0.00888682052837586,24023.82536764706,6374.76303871439,0.054246672524022266,6720.572721693771,0.05,1521803,1963
77171469.0,0.007609136221055968,77758677.22,1535744,Top8 vs Bottom8,25945.94540942928,-0.1864290892439059,21108.86643717728,5472.398738493011,0.44132790101786945,7887.520987284967,0.05,1535001,1964
87270725.0,0.0028964428793274433,87523499.67,1535792,Top8 vs Bottom8,20830.149418926398,0.3154358081893789,27400.724435590968,6666.290412876137,0.08274544526238503,7217.895581337942,0.05,1535229,1964
82509674.0,0.0006509863316148667,82563386.67,1535002,Top8 vs Bottom8,25174.705450091857,0.1805169873458159,29719.16743526073,6225.2140938536895,0.019017887621168406,6343.604515908313,0.05,1535355,1964
93378669.11,-0.0038698036012305703,93017312.0,1536469,Top8 vs Bottom8,25093.795644391408,-0.12398685613652383,21982.494813910922,7729.298598949212,-0.002066888394036237,7713.323001381003,0.05,1535938,1964
82200460.0,-0.007944006639378887,81547459.0,1535401,Top8 vs Bottom8,23164.282716049383,0.13511814919362397,26294.19772403983,6532.117250880147,0.0929285842698444,7139.137659289067,0.05,1536007,1964
80214125.78,0.013507598686192335,81297626.0,1535849,Top8 vs Bottom8,22447.68918073796,0.03234404981552341,23173.738357843136,7688.53742354499,-0.05054642245149088,7299.909362900387,0.05,1536056,1964
87344544.22,0.019198310380742045,89021411.89,1546632,Top8 vs Bottom8,31122.66235534377,-0.10901852605235407,27729.715578539108,6458.844043379734,0.11548681126062244,7204.755346379325,0.05,1546627,1965
85193799.0,-0.0026827891546425953,84965242.0,1546646,Top8 vs Bottom8,22898.42478462558,0.1288537881379732,25848.97356051704,7772.463406839246,-0.1182794623623511,6853.140613847252,0.05,1546629,1965
76315064.67,0.013333649580199003,77332623.0,1546744,Top8 vs Bottom8,22323.57050492611,0.12304747748014444,25070.42954390742,6276.999505113824,0.13851875624086984,7146.481669486746,0.05,1546649,1965
73403466.0,0.04467728172399932,76682933.33,1546651,Top8 vs Bottom8,21700.81577110956,-0.07275580522954128,20121.955445544554,6406.96185026228,0.095090492989786,7016.203011170471,0.05,1546653,1965
82143631.0,-0.04648418950460076,78325250.89,1546623,Top8 vs Bottom8,20477.165254237287,0.20604339460126875,24696.34989503149,6659.288856937455,0.11741473342786168,7441.187482893896,0.05,1546668,1965
71731445.89,0.010029954102741767,72450909.0,1546761,Top8 vs Bottom8,23584.930413917216,-0.01502383181691369,23230.594385964912,6221.490442496568,0.0902565498379031,6783.020704685798,0.05,1546676,1965
80911276.0,-0.03778718061497388,77853867.0,1546722,Top8 vs Bottom8,23412.939204545455,0.02441936427214353,23984.6682956628,6137.799609311412,-0.06923075674982282,5712.875097580016,0.05,1546695,1965
87594241.0,0.003754048168532087,87923074.0,1556296,Top8 vs Bottom8,23362.020384047268,0.21156431057169933,28304.590120160214,6494.483137365345,0.1449588946053637,7435.916233991,0.05,1556107,1966
84860299.0,-0.020857268014104036,83090345.0,1556580,Top8 vs Bottom8,22460.028413028413,0.21924342676601127,27384.242007562738,6244.281448538754,0.011974845870089013,6319.0557564544615,0.05,1556209,1966
72927339.0,0.03097011396507976,75185907.0,1556099,Top8 vs Bottom8,22700.676215856096,-0.06469050550502642,21232.157996146434,6019.199658147485,0.13989657003933642,6861.265044704264,0.05,1556350,1966
81984759.0,-0.0007427600049418892,81923864.0,1556078,Top8 vs Bottom8,22191.43346434587,0.21544906580760137,26972.55707317073,6114.827867613722,0.178500912901,7206.330224215247,0.05,1556359,1966
76802477.0,0.004412123322532935,77141339.0,1556000,Top8 vs Bottom8,26341.078743068392,-0.10925952852299403,23463.064898813678,6864.296711372405,0.048995830046389965,7200.618626430802,0.05,1556445,1966
80314347.0,-0.002716127418678993,80096203.0,1556228,Top8 vs Bottom8,23131.361169102296,-0.0641424662417256,21647.65861618799,7024.24513012311,0.04028300007160013,7307.202797202797,0.05,1556593,1966
72079975.0,-0.01476029923706268,71016053.0,1566706,Top8 vs Bottom8,22996.75957727873,0.06252222756487247,24434.56821282401,5968.936793422405,0.07883431259706875,6439.493822467211,0.05,1566425,1967
82838673.0,0.006287003173022887,83359480.0,1566368,Top8 vs Bottom8,21379.31420911528,0.1374132367816454,24317.114974761636,6574.7899005355775,-0.033493483488994835,6354.577283558379,0.05,1566431,1967
79510038.0,0.04944140512170292,83441126.0,1566680,Top8 vs Bottom8,25030.611371237457,-0.0716753027010486,23236.534724411704,6176.882007631347,0.11282406133838951,6873.78292214034,0.05,1566558,1967
80318252.33,-0.015959303057708873,79036429.0,1576951,Top8 vs Bottom8,22023.31062001228,0.24546870831693046,27429.34423076923,5909.3956554307115,0.0570296741096743,6246.40656384505,0.05,1576335,1968
70129829.33,-0.032903025318113954,67822345.78,1577069,Top8 vs Bottom8,23271.660593068955,0.038090734500067835,24158.095238095237,6497.134608133585,-0.038256579972527405,6248.576458405247,0.05,1576360,1968
76427696.56,-0.004748491009605282,76064780.33,1576634,Top8 vs Bottom8,22898.020428500247,0.10289572902411992,25254.12893369997,6057.732312666413,0.04762191748817113,6346.213141025641,0.05,1576410,1968
83362350.0,-0.02043006225232369,81659252.0,1576323,Top8 vs Bottom8,24030.0354071826,0.1285318783079108,27118.66099387338,5559.772057683362,0.22432250670887788,6806.95406239287,0.05,1576418,1968
90129473.33,-0.008633773295788072,89351315.89,1576610,Top8 vs Bottom8,23317.175490779297,0.24455180146094313,29019.432762030323,8164.562769843906,-0.16233598443007324,6839.16043516017,0.05,1576552,1968
67968812.0,-0.011407496720701849,67193458.0,1587592,Top8 vs Bottom8,20945.324197860962,0.007500635525532928,21102.427440633244,6376.781026979983,-0.052805364466111504,6040.05278072972,0.05,1587661,1969
84761262.0,0.005855351705358114,85257569.0,1587806,Top8 vs Bottom8,21340.827259111335,0.3049315220750868,27848.318197573655,5646.794938165085,0.27432815183771186,7195.8697573584595,0.05,1587662,1969
77560113.89,-0.001711089931974774,77427401.56,1587882,Top8 vs Bottom8,19778.2747318236,0.25184554489262,24759.345108695652,6910.624219725343,0.015031341522112829,7014.500172503019,0.05,1587665,1969
79361769.0,0.0414351328282514,82650134.44,1598713,Top8 vs Bottom8,23850.91238877481,0.008793091622423255,24060.635646687697,7577.1210212765955,0.08711522843372088,8237.203649915054,0.05,1598641,1970
67903072.78,0.014011969430052673,68854528.56,1598639,Top8 vs Bottom8,21405.23964021844,0.02311791148449771,21900.084075525472,5801.734748453953,0.1208237715374818,6502.722222222223,0.05,1598683,1970
83731134.67,0.014426573039536317,84939088.0,1598746,Top8 vs Bottom8,21962.314660309894,0.27692255320772063,28044.174910394264,7157.865041423674,0.10590804952020316,7915.940566689703,0.05,1598686,1970
77605329.0,0.007165074965405971,78161377.0,1598697,Top8 vs Bottom8,19502.643125,0.19453928180809643,23296.673311897106,6396.18319579895,0.14080791080719157,7296.816388739466,0.05,1598701,1970
80875010.33,0.03489075424517485,83696800.44,1599091,Top8 vs Bottom8,20272.26050420168,0.19585212346202208,24242.625771324863,6396.441778954747,0.125924077490557,7201.907809191681,0.05,1598731,1970
74563134.0,-0.03324283552780927,72084444.0,1598865,Top8 vs Bottom8,22188.862323707184,0.0034130896860700144,22264.594900849857,7654.1784331797235,-0.0658907042145852,7149.839226033421,0.05,1598887,1970
74067536.0,-0.018957702737674387,72663385.67,1610732,Top8 vs Bottom8,23310.74726775956,-0.011688101115173377,23038.288896623737,6914.924168975069,-0.04290553199648972,6618.235668789809,0.05,1610170,1971
75856299.89,-0.015680788039027616,74666813.33,1610545,Top8 vs Bottom8,20761.47129186603,0.15199183552775852,23917.04542177361,6087.62287197496,0.1803815318849311,7185.717611159546,0.05,1610179,1971
72193359.78,-0.009789835410815684,71486598.67,1610167,Top8 vs Bottom8,21794.91405135521,0.08460275830804043,23638.823897186525,6377.262167959083,0.08969024797551794,6949.240393208222,0.05,1610307,1971
88619688.11,0.0010498620790058144,88712726.56,1610751,Top8 vs Bottom8,21776.561194818925,0.30234291444316375,28360.550173010382,6775.933693972179,0.1403066704248801,7726.642389593173,0.05,1610349,1971
78871529.33,-0.01924364016893343,77353754.0,1610310,Top8 vs Bottom8,23722.571348314606,0.020788363962946033,24215.724795640326,6101.54346565012,0.23162979221141455,7514.842710767572,0.05,1610446,1971
76156555.5203252,-0.0025486710474750263,75962457.51219513,1620217,Top8 vs Bottom8,22467.32206423618,0.06954786714044725,24029.876394161318,6670.256253322487,-0.013240251411146708,6581.940383551724,0.05,1619951,1972
83660008.66666667,0.004701738452383308,84053356.14634146,1619973,Top8 vs Bottom8,27457.22263982103,-0.11493819480511858,24301.33903523777,7059.526697786767,0.06635253244814643,7527.94417207022,0.05,1620470,1972
73954930.29268293,0.02062369204163761,75480154.0,1620662,Top8 vs Bottom8,20162.168635170605,0.16641818554295695,23517.520156046816,6050.60983396625,0.08011640237167228,6535.362926018288,0.05,1620489,1972
79961118.84552845,0.028575414994950643,82246041.0,1620784,Top8 vs Bottom8,23290.38170525127,0.2693151014507287,29562.833217027215,6048.516571047262,0.0844752478621491,6559.466507584796,0.05,1620500,1972
73570797.98373984,-0.028264651746735536,71491345.0,1620151,Top8 vs Bottom8,20810.414864724535,0.12456167338106328,23402.594964028776,6584.028127300043,-0.049379253258689526,6258.913734939759,0.05,1620502,1972
64486281.0,0.002229687711292838,64630065.26829268,1620689,Top8 vs Bottom8,21892.720658888127,0.19610892342297692,26186.078538102644,7233.870588235294,-0.23494598045658965,5534.301770386266,0.05,1620716,1972
68835189.0,-0.0006389537188602468,68791206.5,1632644,Top8 vs Bottom8,20578.09573724668,0.08142566880703828,22253.680945427255,5955.236468097974,0.09794356544998162,6538.513560881244,0.05,1632158,1973
79357153.0,0.014966363523651216,80544841.0,1632637,Top8 vs Bottom8,20431.77973568282,0.16567012240494972,23816.715185444365,6210.029541446208,0.16243334535904208,7218.745414641793,0.05,1632248,1973
75885708.67307693,0.014916296754590164,77017642.42307693,1632135,Top8 vs Bottom8,21192.863261601564,0.12374179677800012,23815.30624046261,6781.308590967375,-0.016500649217700558,6669.4125966708425,0.05,1632433,1973
62870081.0,0.05060895340662919,66051870.0,1632160,Top8 vs Bottom8,20937.5552407932,-0.04404423360420939,20015.376666666667,6369.526295658826,-0.014558539393232373,6276.795296167247,0.05,1632488,1973
86098770.02564102,-0.028437189345583702,83650363.0,1632746,Top8 vs Bottom8,20786.126613578148,0.34147859375538725,27884.143899204246,6130.4267705820275,0.11355426044107597,6826.562848703643,0.05,1632643,1973
74039484.0,-0.01406272631505645,72998287.0,1632477,Top8 vs Bottom8,21537.352252779405,-0.010737618011759653,21306.092391304348,5713.081018873715,0.11739783474103116,6383.784360189574,0.05,1632786,1973
76763746.98076923,0.010757810954850955,77589556.85897435,1642413,Top8 vs Bottom8,25580.43727130162,-0.026252783056703755,24908.87960112252,6685.913980236513,0.03927501590901983,6948.503358176641,0.05,1642382,1974
74732842.6025641,-0.0385368006026755,71852877.94871795,1643144,Top8 vs Bottom8,22528.989088575097,-0.012456690568749429,22248.352442671985,5787.971040663457,0.17405133036440934,6795.375100401607,0.05,1642652,1974
75557079.18589744,-0.002961579898721811,75333310.85897435,1643387,Top8 vs Bottom8,21276.506188925083,0.10290800177683534,23466.028925619834,6856.834247017091,-0.09335782352733746,6216.695125427866,0.05,1642849,1974
65678479.0,-0.005396272955711989,65324060.0,1643370,Top8 vs Bottom8,20624.943327817793,0.010387154144927857,20839.177793394236,6021.9898048866235,0.010453153304094132,6084.938587512795,0.05,1642989,1974
