candidate_game_pairs,date,id,real_assets,season_year,source,tid0,tid1,timing_status,unpriced_assets
,6/27/2020 10:00:00 AM,1963-0-1521559-1521690-6/27/2020 10:00:00 AM,1,1963,https://www.whatifsports.com/mlb-l/trade_history.asp?cLID=128263,1521559,1521690,no-unique-game-placement,
,6/19/2020 4:00:00 PM,1963-1-1521559-1521558-6/19/2020 4:00:00 PM,1,1963,https://www.whatifsports.com/mlb-l/trade_history.asp?cLID=128263,1521559,1521558,no-unique-game-placement,
,6/18/2020 2:00:00 PM,1963-2-1521600-1521558-6/18/2020 2:00:00 PM,1,1963,https://www.whatifsports.com/mlb-l/trade_history.asp?cLID=128263,1521600,1521558,no-unique-game-placement,
,6/17/2020 7:00:00 PM,1963-3-1521558-1521566-6/17/2020 7:00:00 PM,3,1963,https://www.whatifsports.com/mlb-l/trade_history.asp?cLID=128263,1521558,1521566,no-unique-game-placement,
,6/13/2020 3:00:00 PM,1963-4-1521690-1521600-6/13/2020 3:00:00 PM,1,1963,https://www.whatifsports.com/mlb-l/trade_history.asp?cLID=128263,1521690,1521600,no-unique-game-placement,
,5/31/2020 9:00:00 AM,1963-5-1521620-1521556-5/31/2020 9:00:00 AM,0,1963,https://www.whatifsports.com/mlb-l/trade_history.asp?cLID=128263,1521620,1521556,no-unique-game-placement,
,9/2/2020 9:00:00 AM,1964-0-1535849-1535931-9/2/2020 9:00:00 AM,4,1964,https://www.whatifsports.com/mlb-l/trade_history.asp?cLID=129162,1535849,1535931,no-unique-game-placement,
,8/29/2020 9:00:00 AM,1964-1-1535001-1535849-8/29/2020 9:00:00 AM,2,1964,https://www.whatifsports.com/mlb-l/trade_history.asp?cLID=129162,1535001,1535849,no-unique-game-placement,
,8/26/2020 5:00:00 PM,1964-2-1536469-1535288-8/26/2020 5:00:00 PM,5,1964,https://www.whatifsports.com/mlb-l/trade_history.asp?cLID=129162,1536469,1535288,no-unique-game-placement,
,8/26/2020 5:00:00 AM,1964-3-1535355-1535288-8/26/2020 5:00:00 AM,1,1964,https://www.whatifsports.com/mlb-l/trade_history.asp?cLID=129162,1535355,1535288,no-unique-game-placement,
,8/25/2020 7:00:00 PM,1964-4-1535931-1535288-8/25/2020 7:00:00 PM,3,1964,https://www.whatifsports.com/mlb-l/trade_history.asp?cLID=129162,1535931,1535288,no-unique-game-placement,
,8/23/2020 1:00:00 PM,1964-5-1535229-1535931-8/23/2020 1:00:00 PM,1,1964,https://www.whatifsports.com/mlb-l/trade_history.asp?cLID=129162,1535229,1535931,no-unique-game-placement,
,8/11/2020 2:00:00 AM,1964-6-1535001-1536469-8/11/2020 2:00:00 AM,2,1964,https://www.whatifsports.com/mlb-l/trade_history.asp?cLID=129162,1535001,1536469,no-unique-game-placement,
,8/9/2020 11:00:00 PM,1964-7-1535931-1535229-8/9/2020 11:00:00 PM,0,1964,https://www.whatifsports.com/mlb-l/trade_history.asp?cLID=129162,1535931,1535229,no-unique-game-placement,
,8/9/2020 8:00:00 PM,1964-8-1535938-1535931-8/9/2020 8:00:00 PM,3,1964,https://www.whatifsports.com/mlb-l/trade_history.asp?cLID=129162,1535938,1535931,no-unique-game-placement,
,8/9/2020 8:00:00 PM,1964-9-1535931-1535938-8/9/2020 8:00:00 PM,0,1964,https://www.whatifsports.com/mlb-l/trade_history.asp?cLID=129162,1535931,1535938,no-unique-game-placement,
,11/17/2020 3:00:00 PM,1965-0-1546632-1546620-11/17/2020 3:00:00 PM,1,1965,https://www.whatifsports.com/mlb-l/trade_history.asp?cLID=129788,1546632,1546620,no-unique-game-placement,
,11/17/2020 8:00:00 AM,1965-1-1546632-1546761-11/17/2020 8:00:00 AM,1,1965,https://www.whatifsports.com/mlb-l/trade_history.asp?cLID=129788,1546632,1546761,no-unique-game-placement,
,11/16/2020 2:00:00 PM,1965-2-1546653-1546744-11/16/2020 2:00:00 PM,4,1965,https://www.whatifsports.com/mlb-l/trade_history.asp?cLID=129788,1546653,1546744,no-unique-game-placement,
,11/13/2020 10:00:00 PM,1965-3-1546620-1546761-11/13/2020 10:00:00 PM,2,1965,https://www.whatifsports.com/mlb-l/trade_history.asp?cLID=129788,1546620,1546761,no-unique-game-placement,
,11/13/2020 2:00:00 PM,1965-4-1546632-1546761-11/13/2020 2:00:00 PM,1,1965,https://www.whatifsports.com/mlb-l/trade_history.asp?cLID=129788,1546632,1546761,no-unique-game-placement,
,11/9/2020 7:00:00 PM,1965-5-1546632-1546668-11/9/2020 7:00:00 PM,1,1965,https://www.whatifsports.com/mlb-l/trade_history.asp?cLID=129788,1546632,1546668,no-unique-game-placement,
,10/21/2020 5:00:00 PM,1965-6-1546620-1546627-10/21/2020 5:00:00 PM,2,1965,https://www.whatifsports.com/mlb-l/trade_history.asp?cLID=129788,1546620,1546627,no-unique-game-placement,
,10/20/2020 10:00:00 AM,1965-7-1546668-1546632-10/20/2020 10:00:00 AM,0,1965,https://www.whatifsports.com/mlb-l/trade_history.asp?cLID=129788,1546668,1546632,no-unique-game-placement,
,2/8/2021 7:00:00 PM,1966-0-1556359-1556209-2/8/2021 7:00:00 PM,2,1966,https://www.whatifsports.com/mlb-l/trade_history.asp?cLID=130303,1556359,1556209,no-unique-game-placement,
,2/5/2021 10:00:00 PM,1966-1-1556580-1556000-2/5/2021 10:00:00 PM,2,1966,https://www.whatifsports.com/mlb-l/trade_history.asp?cLID=130303,1556580,1556000,no-unique-game-placement,
,1/18/2021 10:00:00 PM,1966-2-1556296-1556000-1/18/2021 10:00:00 PM,1,1966,https://www.whatifsports.com/mlb-l/trade_history.asp?cLID=130303,1556296,1556000,no-unique-game-placement,
,1/18/2021 8:00:00 PM,1966-3-1556209-1556296-1/18/2021 8:00:00 PM,2,1966,https://www.whatifsports.com/mlb-l/trade_history.asp?cLID=130303,1556209,1556296,no-unique-game-placement,
,1/17/2021 4:00:00 PM,1966-4-1556350-1556099-1/17/2021 4:00:00 PM,4,1966,https://www.whatifsports.com/mlb-l/trade_history.asp?cLID=130303,1556350,1556099,no-unique-game-placement,
,1/4/2021 6:00:00 PM,1966-5-1556000-1556451-1/4/2021 6:00:00 PM,5,1966,https://www.whatifsports.com/mlb-l/trade_history.asp?cLID=130303,1556000,1556451,no-unique-game-placement,
,1/2/2021 8:00:00 PM,1966-6-1556359-1556296-1/2/2021 8:00:00 PM,2,1966,https://www.whatifsports.com/mlb-l/trade_history.asp?cLID=130303,1556359,1556296,no-unique-game-placement,
,12/23/2020 9:00:00 PM,1966-7-1556000-1556451-12/23/2020 9:00:00 PM,1,1966,https://www.whatifsports.com/mlb-l/trade_history.asp?cLID=130303,1556000,1556451,no-unique-game-placement,
,12/23/2020 9:00:00 PM,1966-8-1556000-1556451-12/23/2020 9:00:00 PM,1,1966,https://www.whatifsports.com/mlb-l/trade_history.asp?cLID=130303,1556000,1556451,no-unique-game-placement,
,12/23/2020 9:00:00 PM,1966-9-1556000-1556451-12/23/2020 9:00:00 PM,1,1966,https://www.whatifsports.com/mlb-l/trade_history.asp?cLID=130303,1556000,1556451,no-unique-game-placement,
,3/30/2021 2:00:00 PM,1967-0-1566351-1566355-3/30/2021 2:00:00 PM,3,1967,https://www.whatifsports.com/mlb-l/trade_history.asp?cLID=130841,1566351,1566355,no-unique-game-placement,
,3/27/2021 2:00:00 PM,1967-1-1566362-1566498-3/27/2021 2:00:00 PM,2,1967,https://www.whatifsports.com/mlb-l/trade_history.asp?cLID=130841,1566362,1566498,no-unique-game-placement,
,3/17/2021 1:00:00 AM,1967-2-1566362-1566351-3/17/2021 1:00:00 AM,4,1967,https://www.whatifsports.com/mlb-l/trade_history.asp?cLID=130841,1566362,1566351,no-unique-game-placement,
,3/16/2021 1:00:00 PM,1967-3-1566369-1566706-3/16/2021 1:00:00 PM,1,1967,https://www.whatifsports.com/mlb-l/trade_history.asp?cLID=130841,1566369,1566706,no-unique-game-placement,
,6/17/2021 5:00:00 AM,1968-0-1576306-1576610-6/17/2021 5:00:00 AM,3,1968,https://www.whatifsports.com/mlb-l/trade_history.asp?cLID=131418,1576306,1576610,no-unique-game-placement,
,6/5/2021 2:00:00 PM,1968-1-1576501-1576434-6/5/2021 2:00:00 PM,3,1968,https://www.whatifsports.com/mlb-l/trade_history.asp?cLID=131418,1576501,1576434,no-unique-game-placement,
,5/31/2021 6:00:00 PM,1968-2-1576410-1576306-5/31/2021 6:00:00 PM,4,1968,https://www.whatifsports.com/mlb-l/trade_history.asp?cLID=131418,1576410,1576306,no-unique-game-placement,
,5/29/2021 4:00:00 PM,1968-3-1576306-1576552-5/29/2021 4:00:00 PM,2,1968,https://www.whatifsports.com/mlb-l/trade_history.asp?cLID=131418,1576306,1576552,no-unique-game-placement,
,5/27/2021 9:00:00 PM,1968-4-1576360-1576552-5/27/2021 9:00:00 PM,0,1968,https://www.whatifsports.com/mlb-l/trade_history.asp?cLID=131418,1576360,1576552,no-unique-game-placement,
,5/24/2021 10:00:00 PM,1968-5-1576360-1576306-5/24/2021 10:00:00 PM,1,1968,https://www.whatifsports.com/mlb-l/trade_history.asp?cLID=131418,1576360,1576306,no-unique-game-placement,
,5/24/2021 4:00:00 PM,1968-6-1576552-1576634-5/24/2021 4:00:00 PM,1,1968,https://www.whatifsports.com/mlb-l/trade_history.asp?cLID=131418,1576552,1576634,no-unique-game-placement,
,5/21/2021 1:00:00 PM,1968-7-1576306-1576951-5/21/2021 1:00:00 PM,2,1968,https://www.whatifsports.com/mlb-l/trade_history.asp?cLID=131418,1576306,1576951,no-unique-game-placement,
,5/16/2021 8:00:00 PM,1968-8-1576328-1576552-5/16/2021 8:00:00 PM,3,1968,https://www.whatifsports.com/mlb-l/trade_history.asp?cLID=131418,1576328,1576552,no-unique-game-placement,
,5/15/2021 4:00:00 PM,1968-9-1577069-1576552-5/15/2021 4:00:00 PM,2,1968,https://www.whatifsports.com/mlb-l/trade_history.asp?cLID=131418,1577069,1576552,no-unique-game-placement,
,9/13/2021 6:00:00 PM,1969-0-1587779-1587486-9/13/2021 6:00:00 PM,3,1969,https://www.whatifsports.com/mlb-l/trade_history.asp?cLID=132043,1587779,1587486,no-unique-game-placement,
,9/5/2021 8:00:00 AM,1969-1-1587572-1587486-9/5/2021 8:00:00 AM,3,1969,https://www.whatifsports.com/mlb-l/trade_history.asp?cLID=132043,1587572,1587486,no-unique-game-placement,
,8/21/2021 1:00:00 PM,1969-2-1587249-1587572-8/21/2021 1:00:00 PM,2,1969,https://www.whatifsports.com/mlb-l/trade_history.asp?cLID=132043,1587249,1587572,no-unique-game-placement,
,8/18/2021 2:00:00 PM,1969-3-1587572-1587662-8/18/2021 2:00:00 PM,2,1969,https://www.whatifsports.com/mlb-l/trade_history.asp?cLID=132043,1587572,1587662,no-unique-game-placement,
,8/13/2021 3:00:00 PM,1969-4-1587654-1587662-8/13/2021 3:00:00 PM,4,1969,https://www.whatifsports.com/mlb-l/trade_history.asp?cLID=132043,1587654,1587662,no-unique-game-placement,
,8/13/2021 3:00:00 PM,1969-5-1587654-1587665-8/13/2021 3:00:00 PM,1,1969,https://www.whatifsports.com/mlb-l/trade_history.asp?cLID=132043,1587654,1587665,no-unique-game-placement,
,8/13/2021 8:00:00 AM,1969-6-1587359-1588256-8/13/2021 8:00:00 AM,2,1969,https://www.whatifsports.com/mlb-l/trade_history.asp?cLID=132043,1587359,1588256,no-unique-game-placement,
,8/12/2021 12:00:00 PM,1969-7-1587779-1587486-8/12/2021 12:00:00 PM,2,1969,https://www.whatifsports.com/mlb-l/trade_history.asp?cLID=132043,1587779,1587486,no-unique-game-placement,
,8/11/2021 3:00:00 PM,1969-8-1587359-1587782-8/11/2021 3:00:00 PM,2,1969,https://www.whatifsports.com/mlb-l/trade_history.asp?cLID=132043,1587359,1587782,no-unique-game-placement,
,8/4/2021 2:00:00 PM,1969-9-1587779-1588256-8/4/2021 2:00:00 PM,3,1969,https://www.whatifsports.com/mlb-l/trade_history.asp?cLID=132043,1587779,1588256,no-unique-game-placement,
,12/1/2021 5:00:00 PM,1970-0-1598731-1598894-12/1/2021 5:00:00 PM,3,1970,https://www.whatifsports.com/mlb-l/trade_history.asp?cLID=132733,1598731,1598894,no-unique-game-placement,
,11/24/2021 2:00:00 PM,1970-1-1598683-1598746-11/24/2021 2:00:00 PM,4,1970,https://www.whatifsports.com/mlb-l/trade_history.asp?cLID=132733,1598683,1598746,no-unique-game-placement,
,11/17/2021 1:00:00 PM,1970-2-1598731-1598746-11/17/2021 1:00:00 PM,3,1970,https://www.whatifsports.com/mlb-l/trade_history.asp?cLID=132733,1598731,1598746,no-unique-game-placement,
,11/13/2021 1:00:00 AM,1970-3-1598646-1598639-11/13/2021 1:00:00 AM,1,1970,https://www.whatifsports.com/mlb-l/trade_history.asp?cLID=132733,1598646,1598639,no-unique-game-placement,
,11/12/2021 9:00:00 AM,1970-4-1598731-1598639-11/12/2021 9:00:00 AM,4,1970,https://www.whatifsports.com/mlb-l/trade_history.asp?cLID=132733,1598731,1598639,no-unique-game-placement,
,11/10/2021 2:00:00 PM,1970-5-1598641-1598746-11/10/2021 2:00:00 PM,2,1970,https://www.whatifsports.com/mlb-l/trade_history.asp?cLID=132733,1598641,1598746,no-unique-game-placement,
,11/8/2021 1:00:00 PM,1970-6-1598641-1598894-11/8/2021 1:00:00 PM,1,1970,https://www.whatifsports.com/mlb-l/trade_history.asp?cLID=132733,1598641,1598894,no-unique-game-placement,
,11/8/2021 12:00:00 PM,1970-7-1598894-1599091-11/8/2021 12:00:00 PM,2,1970,https://www.whatifsports.com/mlb-l/trade_history.asp?cLID=132733,1598894,1599091,no-unique-game-placement,
,11/5/2021 6:00:00 PM,1970-8-1598639-1599194-11/5/2021 6:00:00 PM,1,1970,https://www.whatifsports.com/mlb-l/trade_history.asp?cLID=132733,1598639,1599194,no-unique-game-placement,
,10/31/2021 9:00:00 PM,1970-9-1598641-1598639-10/31/2021 9:00:00 PM,1,1970,https://www.whatifsports.com/mlb-l/trade_history.asp?cLID=132733,1598641,1598639,no-unique-game-placement,
,10/24/2021 12:00:00 PM,1970-10-1598639-1598731-10/24/2021 12:00:00 PM,2,1970,https://www.whatifsports.com/mlb-l/trade_history.asp?cLID=132733,1598639,1598731,no-unique-game-placement,
,2/28/2022 2:00:00 PM,1971-0-1610167-1610307-2/28/2022 2:00:00 PM,1,1971,https://www.whatifsports.com/mlb-l/trade_history.asp?cLID=133447,1610167,1610307,no-unique-game-placement,
,2/23/2022 11:00:00 AM,1971-1-1610167-1610179-2/23/2022 11:00:00 AM,1,1971,https://www.whatifsports.com/mlb-l/trade_history.asp?cLID=133447,1610167,1610179,no-unique-game-placement,
,2/19/2022 2:00:00 PM,1971-2-1610751-1610545-2/19/2022 2:00:00 PM,2,1971,https://www.whatifsports.com/mlb-l/trade_history.asp?cLID=133447,1610751,1610545,no-unique-game-placement,
,2/10/2022 3:00:00 PM,1971-3-1610169-1610310-2/10/2022 3:00:00 PM,1,1971,https://www.whatifsports.com/mlb-l/trade_history.asp?cLID=133447,1610169,1610310,no-unique-game-placement,
,2/10/2022 12:00:00 PM,1971-4-1610167-1610169-2/10/2022 12:00:00 PM,1,1971,https://www.whatifsports.com/mlb-l/trade_history.asp?cLID=133447,1610167,1610169,no-unique-game-placement,
,2/9/2022 5:00:00 PM,1971-5-1610170-1610183-2/9/2022 5:00:00 PM,2,1971,https://www.whatifsports.com/mlb-l/trade_history.asp?cLID=133447,1610170,1610183,no-unique-game-placement,
,2/8/2022 7:00:00 PM,1971-6-1610183-1610243-2/8/2022 7:00:00 PM,4,1971,https://www.whatifsports.com/mlb-l/trade_history.asp?cLID=133447,1610183,1610243,no-unique-game-placement,
,2/5/2022 4:00:00 PM,1971-7-1610183-1610751-2/5/2022 4:00:00 PM,5,1971,https://www.whatifsports.com/mlb-l/trade_history.asp?cLID=133447,1610183,1610751,no-unique-game-placement,
,1/30/2022 5:00:00 PM,1971-8-1610183-1610173-1/30/2022 5:00:00 PM,2,1971,https://www.whatifsports.com/mlb-l/trade_history.asp?cLID=133447,1610183,1610173,no-unique-game-placement,
,1/30/2022 1:00:00 AM,1971-9-1610751-1610349-1/30/2022 1:00:00 AM,3,1971,https://www.whatifsports.com/mlb-l/trade_history.asp?cLID=133447,1610751,1610349,no-unique-game-placement,
,1/28/2022 11:00:00 AM,1971-10-1610167-1610545-1/28/2022 11:00:00 AM,2,1971,https://www.whatifsports.com/mlb-l/trade_history.asp?cLID=133447,1610167,1610545,no-unique-game-placement,
,1/26/2022 12:00:00 PM,1971-11-1610243-1610183-1/26/2022 12:00:00 PM,2,1971,https://www.whatifsports.com/mlb-l/trade_history.asp?cLID=133447,1610243,1610183,no-unique-game-placement,
,1/24/2022,1971-12-1610183-1610751-1/24/2022,2,1971,https://www.whatifsports.com/mlb-l/trade_history.asp?cLID=133447,1610183,1610751,no-unique-game-placement,
109/109,5/7/2022 8:00:00 PM,1972-0-1620151-1620341-5/7/2022 8:00:00 PM,3,1972,https://www.whatifsports.com/mlb-l/trade_history.asp?cLID=134068,1620151,1620341,unique-exact-opposite-payroll-pair,
106/106,5/7/2022,1972-1-1620813-1620662-5/7/2022,2,1972,https://www.whatifsports.com/mlb-l/trade_history.asp?cLID=134068,1620813,1620662,unique-exact-opposite-payroll-pair,
83/83,4/29/2022 11:00:00 AM,1972-2-1619951-1619973-4/29/2022 11:00:00 AM,4,1972,https://www.whatifsports.com/mlb-l/trade_history.asp?cLID=134068,1619951,1619973,unique-exact-opposite-payroll-pair,
,4/22/2022 2:00:00 PM,1972-3-1620716-1620443-4/22/2022 2:00:00 PM,1,1972,https://www.whatifsports.com/mlb-l/trade_history.asp?cLID=134068,1620716,1620443,no-unique-game-placement,
56/56,4/20/2022 4:00:00 AM,1972-4-1620151-1620217-4/20/2022 4:00:00 AM,2,1972,https://www.whatifsports.com/mlb-l/trade_history.asp?cLID=134068,1620151,1620217,unique-exact-opposite-payroll-pair,
,4/18/2022 5:00:00 PM,1972-5-1620151-1620666-4/18/2022 5:00:00 PM,3,1972,https://www.whatifsports.com/mlb-l/trade_history.asp?cLID=134068,1620151,1620666,no-unique-game-placement,
48/48,4/17/2022 6:00:00 PM,1972-6-1619951-1620151-4/17/2022 6:00:00 PM,2,1972,https://www.whatifsports.com/mlb-l/trade_history.asp?cLID=134068,1619951,1620151,unique-exact-opposite-payroll-pair,
47/47,4/17/2022 10:00:00 AM,1972-7-1620813-1620217-4/17/2022 10:00:00 AM,4,1972,https://www.whatifsports.com/mlb-l/trade_history.asp?cLID=134068,1620813,1620217,unique-exact-opposite-payroll-pair,
43/43,4/15/2022 11:00:00 PM,1972-8-1619951-1620802-4/15/2022 11:00:00 PM,4,1972,https://www.whatifsports.com/mlb-l/trade_history.asp?cLID=134068,1619951,1620802,unique-exact-opposite-payroll-pair,
,4/15/2022 2:00:00 AM,1972-9-1620470-1620791-4/15/2022 2:00:00 AM,1,1972,https://www.whatifsports.com/mlb-l/trade_history.asp?cLID=134068,1620470,1620791,no-unique-game-placement,
35/35,4/13/2022 11:00:00 AM,1972-10-1620784-1619951-4/13/2022 11:00:00 AM,2,1972,https://www.whatifsports.com/mlb-l/trade_history.asp?cLID=134068,1620784,1619951,unique-exact-opposite-payroll-pair,
29/29,4/11/2022 1:00:00 PM,1972-11-1620151-1620791-4/11/2022 1:00:00 PM,4,1972,https://www.whatifsports.com/mlb-l/trade_history.asp?cLID=134068,1620151,1620791,unique-exact-opposite-payroll-pair,
15/15,4/6/2022 2:00:00 PM,1972-12-1619951-1620151-4/6/2022 2:00:00 PM,2,1972,https://www.whatifsports.com/mlb-l/trade_history.asp?cLID=134068,1619951,1620151,unique-exact-opposite-payroll-pair,
111/111,8/3/2022 2:00:00 AM,1973-0-1632144-1632746-8/3/2022 2:00:00 AM,6,1973,https://www.whatifsports.com/mlb-l/trade_history.asp?cLID=134800,1632144,1632746,unique-exact-opposite-payroll-pair,
104/104,7/31/2022 11:00:00 PM,1973-1-1632135-1632433-7/31/2022 11:00:00 PM,2,1973,https://www.whatifsports.com/mlb-l/trade_history.asp?cLID=134800,1632135,1632433,unique-exact-opposite-payroll-pair,
68/68,7/19/2022 9:00:00 PM,1973-2-1632144-1632433-7/19/2022 9:00:00 PM,5,1973,https://www.whatifsports.com/mlb-l/trade_history.asp?cLID=134800,1632144,1632433,unique-exact-opposite-payroll-pair,
32/32,7/8/2022 9:00:00 AM,1973-3-1632158-1632228-7/8/2022 9:00:00 AM,3,1973,https://www.whatifsports.com/mlb-l/trade_history.asp?cLID=134800,1632158,1632228,unique-exact-opposite-payroll-pair,
,10/25/2022 11:00:00 AM,1974-0-1642604-1643387-10/25/2022 11:00:00 AM,1,1974,https://www.whatifsports.com/mlb-l/trade_history.asp?cLID=135415,1642604,1643387,no-unique-game-placement,
120/120,10/24/2022 3:00:00 PM,1974-1-1643142-1642849-10/24/2022 3:00:00 PM,2,1974,https://www.whatifsports.com/mlb-l/trade_history.asp?cLID=135415,1643142,1642849,unique-exact-opposite-payroll-pair,
,10/24/2022 12:00:00 PM,1974-2-1642382-1642604-10/24/2022 12:00:00 PM,3,1974,https://www.whatifsports.com/mlb-l/trade_history.asp?cLID=135415,1642382,1642604,no-unique-game-placement,
,10/24/2022 11:00:00 AM,1974-3-1642604-1642847-10/24/2022 11:00:00 AM,2,1974,https://www.whatifsports.com/mlb-l/trade_history.asp?cLID=135415,1642604,1642847,no-unique-game-placement,
95/95,10/16/2022 8:00:00 AM,1974-4-1642891-1643144-10/16/2022 8:00:00 AM,2,1974,https://www.whatifsports.com/mlb-l/trade_history.asp?cLID=135415,1642891,1643144,unique-exact-opposite-payroll-pair,
67/67,10/7/2022,1974-5-1642898-1642847-10/7/2022,2,1974,https://www.whatifsports.com/mlb-l/trade_history.asp?cLID=135415,1642898,1642847,unique-exact-opposite-payroll-pair,
66/66,10/6/2022 3:00:00 PM,1974-6-1642898-1643142-10/6/2022 3:00:00 PM,2,1974,https://www.whatifsports.com/mlb-l/trade_history.asp?cLID=135415,1642898,1643142,unique-exact-opposite-payroll-pair,
,10/5/2022 9:00:00 AM,1974-7-1642382-1643142-10/5/2022 9:00:00 AM,1,1974,https://www.whatifsports.com/mlb-l/trade_history.asp?cLID=135415,1642382,1643142,no-unique-game-placement,
,10/4/2022 4:00:00 PM,1974-8-1642898-1642413-10/4/2022 4:00:00 PM,2,1974,https://www.whatifsports.com/mlb-l/trade_history.asp?cLID=135415,1642898,1642413,no-unique-game-placement,
,10/4/2022 10:00:00 AM,1974-9-1642413-1642652-10/4/2022 10:00:00 AM,1,1974,https://www.whatifsports.com/mlb-l/trade_history.asp?cLID=135415,1642413,1642652,no-unique-game-placement,
,10/2/2022 1:00:00 AM,1974-10-1642971-1642898-10/2/2022 1:00:00 AM,1,1974,https://www.whatifsports.com/mlb-l/trade_history.asp?cLID=135415,1642971,1642898,no-unique-game-placement,
47/47,9/30/2022 8:00:00 AM,1974-11-1642382-1642768-9/30/2022 8:00:00 AM,1,1974,https://www.whatifsports.com/mlb-l/trade_history.asp?cLID=135415,1642382,1642768,unique-exact-opposite-payroll-pair,
,9/29/2022 11:00:00 PM,1974-12-1642898-1642971-9/29/2022 11:00:00 PM,1,1974,https://www.whatifsports.com/mlb-l/trade_history.asp?cLID=135415,1642898,1642971,no-unique-game-placement,
,9/28/2022 1:00:00 PM,1974-13-1642382-1642646-9/28/2022 1:00:00 PM,1,1974,https://www.whatifsports.com/mlb-l/trade_history.asp?cLID=135415,1642382,1642646,no-unique-game-placement,
,9/28/2022 2:00:00 AM,1974-14-1643142-1642646-9/28/2022 2:00:00 AM,3,1974,https://www.whatifsports.com/mlb-l/trade_history.asp?cLID=135415,1643142,1642646,no-unique-game-placement,
40/40,9/27/2022 7:00:00 PM,1974-15-1642891-1643142-9/27/2022 7:00:00 PM,2,1974,https://www.whatifsports.com/mlb-l/trade_history.asp?cLID=135415,1642891,1643142,unique-exact-opposite-payroll-pair,
37/37,9/26/2022 7:00:00 PM,1974-16-1642652-1642981-9/26/2022 7:00:00 PM,1,1974,https://www.whatifsports.com/mlb-l/trade_history.asp?cLID=135415,1642652,1642981,unique-exact-opposite-payroll-pair,
35/35,9/26/2022 1:00:00 PM,1974-17-1642633-1643370-9/26/2022 1:00:00 PM,2,1974,https://www.whatifsports.com/mlb-l/trade_history.asp?cLID=135415,1642633,1643370,unique-exact-opposite-payroll-pair,
34/34,9/25/2022 9:00:00 PM,1974-18-1642891-1642633-9/25/2022 9:00:00 PM,4,1974,https://www.whatifsports.com/mlb-l/trade_history.asp?cLID=135415,1642891,1642633,unique-exact-opposite-payroll-pair,
28/28,9/23/2022 10:00:00 PM,1974-19-1642646-1642891-9/23/2022 10:00:00 PM,2,1974,https://www.whatifsports.com/mlb-l/trade_history.asp?cLID=135415,1642646,1642891,unique-exact-opposite-payroll-pair,
,9/22/2022 8:00:00 PM,1974-20-1643142-1642413-9/22/2022 8:00:00 PM,1,1974,https://www.whatifsports.com/mlb-l/trade_history.asp?cLID=135415,1643142,1642413,no-unique-game-placement,
20/20,9/21/2022 1:00:00 PM,1974-21-1643142-1642768-9/21/2022 1:00:00 PM,2,1974,https://www.whatifsports.com/mlb-l/trade_history.asp?cLID=135415,1643142,1642768,unique-exact-opposite-payroll-pair,
,9/20/2022,1974-22-1642382-1642981-9/20/2022,4,1974,https://www.whatifsports.com/mlb-l/trade_history.asp?cLID=135415,1642382,1642981,no-unique-game-placement,
