historical_year,name,profile_id,returned_year,variant_count
1968,"Ryan, Nolan",47820911,1989,1
1969,"Ryan, Nolan",48171307,1989,1
1970,"Blyleven, Bert",48513401,1989,1
1970,"Ryan, Nolan",48529429,1989,1
1971,"Evans, Darrell",48901782,1989,1
1971,"Blyleven, Bert",48885565,1989,1
1971,"Alexander, Doyle",48883468,1989,1
1971,"Ryan, Nolan",48883469,1989,1
1972,"Evans, Darrell",49217862,1989,1
1972,"Evans, Dwight",49217571,1989,1
1972,"Reuschel, Rick",49217245,1989,1
1972,"Gossage, Rich",49217826,1989,1
1972,"Blyleven, Bert",49205964,1989,1
1972,"Fisk, Carlton",49198980,1989,1
1972,"Ryan, Nolan",49213112,1989,1
1972,"Alexander, Doyle",49213110,1989,1
1972,"Boone, Bob",49214407,1989,1
1973,"Evans, Darrell",49575001,1989,1
1973,"Downing, Brian",49575010,1989,1
1973,"Boone, Bob",49579559,1989,1
1973,"Schmidt, Mike",49572041,1989,1
1973,"Tanana, Frank",49575550,1989,1
1973,"Ryan, Nolan",49572569,1989,1
1973,"Alexander, Doyle",49572568,1989,1
1973,"Griffey Sr., Ken",49572589,1989,1
1973,"Gossage, Rich",49580965,1989,1
1973,"Blyleven, Bert",49572419,1989,1
1973,"Parker, Dave",49572813,1989,1
1973,"Fisk, Carlton",49583346,1989,1
1973,"Evans, Dwight",49592958,1989,1
1973,"Dwyer, Jim",49588349,1989,1
1973,"Hough, Charlie",49588353,1989,1
1973,"Reuschel, Rick",49572604,1989,1
1973,"White, Frank",49573144,1989,1
1974,"Evans, Darrell",49934641,1989,1
1974,"Downing, Brian",49934653,1989,1
1974,"Schmidt, Mike",49910066,1989,1
1974,"Boone, Bob",49929008,1989,1
1974,"Brett, George",49929015,1989,1
1974,"Griffey Sr., Ken",49922348,1989,1
1974,"Ryan, Nolan",49922331,1989,1
1974,"Alexander, Doyle",49922330,1989,1
1974,"Tanana, Frank",49917262,1989,1
1974,"Washington, Claudell",49924595,1989,1
1974,"Sundberg, Jim",49929656,1989,1
1974,"Gossage, Rich",49929651,1989,1
1974,"Dempsey, Rick",49918066,1989,1
1974,"Yount, Robin",49918595,1989,1
1974,"Blyleven, Bert",49918579,1989,1
1974,"Parker, Dave",49928969,1989,1
1974,"Fisk, Carlton",49926319,1989,1
1974,"Dwyer, Jim",49925056,1989,1
1974,"Hough, Charlie",49925048,1989,1
1974,"Reuschel, Rick",49929296,1989,1
1974,"Evans, Dwight",49941659,1989,1
