id,author,date,topic,page,url,own,reason
11829620,h_incandenza,4/27/2020 1:09 PM,519850,1,https://www.whatifsports.com/forums/Posts.aspx?topicID=519850&page=1,"(from 1963 Inaugural Draft Forum, 4/27, 1:00 PM)



fire13



TRADE - rls trades his 1st (#9), 2nd (#24), and 5th (#73) to fire for my 1st (#7), 2nd (#26), and 8th (#122)



rls to confirm and pick",
11911083,h_incandenza,7/30/2020 3:29 PM,521781,2,https://www.whatifsports.com/forums/Posts.aspx?topicID=521781&page=2,"from 1964 Draft thread, page 8 (7/30)...



rls1 posts:



""We are trading our current pick and next year's 3rd rounder to charginryno in exchange of OF Bill Virdon. ryno to 10-4.""



chargingryno confirms



CAL trades CAL 1964 5th-Rd pick (#72) and CAL 1965 3rd-Rd pick



to HOU for OF Bill Virdon",
11919582,chargingryno,8/12/2020 1:29 PM,521781,2,https://www.whatifsports.com/forums/Posts.aspx?topicID=521781&page=2,Houston sends 1965 3rd and Jack Baldschunn to Boston for Floyd Robinson,
12001515,italyprof,12/18/2020 10:57 AM,524225,1,https://www.whatifsports.com/forums/Posts.aspx?topicID=524225&page=1,New York Eagles agree to trade our 6th round pick this draft and our 3rd round pick next draft (1967) to the New York Nutcrackers for Ken Boyer 3B and the Nutcrackers' 6th round pick in this 1966 draft.,
12003454,chargingryno,12/21/2020 9:46 AM,524225,1,https://www.whatifsports.com/forums/Posts.aspx?topicID=524225&page=1,"Will be pushing this through the GM center once league starts but will post here as well.





Brooklyn sends Davey Johnson -2B and pitchers Denny Lemaster & Jack Hamilton to Boston for their 1967 1st and 2nd round picks.



tycobb to confirm either here or the GM center",
12043768,bluecrew65,2/20/2021 5:25 PM,525739,1,https://www.whatifsports.com/forums/Posts.aspx?topicID=525739&page=1,"Considering a trade for a SP, but all depends.  Let me know if you what you're in need of and we might have a match.",
12084085,crustydoc,4/27/2021 11:35 AM,525820,2,https://www.whatifsports.com/forums/Posts.aspx?topicID=525820&page=2,"California trades Paul Blair, of, and 1970 1st round draft pick to NYE for Woodie Fryman, p, and Joe Niekro, p.



just4me to confirm.",
12115690,dodgerdon,6/19/2021 10:56 PM,525820,3,https://www.whatifsports.com/forums/Posts.aspx?topicID=525820&page=3,"*****TRADE ANNOUNCEMENT*****



Its only been a few hours since the ink dried on the deal that Baltimore was sold to new ownership, but a deal has already been consummated.



Baltimore sends Juan Marichal P & 1969 3rd round pick to Brooklyn (?) for Rudy May P & 1969 5th round pick.



chargingryno will carefully look this over & give his seal of approval.",
12121389,dodgerdon,6/30/2021 9:41 AM,525820,4,https://www.whatifsports.com/forums/Posts.aspx?topicID=525820&page=4,"Was/Tex & Baltimore have agreed on a minor deal.



Baltimore sends OF Mike Lum to Was/Tex for a 1969 6th round pick.



frazzman80 to concur.",
12122833,chrondon84,7/1/2021 10:34 PM,528121,1,https://www.whatifsports.com/forums/Posts.aspx?topicID=528121&page=1,"Seattle sends



OF Andy Kosco



To Philly Cryptceepers



For



P Hank Aguire



Cpdpoet to confirm",
12122856,dannino,7/2/2021 10:51 AM (edited),528121,1,https://www.whatifsports.com/forums/Posts.aspx?topicID=528121&page=1,"I am sending LA's 1970 6th and 1971 5th round picks to Sea (chrondon84) for P Joe Moeller and SF's 69 5th, 6th, and 7th round picks (via SEA).



Chrondon to confirm.



My keepers and draft picks needed to be adjusted.



Edited to show my picks traded to SEA, and the picks I received are from SF via SEA",
12130062,epup1975,7/14/2021 2:26 AM,528121,3,https://www.whatifsports.com/forums/Posts.aspx?topicID=528121&page=3,"***TRADE ANNOUNCEMENT***



San Diego trades pick 1.08 to Seattle for their 1969 1st rounder(pick 1.10) & Vada Pinson",
12216017,chargingryno,1/2/2022 11:33 PM,530517,2,https://www.whatifsports.com/forums/Posts.aspx?topicID=530517&page=2,"Brooklyn sends Richie Hebner, Juan Marichal and BRK 2nd in 1973



To 



Washington for their 1971 1st (#5), Harmon Killebrew, and Mike Hedlund



frazzman80 to confirm",
12216618,frazzman80,1/4/2022 11:42 AM,530517,4,https://www.whatifsports.com/forums/Posts.aspx?topicID=530517&page=4,"Proper trade announcement.



The WasingTex SenatoRangers trade pick #19 (from BRK) and the HOU 2nd round pick we own to eddiedzen's BOS team for their current pick on the board and their 11th round pick.



eddiedzen to confirm.",
12217589,jmarino2,1/6/2022 9:18 AM (edited),530517,4,https://www.whatifsports.com/forums/Posts.aspx?topicID=530517&page=4,"I will take this offer and give epup1975 my 3rd rd pick in 1973

epup1975 to confirm",
12227795,jmarino2,1/24/2022 12:26 AM (edited),530517,5,https://www.whatifsports.com/forums/Posts.aspx?topicID=530517&page=5,"Los Angeles deals Joe Moeller and its 1st rd pick in 1974 to Detroit for P- Mike Cuellar

harrelson to confirm",
12236663,chargingryno,2/9/2022 11:04 AM,530517,6,https://www.whatifsports.com/forums/Posts.aspx?topicID=530517&page=6,Brooklyn send Steve Barber to SoCal for their 1973 4th round pick,
12253415,chargingryno,3/15/2022 9:45 PM,530517,7,https://www.whatifsports.com/forums/Posts.aspx?topicID=530517&page=7,"Chicago announces trade with Baltimore:



Baltimore sends 1972 1st round pick (1.12), Baltimore’s 1973 1st round pick & Bill Gogolewski to Chicago



Chicago sends their 1st round pick (1.3) and their final pick in the draft (5.2)



dodgerdon to confirm",
12254202,trentonjoe,3/16/2022 11:39 PM,530517,7,https://www.whatifsports.com/forums/Posts.aspx?topicID=530517&page=7,Old Cleveland (new NY) trades it 1973 3rd round pick to Pittsburg for Ron Hunt.,
12255067,jmarino2,3/18/2022 1:59 PM,530517,8,https://www.whatifsports.com/forums/Posts.aspx?topicID=530517&page=8,"San Francisco ( LA Kings)

Deal their 1st rd pick (72) and Mike Paul

to Pittsburgh for

OF Rick Monday and their 4th rd pick (72)

coldfoot to confirm",
12256191,trentonjoe,3/20/2022 2:21 PM (edited),530517,8,https://www.whatifsports.com/forums/Posts.aspx?topicID=530517&page=8,"Chicago sends 1973 1st (BAL), Willie Mays, and Harmon Killebrew

To

New New York for Ralph Garr and Nate Colbert



*If BAL 1st is a top 5 pick in 1973, NNY also sends Billy North and NNY 1974 1st to CHI.

*If NNY 1st is a top 5 pick in 1974, CHI also sends their 1974 2nd round pick.





Harmon Killebrew will likely be batting leadoff this year....",
12256284,trentonjoe,3/20/2022 5:00 PM,530517,9,https://www.whatifsports.com/forums/Posts.aspx?topicID=530517&page=9,"There are two conditions there.  



1. If Baltimores 1973 pick is in the top 5, the New Mew York will send its 1974 pick to Chicago.



and then if



2.  New New York’s 1974 pick is in the top 5, then Chicago we’ll send its 1974 2nd round pick to NNY",
12281405,epup1975,5/6/2022 3:24 AM,530517,11,https://www.whatifsports.com/forums/Posts.aspx?topicID=530517&page=11,"***TRADE ANNOUNCEMENT***



The Quake trade Manny Mota & their 1974 2nd rounder to the Tanagers for Lee Lacy",
12293059,trentonjoe,5/30/2022 9:13 AM,530517,12,https://www.whatifsports.com/forums/Posts.aspx?topicID=530517&page=12,"I think I forgot to post this:



the New York Times send Georgia’s 1st round pick (#20) and their 5th round pick to Boston to <insert first name here> Clines and Boston’s 2nd and 4th.",
12297872,trentonjoe,6/7/2022 5:06 PM (edited),530517,13,https://www.whatifsports.com/forums/Posts.aspx?topicID=530517&page=13,The New York Times trade Jim Holt and our 5th round pick to St. Louis for Pete Richert and Sonny Seibert.,
12298532,epup1975,6/8/2022 3:13 PM,530517,13,https://www.whatifsports.com/forums/Posts.aspx?topicID=530517&page=13,"***TRADE ANNOUNCEMENT***



The Quake trade Fred Norman, Willie Crawford, their 1973 1st rounder, their 1975 1st rounder, & the Seals 1973 4th rounder to the Tanagers for Gaylord Perry & Bobby Darwin",
12299419,trentonjoe,6/9/2022 6:58 PM,530517,14,https://www.whatifsports.com/forums/Posts.aspx?topicID=530517&page=14,"Since it is apparently illegal to trade your 5th round pick twice (who knew?) The New York Times send their 4.5 (65) pick  and their 6th round pick to St. Louis for their 4.12 (72)



The amended deal is 



NYT send 

Jim Holt

4.5.(62)

6.5 (105)



to St. Louis for



Pete Richert

Sonny Seibert

4.12 (72)",
12299621,trentonjoe,6/10/2022 5:08 AM,530517,14,https://www.whatifsports.com/forums/Posts.aspx?topicID=530517&page=14,The New York Times trade the 4.12 (72) pick to Philadelphia for Dave Nelson.,
12335788,frazzman80,8/18/2022 2:58 PM,530517,15,https://www.whatifsports.com/forums/Posts.aspx?topicID=530517&page=15,"Texas Rangers trade P Ramon Hernandez to fire13's Cincinnati Mudcats for his 1975 3rd round pick. 



fire13 to confirm",
12369080,frazzman80,10/26/2022 8:47 AM,530517,18,https://www.whatifsports.com/forums/Posts.aspx?topicID=530517&page=18,"Post game 121 trade 



Texas Rangers send DH Billy Williams, P Chuck Taylor and our 1976 5th round pick to eddiedzen's Boston Plaids for their 1976 3rd and 1976 4th round picks.



eddiedzen to confirm.",
12381722,chargingryno,11/16/2022 7:12 AM (edited),530517,20,https://www.whatifsports.com/forums/Posts.aspx?topicID=530517&page=20,"Chicago trades 1976 3rd and Ralph Garr to Georgia for the #20th pick in 1975



ooooohdoggie confirmed in draft thread",
12382064,coldfoot,11/16/2022 6:28 PM (edited),530517,21,https://www.whatifsports.com/forums/Posts.aspx?topicID=530517&page=21,"pitt sends 3b roy howell and dh hank aaron  to oak

in exchange for oak 76 #2 and 75 #5",
12383353,trentonjoe,11/19/2022 2:08 PM,530517,22,https://www.whatifsports.com/forums/Posts.aspx?topicID=530517&page=22,There's literally one dude left I really want.   I will trade my 4th next year for a skipped pick or a pick that's up if he is left.,
12421783,cpdpoet,2/2/2023 12:04 PM,530517,23,https://www.whatifsports.com/forums/Posts.aspx?topicID=530517&page=23,"Philly and Pittsburgh have come to a deal

CRYPTKEEPERS send our 6th in '76 and our 2nd in 1978 to the Tanagers for p Larry Dierker and their 3rd in 1978.



-coldfoot to confirm",
12458371,trentonjoe,4/19/2023 5:32 AM,530517,24,https://www.whatifsports.com/forums/Posts.aspx?topicID=530517&page=24,The New York Times trade their 1977 first round pick and  1978 second round pick to Pittsburgh for Roy Smalley and the Tanagers 1979 third round pick.,
12459209,kros2,4/20/2023 7:12 PM,530517,25,https://www.whatifsports.com/forums/Posts.aspx?topicID=530517&page=25,Confirmed trade with Texas.  My current pick in the expansion draft for Texas second round pick in rookie draft.,
12459814,frazzman80,4/21/2023 9:45 PM,530517,25,https://www.whatifsports.com/forums/Posts.aspx?topicID=530517&page=25,"Texas Rangers and St. Louis Perfectos announce a deal.



Texas sends SP Jim Barr to St. Louis for RP Mark Littell. 



kermit to confirm",
12460969,epup1975,4/24/2023 3:04 AM,530517,26,https://www.whatifsports.com/forums/Posts.aspx?topicID=530517&page=26,"***TRADE ANNOUNCEMENT***



The Quake trade their 1977 3rd rounder to the New York Times for Larry Biittner",
12461343,eddiedzen,4/24/2023 7:12 PM,530517,26,https://www.whatifsports.com/forums/Posts.aspx?topicID=530517&page=26,Boston trades Jay Johnstone to Cincinnati for Jim Willoughby.  Fire to confirm.,
12461573,coldfoot,4/25/2023 9:42 AM,530517,27,https://www.whatifsports.com/forums/Posts.aspx?topicID=530517&page=27,Pitt trades bert campaneris and slot 69 to ryno for Tommy boggs and slot 92.,
12461656,txelvis,4/25/2023 12:00 PM,530517,27,https://www.whatifsports.com/forums/Posts.aspx?topicID=530517&page=27,"Houston trades C ""Big"" Earl Williams, 4th and 5th round picks to Baltimore for their 4th.



Don to confirm",
12461928,chargingryno,4/25/2023 7:27 PM,530517,27,https://www.whatifsports.com/forums/Posts.aspx?topicID=530517&page=27,"Georgia makes one more big trade:



Greg Luzinski-OF to Philly for their 1977 5th and 1978 1st





cpdpoet to confirm",
12465531,epup1975,5/3/2023 12:03 AM,530517,28,https://www.whatifsports.com/forums/Posts.aspx?topicID=530517&page=28,"***TRADE ANNOUNCEMENT***



The Quake trade their 1977 1st rounder & Chicago name to be determined's 1977 3rd rounder to the New York Eagles for Craig Reynolds & their 1977 2nd rounder",
12465792,frazzman80,5/3/2023 3:18 PM,530517,28,https://www.whatifsports.com/forums/Posts.aspx?topicID=530517&page=28,"Trade announcement for just4me to confirm (if the interwebs will allow him)



Texas sends CF Rick Manning and P Marty Pattin to NYN for OF Ben Oglivie and their 6th round pick #125.

 

	From:
	just4me
	To:
	frazzman80
	Received:
	5/3/2023 2:13:00 PM
	Subject:
	RE: Need a CF
	Message:
	For NYN, Manning + Pattin would be a great fit. If you'd trade that package for Oglivie + pick #125, I'd make that deal for the NYN team.",
12467765,epup1975,5/7/2023 10:23 PM,530517,29,https://www.whatifsports.com/forums/Posts.aspx?topicID=530517&page=29,"***TRADE ANNOUNCEMENT***



The Quake trade their 1979 1st rounder & Steve Henderson to the St. Louis Perfectos for Jerry Koosman",
12470298,harrelson,5/13/2023 2:20 PM,530517,29,https://www.whatifsports.com/forums/Posts.aspx?topicID=530517&page=29,Detroit sends Ted Sizemore to Chicago (AL) for Mike Champion and their 2nd round pick in 1978.  Chargingryno to confirm.,
12493120,frazzman80,6/24/2023 4:07 PM,530517,29,https://www.whatifsports.com/forums/Posts.aspx?topicID=530517&page=29,"I'm gearing up for the Utah trip (we'll be gone June 30 - July 17). I'm not sure what kind of access I will have will on the trip but hope to have wifi at one of the places we are staying, though when I called I was told I likely wouldn't have cell service. 



Not sure what will happen with the draft during that timeframe, but I really hope to be able to make my picks. If not, txelvis will likely proxy for me.



That said, I won't be able to GM much, which likely means I won't be making many trades during this time. I'm going to post my roster shortly so if there are any trade ideas you have, please get them to me before the 29th.



Here's one I've worked out effective AFTER the 120 game mark...so this will be a pre-draft trade. crustydoc to confirm...

 

	From:
	crustydoc
	To:
	frazzman80
	Subject:
	RE: Early 1978 trade idea since I'll be in Utah
	Message:
	Works for me.

	Post it at game 120, and I’ll accept.

	

	Travel safely.

	crusty

	

	-----Original Message-----

	From: frazzman80

	To: crustydoc

	Sent: 6/15/2023 2:13:00 PM

	Subject: Early 1978 trade idea since I'll be in Utah

	

	Afternoon,

	

	Since I'm going to be in Utah for our upcoming trade/roster window, I thought I'd send some ideas out early.

	

	Saw you could use help with a SP and IF/OF next season so what are your thoughts on this:

	

	SP Doug Rau, OF/2B/3B/1B/SS Derrell Thomas and my 1978 3rd round pick

	

	for

	

	Your 1978 2nd round pick.",
12502138,ff09,7/15/2023 4:56 PM,530517,31,https://www.whatifsports.com/forums/Posts.aspx?topicID=530517&page=31,Pittsburgh (coldfoot) trades 3B Wayne Gross to Montreal (ff09) for OF Rick Monday,
12502421,dodgerdon,7/16/2023 11:16 AM (edited),530517,31,https://www.whatifsports.com/forums/Posts.aspx?topicID=530517&page=31,"O’s send recently acquired Roy Smalley, Jr. SS & 1978 5th round pick to Georgia for Don Aase P & Don Stanhouse P.



chargingryno to confirm.",
12502829,frazzman80,7/17/2023 12:24 AM,530517,31,https://www.whatifsports.com/forums/Posts.aspx?topicID=530517&page=31,Back from Utah - I'm open to trade ideas to improve at 1B or 3B. I could send a pick and Lamar Johnson as a package for a better 1B or 3B. Or I might be persuaded to trade a SP and Lamar Johnson for a major upgrade at 1B/3B so long as I get some IP back. I could also just trade picks for a 1B/3B.,
12503504,chargingryno,7/18/2023 11:29 AM,530517,31,https://www.whatifsports.com/forums/Posts.aspx?topicID=530517&page=31,"Chicago sends their two 3rd round picks to Baltimore for their 2nd and 4th 



DD to confirm",
12509970,frazzman80,7/29/2023 7:52 PM,530517,32,https://www.whatifsports.com/forums/Posts.aspx?topicID=530517&page=32,"txelvis is still vacationing but when we talked earlier today he said to try to trade C Dave Rader for ""any semblance of a decent P"" or for a quality backup 2B (as Madlock is short PAs there) or someone who can play 1B (as he doesn't have anyone on his roster rated there). Or, I can move Rader for a pick before add/drop to get him the 2B or 1B.",
12510057,chargingryno,7/30/2023 12:59 AM,530517,33,https://www.whatifsports.com/forums/Posts.aspx?topicID=530517&page=33,Georgia sends Mike Tyson-2B to New York Eagles for missed 6th round pick,
12558014,fire13,11/5/2023 11:12 PM,530517,34,https://www.whatifsports.com/forums/Posts.aspx?topicID=530517&page=34,CIN trades 1980 2nd round pick and 1979 last round pick to MON for Jim Kern...TJ to confirm,
12558023,chargingryno,11/5/2023 11:57 PM,530517,35,https://www.whatifsports.com/forums/Posts.aspx?topicID=530517&page=35,"Chicago sends 1979 2nd and 1981 2nd to Pittsburgh for Chicago's 1979 1st



coldfoot to confirm",
12565938,trentonjoe,11/19/2023 11:26 AM,530517,36,https://www.whatifsports.com/forums/Posts.aspx?topicID=530517&page=36,The New York Times trade Thurmon Munson and their 1981 1st round pick to St.Louis for Jim Sundberg.,
12600362,chargingryno,1/29/2024 1:23 PM,530517,37,https://www.whatifsports.com/forums/Posts.aspx?topicID=530517&page=37,"Chicago will send 1981 3rd for Pete Redfern 



txelvis to confirm",
12600454,trentonjoe,1/29/2024 3:06 PM,530517,37,https://www.whatifsports.com/forums/Posts.aspx?topicID=530517&page=37,The New York Times send Ron LeFlore  across town to he NY Nutcrackers for Randy Scarberry P.,
12602703,dbrom,2/2/2024 9:08 AM,530517,38,https://www.whatifsports.com/forums/Posts.aspx?topicID=530517&page=38,Glad he worked out TJ.   Always happy when a trade works out for a friend.  :-),
12605480,frazzman80,2/7/2024 6:00 PM,530517,39,https://www.whatifsports.com/forums/Posts.aspx?topicID=530517&page=39,"Texas sends our 6th round pick #123 to TJ for 1B Harry Spillman

 

	From:
	Trentonjoe
	To:
	frazzman80
	Received:
	2/7/2024 5:19:00 PM
	Subject:
	RE: Spilman
	Message:
	Boom. You can have spilman.

	

	-----Original Message-----

	From: frazzman80

	To: Trentonjoe

	Sent: 2/7/2024 5:13:00 PM

	Subject: Spilman

	

	I'll send you my last pick (6th round #123) for him.",
12605632,pi_kapp,2/7/2024 10:17 PM,530517,40,https://www.whatifsports.com/forums/Posts.aspx?topicID=530517&page=40,I’ve got too many lefties in the bullpen. Will swap for a righty of equal value,
12606034,mvw,2/8/2024 5:42 PM,530517,40,https://www.whatifsports.com/forums/Posts.aspx?topicID=530517&page=40,"Philly gets Cincinnati's current 4th Round pick (#94).



Cincinnati gets SS Johnnie LeMaster.



cpdpoet to confirm.",
12606309,trentonjoe,2/9/2024 10:52 AM,530517,40,https://www.whatifsports.com/forums/Posts.aspx?topicID=530517&page=40,The New York Times trade Bud Harrelson to the Boston Eddie’s for their upcoming 5th round pick.,
12606834,dodgerdon,2/10/2024 11:53 AM,530517,40,https://www.whatifsports.com/forums/Posts.aspx?topicID=530517&page=40,"O’s trade Dave Roberts 3b & Dan Ford OF to STL for Jamie Quirk 3b & Terry Crowley DH. 



kermit to confirm.",
12607264,trentonjoe,2/11/2024 9:48 AM,530517,40,https://www.whatifsports.com/forums/Posts.aspx?topicID=530517&page=40,NYT trade Jerry White to  KC for their 6th round pick in 1981 or last pick in 1981 (whatever is first).,
12632045,dodgerdon,3/31/2024 2:06 PM,530517,41,https://www.whatifsports.com/forums/Posts.aspx?topicID=530517&page=41,"In season trade:



BAL trades 1982 3rd round pick to CLE for Jim Dwyer OF",
12644446,coldfoot,4/29/2024 7:13 PM,530517,42,https://www.whatifsports.com/forums/Posts.aspx?topicID=530517&page=42,"pitt trades p tommy boggs and  1983 #3

to the st louis squad for their 83 #2



kermit to confirm....",
12644459,kermit,4/29/2024 7:57 PM,530517,43,https://www.whatifsports.com/forums/Posts.aspx?topicID=530517&page=43,StL trade with Pit for Tommy Boggs confirmed. I assume this also gives me rights to any future players named Boggs.,
12644521,sinatra,4/29/2024 11:11 PM,530517,43,https://www.whatifsports.com/forums/Posts.aspx?topicID=530517&page=43,"Cincinatti trades their 1982 5th round pick to Pittsburgh (coldfood, I THINK this is his team) for their 1981 3rd round pick.  Coldfoot to confirm",
12644588,trentonjoe,4/30/2024 9:39 AM,530517,43,https://www.whatifsports.com/forums/Posts.aspx?topicID=530517&page=43,The Times trade Dave Bergman 1b to St. Louis for Steve Henderson OF.,
12644594,kermit,4/30/2024 9:55 AM,530517,43,https://www.whatifsports.com/forums/Posts.aspx?topicID=530517&page=43,StL confirms trade with NYT to send Steve Henderson to the Big Apple for Dave Bergman,
12645135,trentonjoe,5/1/2024 8:31 PM,530517,43,https://www.whatifsports.com/forums/Posts.aspx?topicID=530517&page=43,The Times send Mike Ramsey to Newark for Mike Stanton.,
12645889,kermit,5/3/2024 8:11 PM,530517,44,https://www.whatifsports.com/forums/Posts.aspx?topicID=530517&page=44,"Disco Dan Ford is reunited with DodgerDon as St. Louis sends him to Baltimore for the Baltimore's #1 pick in Round 3 of the 1981 draft.



DodgerDon to confirm",
12646041,chargingryno,5/4/2024 10:41 AM,530517,44,https://www.whatifsports.com/forums/Posts.aspx?topicID=530517&page=44,"Chicago sends 83 3rd and Tim Stoddard to STL for Rick Camp -P



kermit to confirm",
12646088,chargingryno,5/4/2024 12:28 PM,530517,44,https://www.whatifsports.com/forums/Posts.aspx?topicID=530517&page=44,"From draft thread - 



Quote post by mickr9 on 5/4/2024 12:08:00 PM:

Toronto send Chris Chambliss and current #4 pick to Seattle for John Mayberry and a #2 next year 0 Pi_kapp confirm",
12646355,mickr9,5/5/2024 7:50 AM,530517,44,https://www.whatifsports.com/forums/Posts.aspx?topicID=530517&page=44,Toronto send John Mayberry to Montreal for #20 in Rnd 2...CPDPoet to confirm,
12647149,frazzman80,5/7/2024 10:00 AM (edited),530517,45,https://www.whatifsports.com/forums/Posts.aspx?topicID=530517&page=45,"Houston works a deal with Toronto and sends P Glenn Abbott, OF Jorge Orta and the 1982 Houston 2nd round pick for OF Dusty Baker.



mickr9 to confirm when his plane lands.

 

	From:
	mickr9
	To:
	frazzman80
	Received:
	5/7/2024 9:53:00 AM
	Subject:
	RE: OF for SP trade with Houston
	Message:
	Literally boarding a flight. Will confirm when I land

	

	-----Original Message-----

	From: frazzman80

	To: mickr9

	Sent: 5/7/2024 9:49:00 AM

	Subject: RE: OF for SP trade with Houston

	

	Gotcha - posted it for you to confirm.

	

	Thanks and good luck with the players and the pick.",
12647220,chargingryno,5/7/2024 12:30 PM,530517,45,https://www.whatifsports.com/forums/Posts.aspx?topicID=530517&page=45,TOR also sends their now unneeded 3rd round pick to Houston to balance the trade,
12661810,chargingryno,6/7/2024 11:31 PM,530517,46,https://www.whatifsports.com/forums/Posts.aspx?topicID=530517&page=46,"BLOCKBUSTER ANNOUNCEMENT:



Chicago sends Bobby Grich, Paul Molitor, Gorman Thomas and 1982 PIT 2nd to TEXAS



Texas send Harold Baines, Ben Oglivie, Glenn Hubbard, 1982 1st and 1983 2nd to CHICAGO



Chicago then sends Glenn Hubbard, Jim Bibby, Reggie Smith (IR) and 1982 SF 2nd to HOUSTON



Houston sends Phil Garner, 1982 1st, and 1983 2nd to CHICAGO



IF Texas or Houston 1st are TOP 4, they return to their original team and send their 1984 1st instead. 





due to the complex nature of moving parts the GM trade center will have this trade broken into 3 parts.



Chicago sending Gorman Thomas, Bobby grich, and Paul molitor to Texas for Harold baines and Ben Oglivie -as well as picks in the notes. 



Chicago sending Jim Bibby to Houston for Phil Garner - as well as picks in the notes.



Texas sending Glenn Hubbard to Houston for a scrub.



Hubbard is included in the trade going to Chicago from Texas, and then from Chicago to Houston. This is a simpler way of conducting the trade with many moving parts 





Frazzman to confirm",
12662096,frazzman80,6/8/2024 3:07 PM,530517,46,https://www.whatifsports.com/forums/Posts.aspx?topicID=530517&page=46,"Confirming...



Per chargingryno's direction, I'm going to set up the trade directly for Hubbard to Houston as per the smail below.

 

	From:
	chargingryno
	To:
	frazzman80
	Received:
	6/8/2024 12:40:00 AM
	Subject:
	RE: Thomas or a bigger deal
	Message:
	Okay, I posted the two I can, if you wanna send Hubbard to Houston then we should be set.",
12675698,wgasa,7/12/2024 9:46 AM,530517,47,https://www.whatifsports.com/forums/Posts.aspx?topicID=530517&page=47,"Chicago Cornhuskers trade their 1982 1st round pick to St. Louis for their 1982 1st and 3rd round picks and P Steve Rogers.



kermit to confirm.",
12676566,cpdpoet,7/14/2024 2:28 PM,530517,48,https://www.whatifsports.com/forums/Posts.aspx?topicID=530517&page=48,"Montreal and Pittsburgh have come to terms on a deal:



ISLANDS send of ruppert jones and their 4-th in 1982 to Pitts cleve's #3 in '83.",
12676928,wgasa,7/15/2024 11:34 AM,530517,48,https://www.whatifsports.com/forums/Posts.aspx?topicID=530517&page=48,"Cornhuskers trade their 84 1st round pick and the Cleveland 82 5th round pick it owns for Pittburgh’s 82 1st round pick (#12). If Cornhuskers 84 1st rounder is top 6, Pitt includes their 84 2nd. If the 1st rounder is bottom 5, then Cornhuskers send over their 84 2nd round pick.



coldfoot to confirm.



I will update the picks listed in my keepers list.",
12680493,frazzman80,7/23/2024 7:02 PM,530517,49,https://www.whatifsports.com/forums/Posts.aspx?topicID=530517&page=49,"Outside of the HOF 4, which I very much doubt I could trade for, there are a few hitters I'd move OF Von Hayes for if they are on the board. Or I'd possibly move SP RIck Honeycutt for one of the SPs on the board. I don't have a 1st but have two 2nds or I can do another player/pitcher as a combo to move up into the 1st. Open to trade ideas. Just let me know.",
12681875,kermit,7/27/2024 3:11 PM (edited),530517,49,https://www.whatifsports.com/forums/Posts.aspx?topicID=530517&page=49,"St Louis is bringing Steve Carlton back where he belongs.



St. Louis acquires Steve Carlton and slot 90 in 1982 draft (Pittsburgh 4th round pick) for Toby Harrah, slot 81 in 1982 draft (St. Louis 4th round pick), and St Louis 1st round pick in 1983 draft

if St Louis 1983 1st round pick is in top 10, St. Louis keeps that pick and Pittsburgh gets St Louis 1983 2nd round pick

if St. Louis 1983 1st round pick is in 11-24 range, Pittsburgh receives that pick and send the Pittsburgh 1983 2nd round pick to St. Louis.



After reading that three times, I almost understand it.



coldfoot to confirm.",
12682828,frazzman80,7/30/2024 10:23 AM,530517,49,https://www.whatifsports.com/forums/Posts.aspx?topicID=530517&page=49,Sold - Texas trades our 1982 4th round pick for OF Steve Henderson.,
12682848,chargingryno,7/30/2024 11:06 AM,530517,49,https://www.whatifsports.com/forums/Posts.aspx?topicID=530517&page=49,Chicago will take this and send our 4th to NYT - sitemailing now,
12683266,chargingryno,7/31/2024 11:31 AM,530517,50,https://www.whatifsports.com/forums/Posts.aspx?topicID=530517&page=50,Chicago is interested in picking up 2nd round picks this draft. We have 3 next year and will trade one for one a 2nd next year for this,
12683807,trentonjoe,8/1/2024 9:43 PM,530517,51,https://www.whatifsports.com/forums/Posts.aspx?topicID=530517&page=51,The Times send Mike Stanton to the Cornhuskers for their 3rd round pick.,
12684463,trentonjoe,8/3/2024 8:25 PM,530517,51,https://www.whatifsports.com/forums/Posts.aspx?topicID=530517&page=51,The NYT trade Luis Sanchez to Boston for their 4th round pick.,
12713409,trentonjoe,10/13/2024 6:26 AM,530517,52,https://www.whatifsports.com/forums/Posts.aspx?topicID=530517&page=52,The Times send Al Bumbry and their 4th round pick to Toronto for their 4th.,
12715643,trentonjoe,10/18/2024 8:16 PM,530517,52,https://www.whatifsports.com/forums/Posts.aspx?topicID=530517&page=52,Newark sends John Curtis to Chicago (NL) for their 4th round pick.,
12715946,coldfoot,10/19/2024 6:45 PM,530517,52,https://www.whatifsports.com/forums/Posts.aspx?topicID=530517&page=52,"toronto trades their #4in 84 to stl for pitt 83 #3

frog to confirm",
12717135,coldfoot,10/22/2024 8:02 PM,530517,52,https://www.whatifsports.com/forums/Posts.aspx?topicID=530517&page=52,tor sends nyt #4 to mont for wayne gross and both #5s owned by mont.,
12720071,frazzman80,10/30/2024 10:27 AM,530517,52,https://www.whatifsports.com/forums/Posts.aspx?topicID=530517&page=52,"Hey all - I'm going to run Houston again this season since we didn't find a new owner.



Anyone interested in any of the players below? I'll take a 1983 or 1984 4th round pick for any of them.



C 1983 Alan Knicely

SS 1983 Rick Burleson

SS 1983 Bob Bailor

OF 1983 Cesar Geronimo

Util 1983 Jeff Burroughs

RP 1983 John Henry Johnson

RP 1983 Bill Castro

RP 1983 Jim Barr

SP 1983 Bob Stoddard



If anyone has some extra 1B, OF or a decent bullpen arm let me know as Houston would potentially trade a middle round pick in 1983 for one of those spots.",
12720575,frazzman80,10/31/2024 1:03 PM,530517,53,https://www.whatifsports.com/forums/Posts.aspx?topicID=530517&page=53,"One more Houston deal to post.



Houston sends P Bob Stoddard to Montreal for their 1984 4th round pick. cpdpoet to confirm

 

	From:
	cpdpoet
	To:
	frazzman80
	Received:
	10/31/2024 12:33:00 PM
	Subject:
	RE: J4M 1983 Draft
	Message:
	@work now

	84 4th works for me

	c",
12724887,coldfoot,11/10/2024 8:37 AM,530517,53,https://www.whatifsports.com/forums/Posts.aspx?topicID=530517&page=53,"pitt needs to move a sp. 

fernando

gullickson

floyd bannister

eric show

charlie lea

steve bedrosian



send me a sitemail to discuss any of them",
12725459,schwingkid,11/11/2024 2:15 PM,530517,53,https://www.whatifsports.com/forums/Posts.aspx?topicID=530517&page=53,Minnesota sends Jerry Royster and our 4th round pick to Pi Kapp for Frank Pastore,
12727153,harrelson,11/15/2024 1:24 PM,530517,54,https://www.whatifsports.com/forums/Posts.aspx?topicID=530517&page=54,"Pittsburgh sends Fernando Valenzuela, Rupport Jones, 84 #2, 84 #4, Minn's 83 #5 to Detroit for Fred Lynn, 84#1, and 83 #3.  Coldfoot to confirm.

..",
12728543,n4ser,11/18/2024 8:27 PM,530517,54,https://www.whatifsports.com/forums/Posts.aspx?topicID=530517&page=54,Nutcrackers trade Steve Yeager to Boston for this years 6/23 pick.  Eddiedzen to confirm,
12753792,wgasa,1/21/2025 6:20 PM,530517,55,https://www.whatifsports.com/forums/Posts.aspx?topicID=530517&page=55,"Texas sends DH Gorman Thomas to the Cornhuskers in exchange for the 4th round pick Texas had sent to the Cornhuskers in the earlier Brit Burns deal.  So, it’s Thomas to CHC, and CHC sends Texas’ 4th back to them.



Frazzman to confirm.",
12757310,wgasa,1/30/2025 2:50 PM,530517,56,https://www.whatifsports.com/forums/Posts.aspx?topicID=530517&page=56,"The CHC trade P Lary Sorensen and its 84 4th rounder to Montreal for its 85 3rd rounder.  Cpdpoet to confirm.



Updating keeper list and picks now.",
12757422,dbrom,1/30/2025 6:48 PM,530517,56,https://www.whatifsports.com/forums/Posts.aspx?topicID=530517&page=56,If anyone needs picks I'll trade my two 4th's for a 3rd or my two 3rds for a 2nd.,
12759905,trentonjoe,2/5/2025 1:38 PM,530517,57,https://www.whatifsports.com/forums/Posts.aspx?topicID=530517&page=57,The Newark trades Jaime Cocanower (however you spell it) to Baltimore for a 1985 4th round pick and 1/2 a turkey sandwich.,
12767562,chargingryno,2/25/2025 2:27 PM,530517,57,https://www.whatifsports.com/forums/Posts.aspx?topicID=530517&page=57,Bump for someone to trade for Soto or Niekro :),
12775156,eddiedzen,3/14/2025 6:57 PM,530517,58,https://www.whatifsports.com/forums/Posts.aspx?topicID=530517&page=58,Boston sends Scott McGregor P to Minnesota for George Frazier P.,
12776311,epup1975,3/17/2025 3:59 PM,530517,58,https://www.whatifsports.com/forums/Posts.aspx?topicID=530517&page=58,"***TRADE ANNOUNCEMENT***



The Quake trade their 1985 5th rounder to the Firebirds for their 1984 5th rounder(pick 5.08)",
12777735,chargingryno,3/21/2025 10:06 AM,530517,59,https://www.whatifsports.com/forums/Posts.aspx?topicID=530517&page=59,Tor sends Rob Wilfong -2B to BAL for their 2nd round AAA pick,
12783863,stevebobldn,4/3/2025 7:21 PM,530517,59,https://www.whatifsports.com/forums/Posts.aspx?topicID=530517&page=59,"Trade Annoncement (in season):



The Montreal Royales trade Bill Schoeder (C) to the New York Eagles for 1985 4th Round Draft Pick + a AAA replacement.",
12801650,frazzman80,5/22/2025 2:12 PM,530517,59,https://www.whatifsports.com/forums/Posts.aspx?topicID=530517&page=59,"For the 1985 season, Texas sends P Britt Burns, C Dave Engle and our 1985 3rd round pick to the St. Louis Perfectos for P Bob Stanley and their 1986 2nd round pick. 



kermit to confirm.",
12822589,trentonjoe,7/14/2025 7:51 AM,530517,61,https://www.whatifsports.com/forums/Posts.aspx?topicID=530517&page=61,Newark trades Shane Rawley to St. Louis for Dwayne Murphy.,
12822922,stevebobldn,7/14/2025 7:14 PM,530517,61,https://www.whatifsports.com/forums/Posts.aspx?topicID=530517&page=61,"Trade Announcement:



The Kansas City Monarchs trade their 1985 5th Round pick to the Chicago Thunderbears for Phil Garner (3B) + 1985 7th Round pick.",
12825926,wgasa,7/21/2025 5:53 PM,530517,62,https://www.whatifsports.com/forums/Posts.aspx?topicID=530517&page=62,"Toronto trades the just drafted P Ken Dayley to the Cornhuskers for SS Tom Foley.  



Coldfoot to confirm.",
12826273,stevebobldn,7/22/2025 11:41 AM,530517,63,https://www.whatifsports.com/forums/Posts.aspx?topicID=530517&page=63,"Trade Announcement:



The Montreal Royales trade Frank Wills (P) to the Kansas City Monarchs for Billy Sample (OF).",
12855938,stevebobldn,9/30/2025 6:31 AM,530517,63,https://www.whatifsports.com/forums/Posts.aspx?topicID=530517&page=63,"Trade Announcement:



Kansas City Monarchs trade 1986 3rd Round Draft Pick to the St. Louis Perfectos for Shane Rawley (P) + 1986 5th Round Draft Pick.",
12855965,the_creeper,9/30/2025 9:30 AM,530517,63,https://www.whatifsports.com/forums/Posts.aspx?topicID=530517&page=63,Ill send Dennis Leonard to anyone for a 4th before cut lists are final.  You wont get anything close to him with a 4th.  First one who replies gets him.,
12856079,the_creeper,9/30/2025 1:22 PM,530517,64,https://www.whatifsports.com/forums/Posts.aspx?topicID=530517&page=64,Confirmed.  Houston trades Dennis Leonard to NYE for Chicagos 4th rounder.,
12856755,frazzman80,10/1/2025 11:30 PM,530517,64,https://www.whatifsports.com/forums/Posts.aspx?topicID=530517&page=64,"I'd trade Ted Simmons for a 1987 pick...

 

	
		

			13065
			1986
			Simmons
			Ted
			1B
			Atlanta Braves
			NL
			0
			S
			R
			145
			128
			0.252
			0.313
			0.386
			32
			12
			4
			1
			0.257
			0.316
			0.387
			0.703
			49
			D-/C/D
			C/B-
			--
			D/D-
			--
			--
			 $   649,060
			0
			0
		
		

			13065
			1987
			Simmons
			Ted
			1B
			Atlanta Braves
			NL
			0
			S
			R
			202
			179
			0.277
			0.350
			0.390
			49
			21
			4
			1
			0.278
			0.350
			0.379
			0.730
			49
			D-/B/B+
			D/D-
			--
			D-/D-
			--
			--
			 $1,034,875
			0
			0
		
		

			13065
			1988
			Simmons
			Ted
			1B
			Atlanta Braves
			NL
			0
			S
			R
			125
			109
			0.196
			0.293
			0.308
			21
			15
			2
			0
			0.202
			0.302
			0.317
			0.619
			46
			D-/C/D-
			C/D-
			--
			--
			--
			--
			 $   344,246
			0
			1
		
	



Same with Bob Stanley and his good 1988 future

 

	
		

			13518
			1986
			Stanley
			Bob
			Boston Red Sox
			AL
			0
			R
			R
			83.0
			4.37
			5.37
			0.322
			1.591
			54
			0.984
			22
			0.323
			1.583
			0.780
			2.338
			5.183
			D+/B+
			 $       1,191,869
			0
			0
		
		

			13518
			1987
			Stanley
			Bob
			Boston Red Sox
			AL
			0
			R
			R
			153.0
			5.01
			5.38
			0.321
			1.572
			67
			1.002
			42
			0.320
			1.551
			0.726
			2.382
			3.609
			A/B+
			 $       2,378,723
			0
			0
		
		

			13518
			1988
			Stanley
			Bob
			Boston Red Sox
			AL
			0
			R
			R
			102.0
			3.19
			2.94
			0.242
			1.171
			57
			0.531
			29
			0.244
			1.180
			0.460
			2.583
			4.650
			D/C-
			 $       2,563,033
			0
			0
		
		

			13518
			1989
			Stanley
			Bob
			Boston Red Sox
			AL
			0
			R
			R
			80.0
			4.88
			5.10
			0.321
			1.614
			32
			0.454
			26
			0.321
			1.618
			0.417
			2.949
			3.442
			B/B+
			 $       1,194,989
			0
			1",
12858358,frazzman80,10/6/2025 10:10 AM,530517,64,https://www.whatifsports.com/forums/Posts.aspx?topicID=530517&page=64,"Don't be man...when we made the deal I needed the pick, but after my other post-season deals I wound up with it as an extra. Happy to send it back to you.",
12860061,wgasa,10/9/2025 2:03 PM,530517,65,https://www.whatifsports.com/forums/Posts.aspx?topicID=530517&page=65,"The Cornhuskers have agreed to a trade that sends 2B Tony Bernazard, OF Milt Thompson, and P Doug Corbett to the Brewers for P Rick Sutcliffe, 2B Bobby Grich annd their 1986 3rd round pick.



Cdew8 to confirm.",
12865917,coldfoot,10/21/2025 7:02 PM,530517,65,https://www.whatifsports.com/forums/Posts.aspx?topicID=530517&page=65,"rumor mill

pit sends p steve bedrosian, of mitch webster and 1b/dh darrell evans to tor for bos#1.",
12880030,epup1975,11/20/2025 12:24 PM (edited),530517,65,https://www.whatifsports.com/forums/Posts.aspx?topicID=530517&page=65,"***TRADE ANNOUNCEMENT***



The Quake trade Steve Garvey to the Firebirds of 85 for their 1986 5th & 1987 4th rounders",
12909095,stevebobldn,1/25/2026 3:50 PM,530517,66,https://www.whatifsports.com/forums/Posts.aspx?topicID=530517&page=66,"These are the trades made after the last time this was posted, for trades through 12/22.  Want to make sure these trades are taken into account for the Salary Spreadsheet....

 

1/4/2026 1:00:00 PM

Baltimore Orioles '86 (chargingryno)

Players: Danny Cox '86

Cash: $0

Note:

Toronto ModernDayWarriors (coldfoot)

Players: Ted Power '86

Cash: $0

Note:

12/31/2025 6:00:00 AM

Boston Red Sox (The_Creeper)

Players: Dave Stieb '86, Steve Carlton '86

Cash: $0

Note: +PHI 3rd to BOS.

Philly CRYPTKEEPERS (cpdpoet)

Players: Bob Knepper '86, Jeff D. Robinson '86

Cash: $0

Note:

12/24/2025 3:00:00 PM

Montreal Royales (SteveBobLDN)

Players: Chris Brown '86

Cash: $0

Note: + Houston 3rd Round pick in '87.

Houston QuickSands (1986) (The_Creeper)

Players: Marshall Beckmann '26

Cash: $0

Note:",
12909480,cdew8,1/26/2026 8:34 AM,530517,67,https://www.whatifsports.com/forums/Posts.aspx?topicID=530517&page=67,"Milwaukee trades P Bob Sebra to St Louis for C Ozzie Virgil. 



Kermit to confirm",
12919051,the_creeper,2/13/2026 9:11 AM,530517,68,https://www.whatifsports.com/forums/Posts.aspx?topicID=530517&page=68,Is the draft board updated?  Probably misreading this but did Ryno just trade #14 pick in the 3rd round for #11 Pick in the 3rd round and Gary Carter?  Effectively moving up 3 spots and getting a starting catcher for nothing?  I probably misread it.,
12925371,stevebobldn,2/24/2026 11:26 AM,530517,70,https://www.whatifsports.com/forums/Posts.aspx?topicID=530517&page=70,"This trade is between BAL (not CHI) and PIT.



BAL trades pick 1.19 + Horton to PIT for '88 1st  + Gullickson + pick 3.4 (PIT>CHI)



Pick 1.19 is Pittsburgh's last pick until AAA unless they trade a player to get back into the draft.",
12925917,chargingryno,2/25/2026 8:47 AM,530517,71,https://www.whatifsports.com/forums/Posts.aspx?topicID=530517&page=71,"We never had a rule about it before - there were instances in which teams that were being temporarily ran by an owner made trades, I know in at least one of them, the trade was facilitated by the original owner before disappearing. The trades were posted for the league and no concerns were brought up. That to me is different than team that are being permanently run by the same owner. 



I received several sitemails concerning this, and so while rules about it were vague before, I feel it’s important to have a clear guideline going forward as we do have several owners running multiple teams.",
12926320,harrelson,2/25/2026 9:39 PM,530517,72,https://www.whatifsports.com/forums/Posts.aspx?topicID=530517&page=72,Cleveland trades pick 2.2 to frazzman for his pick at 2.24 plus p Lance McCullers.  Frazier to confirm,
12926328,frazzman80,2/25/2026 11:03 PM (edited),530517,72,https://www.whatifsports.com/forums/Posts.aspx?topicID=530517&page=72,"Texas sends RP Lance McCullers and the Texas 2nd round pick 2.24 to Cleveland for pick 2.2 and their last pick (which I think is 4.2).

	

	From:
	harrelson
	To:
	frazzman80
	Received:
	2/25/2026 8:00:00 PM
	Subject:
	RE: Trade ideas
	Message:
	I'll take McCullers and your 2.24 for my 2.2 currently up. You post, I'll confirm, make your pick.",
12927163,pi_kapp,2/27/2026 1:49 PM,530517,72,https://www.whatifsports.com/forums/Posts.aspx?topicID=530517&page=72,Trenton trades pick 3.12 for Seattles last 5th in the current draft and Seattles 3rd in next years draft,
12933996,just4me,3/17/2026 5:40 PM,530517,73,https://www.whatifsports.com/forums/Posts.aspx?topicID=530517&page=73,NYE sends their ‘89 3rd to PHI in exchange for IR player Chuck Cary. cpdpoet to confirm,
12941920,epup1975,4/5/2026 9:49 PM,530517,73,https://www.whatifsports.com/forums/Posts.aspx?topicID=530517&page=73,"**TRADE ANNOUNCEMENT***



The Quake trade Tim Stoddard to the Sea Snakes for their 1988 4th rounder",
12941925,epup1975,4/5/2026 10:00 PM,530517,73,https://www.whatifsports.com/forums/Posts.aspx?topicID=530517&page=73,"**TRADE ANNOUNCEMENT***



The Quake trade Larry Hendon to the Nacho Mommas FrazzStros for Mike Easler & their 1988 5th rounder",
12945390,stevebobldn,4/13/2026 11:11 AM,530517,74,https://www.whatifsports.com/forums/Posts.aspx?topicID=530517&page=74,"Absolutely need to post trades in the thread or lost to history after the season ends.  Since a number of trades for for picks in, say 1989, easy to lose the history.  Agree that ideally screen prints of the in-season trades are posted here and that should be done.  But in the event they are missed, causes problems.",
12945953,the_creeper,4/14/2026 8:12 PM,530517,74,https://www.whatifsports.com/forums/Posts.aspx?topicID=530517&page=74,"Probably tend to agree but it shoudl be standard practice to just post all the in season trades at the end of the year and they will never be lost.  This league takes longer than any other league I have ever been in between seasons....still not sure why.  Agree with the concept of trades in offseason or between seasons but for inseason if there is an error/change, then post it.  That is all I was saying.",
12957685,wgasa,5/15/2026 11:09 AM,530517,76,https://www.whatifsports.com/forums/Posts.aspx?topicID=530517&page=76,"Cornhuskers trade picks 1.5 and 5.7 (CHI) to NYT for pick 1.7 and P Bill Long.



TJ to confirm",
12958608,trentonjoe,5/17/2026 12:31 PM,530517,76,https://www.whatifsports.com/forums/Posts.aspx?topicID=530517&page=76,New York Times trade their 1st and 2nd pick to Boston for their 1st and last.,
12958640,stevebobldn,5/17/2026 1:40 PM,530517,76,https://www.whatifsports.com/forums/Posts.aspx?topicID=530517&page=76,"OK, the final trade is:



Houston trades 1st and 6th to NYT for 1st (CHC) and 2nd.   



Note that Houston loses their 6th pick in the transaction and NYT picks up a 6th pick.  Timing wise they are effectively the same pick so NYT will take HOU 6th.",
12959415,chargingryno,5/19/2026 1:22 PM,530517,77,https://www.whatifsports.com/forums/Posts.aspx?topicID=530517&page=77,"trade will be 1.23 and 4.1 to Chicago for Ivan Calderon and 3.18 to Philly - confirmed below in sitemail.

	

	From:
	cpdpoet
	To:
	chargingryno
	Received:
	5/19/2026 1:16:00 PM
	Subject:
	RE: J4M trade 
	Message:
	Afternoon

	

	I'll take this deal.

	And my last pick is my 4th.

	

	Am out until supper so feel free to post this as my acceptance and you may edit as you see fit

	-c

	-----Original Message-----

	From: chargingryno

	To: Cpdpoet

	Sent: 5/19/2026 11:27:00 AM

	Subject: J4M trade 

	

	Will send Ivan Calderon and Toronto 3rd for your current/next pick and last pick in draft",
12959420,the_creeper,5/19/2026 1:28 PM,530517,77,https://www.whatifsports.com/forums/Posts.aspx?topicID=530517&page=77,"BOS and Philly have a deal.



BOS sends Bert Blyleven (the all time Wins leader in this league) + Keith Hernandez (the best at guarding ""the white line"") to Philly for Glenn Davis and pick 5.1 in the 1988 draft. CD's confirmation is below. 

 

	From:
	cpdpoet
	To:
	The_Creeper
	Received:
	5/19/2026 1:09:00 PM
	Subject:
	RE:
	Message:
	Afternoon

	Am out and about today, but I can do this deal.

	

	Post this as my acceptance.

	Edit post if you need and GL in Boston and your run

	-c",
12959622,stevebobldn,5/19/2026 10:44 PM (edited),530517,77,https://www.whatifsports.com/forums/Posts.aspx?topicID=530517&page=77,"OK, Montreal will trade pick 2.9 for NY Nationals 1989 2nd Round pick plus pick 4.3 (NYN>BOS>CLE) pick.  If K123456789 does not want the trade after kermit picks, then I will keep the pick and re-update the Draft Thread tomorrow.",
12959807,k123456789,5/20/2026 2:23 PM,530517,77,https://www.whatifsports.com/forums/Posts.aspx?topicID=530517&page=77,"Would trade some combination of Storm Davis, 3.3, and/or a 1990 2nd round pick for a starting pitcher upgrade on Davis for the next 2-3 seasons.",
12960776,harrelson,5/23/2026 3:34 PM (edited),530517,78,https://www.whatifsports.com/forums/Posts.aspx?topicID=530517&page=78,"Dtroit sends their 7th round pick to the NYTimes for Tommy John. TrentonJoe to confirm.



here I was thinking I had a deal.",
12974108,just4me,6/23/2026 4:34 PM,530517,79,https://www.whatifsports.com/forums/Posts.aspx?topicID=530517&page=79,"I thought I saw somewhere where stevebobldn was asking for trades for next season and beyond... 



Here's what I have traded and received for '89-90:



FUTURE PICKS TRADED (5):

'89: 1st (CHC), 1st (NYN->SEA), 2nd (KC), 2nd (NYN->NYN), 3rd (PHI), 4th (KC)

'90:



FUTURE PICKS RECEIVED (4):

'89: 1st (NYN), 2nd (NYN), 2nd (SEA), 3rd (CHC)

'90: 2nd (SFQ), 3rd (HOU)",
12979755,stevebobldn,7/6/2026 1:27 PM,530517,80,https://www.whatifsports.com/forums/Posts.aspx?topicID=530517&page=80,"Trade Amendments 

The following 2 trades are amended to change SEA's 1989 2nd Round Pick to SEA's 1990 2nd Round Pick:



1. TOR trade Pete O'Brien (1B) + Kirby Puckett (OF) + Ed Whitson (P) + 1989 3rd to SEA for Gene Larkin (OF) + Joe Orsulak (OF) + Andy Hawkins (P)+ 1989 1st + 1989 NYN 1st + 1990 2nd



2. TEX trade Frank Tanana (P) + 1989 3rd to TOR for Tim Leary (P) + 1990 SEA 2nd 



Trade Announcement

1. MON trade 1989 NYN 2nd to TEX for 1990 SEA 2nd



These trades clear up the duplicated trade of SEA's 1989 2nd Rounder. SEA replaced dupe pick trade with SEA's 1990 2nd Rounder. TEX keeps a 1989 2nd by trading the 1990 SEA pick for MON's 1989 NY Nationals 2nd pick.



Pi_Kapp, coldfoot and frazzman80 should all post a confirmation of the trades.",
12979910,stevebobldn,7/6/2026 7:56 PM,530517,80,https://www.whatifsports.com/forums/Posts.aspx?topicID=530517&page=80,"Trade Announcement:



Montreal Royales trade Domingo Ramos (SS) to the New York National for 1989 AAA pick #1.2.  Trade will occur at end of 1988 season.",
12980142,stevebobldn,7/7/2026 4:01 PM,530517,80,https://www.whatifsports.com/forums/Posts.aspx?topicID=530517&page=80,"Trade Announcement:



Montreal Royales trade Red Hudler (2B) + 1989 5th Round Draft Pick to the Milwaukee Brewers for Ron Oester (2B) + 1989 4th Round Draft Pick. Trade will go through the in-season trade history.



Fan favorite, former starting 2B, Oester returns to Montreal to finish career....",
12980649,epup1975,7/9/2026 2:10 AM,530517,80,https://www.whatifsports.com/forums/Posts.aspx?topicID=530517&page=80,"***TRADE ANNOUNCEMENT***



The Quake trade their 1990 3rd rounder to the Cornhuskers for Luis Salazar",
12983726,cdew8,7/18/2026 5:27 PM,530517,81,https://www.whatifsports.com/forums/Posts.aspx?topicID=530517&page=81,"Milwaukee trades OF Milt Thompson to St Louis for P Lee Guetterman. 



Kermit to confirm",
12986903,the_creeper,7/29/2026 11:00 AM,530517,82,https://www.whatifsports.com/forums/Posts.aspx?topicID=530517&page=82,Brian Holman being traded to HOU for pick 2.15.  Kermit to confirm.,
12988198,trentonjoe,8/1/2026 2:21 PM,530517,83,https://www.whatifsports.com/forums/Posts.aspx?topicID=530517&page=83,New York Trades Danny Tartabull and Steve Olin to Pittsburgh for Ken Howell and Tim Burke.,
12988405,trentonjoe,8/1/2026 8:56 PM,530517,83,https://www.whatifsports.com/forums/Posts.aspx?topicID=530517&page=83,WIll trade him for a pick in the 4th round.....,
12988815,the_creeper,8/2/2026 6:27 PM,530517,84,https://www.whatifsports.com/forums/Posts.aspx?topicID=530517&page=84,"HOU could deal 150IP very good innings of Mike LaCoss.  I need about 80 good innings back but if you need more innings, he is the guy.  If you didnt get your 3B BOS could also deal Craig Worthington...a solid starter for a couple of years.",
13012746,frazzman80,10/4/2026 12:33 AM,530517,85,https://www.whatifsports.com/forums/Posts.aspx?topicID=530517&page=85,"If you need IP I'd trade the 1990 NYT 3rd round pick I own and SP Walt Terrell for a 1990 2nd.



Or, I'd trade SP Walt Terrell and a 1991 3rd for a 1991 2nd.

	
		

			14067
			1990
			Terrell
			Walt
			Detroit Tigers
			AL
			2
			L
			R
			158.0
			5.24
			5.34
			0.293
			1.525
			64
			1.139
			57
			0.294
			1.525
			1.041
			3.168
			3.421
			A/A+
			$ 2,362,499
			0
			0
		
		

			14067
			1991
			Terrell
			Walt
			Detroit Tigers
			AL
			0
			L
			R
			219.0
			4.24
			4.78
			0.301
			1.537
			80
			0.659
			79
			0.302
			1.534
			0.568
			3.168
			3.107
			A+/B-
			$ 3,724,979
			0
			0
		
		

			14067
			1992
			Terrell
			Walt
			Detroit Tigers
			AL
			0
			L
			R
			137.0
			5.20
			4.96
			0.298
			1.544
			61
			0.922
			48
			0.299
			1.544
			0.845
			3.080
			3.802
			A/A-
			$ 2,149,491
			0
			1",
13013491,frazzman80,10/6/2026 12:31 AM,530517,86,https://www.whatifsports.com/forums/Posts.aspx?topicID=530517&page=86,"Texas sends the NYT 1990 3rd round pick we own to STL for P Bob Ojeda



kermit to confirm",
13013575,wgasa,10/6/2026 11:19 AM,530517,86,https://www.whatifsports.com/forums/Posts.aspx?topicID=530517&page=86,"Chicago Cornhuskers (CHC) trade OF Candy Maldonado and my 1990 3rd to New York Times for 3B Mike Sharperson and its 1990 2nd rounder.



TJ to confirm.",
13013577,wgasa,10/6/2026 11:23 AM,530517,86,https://www.whatifsports.com/forums/Posts.aspx?topicID=530517&page=86,"Chicago Cornhuskers trade the 1990 NY Times 2nd rounder acquired above to Newark in exchange for 1B Carlos Quintana.



TJ to confirm.",
12084084,crustydoc,4/27/2021 11:36:42 AM,525820,2,https://www.whatifsports.com/forums/Posts.aspx?topicID=525820&page=2,"California trades Paul Blair, of, and 1970 1st round draft pick to NYE for Woodie Fryman, p, and Joe Niekro, p.



just4me to confirm.",Some explicitly requested confirmations not located
12725471,trentonjoe,11/11/2024 4:16:20 PM,530517,54,https://www.whatifsports.com/forums/Posts.aspx?topicID=530517&page=54,Baltimore sends Mike LaCoss to Houston for their 3rd round pick.,
