season,date,team_a,team_b,source_game,source_method,source_confidence,source_note,independent_status,independent_game,independent_exact_match,exact_game_conflict,assets_a_to_b,assets_b_to_a
1975,1/12/2023 2:00:00 PM,Milwaukee Brewers,Chicago Thunderbears,122.0,salary_mirror_pair,,,unique-exact-payroll-pair,122,True,False,Steve Hargan '75,Steve Busby '75
1975,1/4/2023 5:00:00 PM,Texas Rangers,SoCal Space Cadets ‘75,99.0,salary_mirror_pair,,,unique-exact-payroll-pair,99,True,False,"Ed Brinkman '75, Orlando Ramirez '75","Denny Doyle '75, Danny Thompson '75"
1975,12/21/2022 10:00:00 AM,Chicago Thunderbears,Kansas City Monarchs,56.0,salary_mirror_pair,,,unique-exact-payroll-pair,56,True,False,Buzz Capra '75,Al Hrabosky '75
1975,12/20/2022 9:00:00 AM,Chicago Thunderbears,New York Nutcrackers,53.0,salary_mirror_pair,,,unique-exact-payroll-pair,53,True,False,Gene Pentz '75,Bob Apodaca '75
1975,12/18/2022 2:00:00 PM,1975 Baltimore Orioles,Montreal Cobblestones,48.0,salary_mirror_pair,,,unique-exact-payroll-pair,48,True,False,Jim Slaton '75,Mike Torrez '75
1975,12/17/2022,Oakland Bagchuckers,Chicago Thunderbears,43.0,salary_mirror_pair,,,unique-exact-payroll-pair,43,True,False,Jim Dwyer '75,"Jose Cardenal '75, Don Carrithers '75"
1975,12/16/2022 6:00:00 PM,Chicago Thunderbears,Pittsburg Tanagers,42.0,salary_mirror_pair,,,unique-exact-payroll-pair,42,True,False,"Bob Bailey '75, Bob Moose '75",Richie Zisk '75
1975,12/11/2022 9:00:00 PM,Cincinnati Mudcats,Pittsburg Tanagers,28.0,salary_mirror_pair,,,date-estimated,27,False,False,Richard Dibenedetto '26,Dyar Miller '75
1975,12/5/2022,Pittsburg Tanagers,New York Nutcrackers,2.0,event_mirror_retry,,,previous-placement-unconfirmed,2,False,False,"Steve Yeager '75, Joe Torre '75, Ben Oglivie '75",Andre Thornton '75
1975,12/2/2022 5:00:00 PM,SoCal Space Cadets ‘75,Texas Rangers,99.0,salary_mirror_pair,,,date-estimated,0,False,False,Doug Rau '75,Tom Underwood '75
1976,3/22/2023 2:00:00 AM,Kansas City Monarchs,New York Eagles,91.0,salary_mirror_pair,,,unique-exact-payroll-pair,91,True,False,Jim Kaat '76,Randy Jones '76
1977,6/27/2023 5:00:00 PM,Chicago Thunderbears,Pittsburgh Tanagers,73.0,salary_mirror_pair,,,unique-exact-payroll-pair,123,False,True,Don Hood '77,Bob Apodaca '77
1977,6/26/2023 7:00:00 PM,Seattle Sea Snakes,Pittsburgh Tanagers,121.0,salary_mirror_pair,,,unique-exact-payroll-pair,121,True,False,Bill Campbell '77,Tommy Boggs '77
1977,6/26/2023 8:00:00 AM,Texas Rangers,Cleveland Indians,119.0,salary_mirror_pair,,,date-estimated,119,False,False,Dirk NOUSEY '26,John Urrea '77
1977,6/22/2023,Philly CRYPTKEEPERS,Seattle Sea Snakes,106.0,salary_mirror_pair,,,unique-exact-payroll-pair,106,True,False,Pat Zachry '77,Dock Ellis '77
1977,6/19/2023 12:00:00 PM,Chicago Thunderbears,New York  Times,98.0,salary_mirror_pair,,,unique-exact-payroll-pair,98,True,False,Steve Foucault '77,Bob Galasso '77
1977,6/17/2023 12:00:00 PM,Pittsburgh Tanagers,New York  Times,92.0,salary_mirror_pair,,,unique-exact-payroll-pair,92,True,False,"Thurman Munson '77, Ron LeFlore '77","Tim McCarver '77, Joe Nolan '77, Gene Clines '77"
1977,6/10/2023 8:00:00 PM,Chicago Thunderbears,Pittsburgh Tanagers,73.0,salary_mirror_pair,,,unique-exact-payroll-pair,73,True,False,Bob Apodaca '77,Steve Foucault '77
1977,6/8/2023 10:00:00 AM,Oakland Bagchuckers,Pittsburgh Tanagers,18.0,salary_mirror_pair,,,unique-exact-payroll-pair,65,False,True,Ted Cox '77,Otto Velez '77
1977,6/6/2023 4:00:00 PM,Georgia Dawgs,Houston Colt .45s '77,60.0,salary_mirror_pair,,,unique-exact-payroll-pair,60,True,False,Steve Braun '77,cash $2.0M
1977,6/2/2023 11:00:00 AM,Montreal Cobblestones,Chicago Thunderbears,47.0,,exact,"pair A@47 B@47 exp=70253 || RECV Jim Kern '77=2233718alts=[2233718.0] | SEND Butch Metzger '77=2322144alts=[2322144.0, 2163465.0, 2320378.0]",unique-exact-payroll-pair,47,True,False,Butch Metzger '77,Jim Kern '77
1977,5/31/2023 6:00:00 PM,SoCal Space Cadets '77,Pittsburgh Tanagers,42.0,salary_mirror_pair,,,unique-exact-payroll-pair,43,False,True,"Thurman Munson '77, Ron LeFlore '77",George Mitterwald '77
1977,5/28/2023 12:00:00 PM,Pittsburgh Tanagers,Baltimore Orioles 1977,32.0,salary_mirror_pair,,,date-estimated,32,False,False,Morrie Gettys '26,Wayne Gross '77
1977,5/24/2023 12:00:00 PM,Chicago Thunderbears,SoCal Space Cadets '77,20.0,,exact,pair A@20 B@20 exp=-86907 || RECV Joe Niekro '77=4537078alts=[4537078.0] | SEND Jackie Brown '77=3728748alts=[3728748.0]; Jack Morris '77=895237alts=[895237.0],unique-exact-payroll-pair,20,True,False,"Jackie Brown '77, Jack Morris '77",Joe Niekro '77
1977,5/23/2023 9:00:00 PM,Detroit Supremes,SoCal Space Cadets '77,19.0,salary_mirror_pair,,,unique-exact-payroll-pair,19,True,False,"Mike Champion '77, Dave Tomlin '77","Dave Chalk '77, Gary Lavelle '77"
1977,5/23/2023 2:00:00 PM,Pittsburgh Tanagers,Oakland Bagchuckers,18.0,salary_mirror_pair,,,date-estimated,18,False,False,Jerry Turner '77,Morrie Gettys '26
1977,5/22/2023 9:00:00 AM,Seattle Sea Snakes,Milwaukee Brewers,14.0,salary_mirror_pair,,,unique-exact-payroll-pair,14,True,False,"Steve Ontiveros '77, Pedro Borbon '77","Larry Parrish '77, Fred Holdsworth '77"
1978,9/26/2023 7:00:00 PM,Seattle Sea Snakes,Toronto Blue Jays,124.0,,exact,pair A@124 B@124 exp=-144724 || RECV Ken Landreaux '78=1258832alts=[1258832.0] | SEND Ron Schueler '78=1403556alts=[1403556.0],unique-exact-payroll-pair,124,True,False,Ron Schueler '78,Ken Landreaux '78
1978,9/25/2023 1:00:00 PM,Pittsburg Tanagers,Philly CRYPTKEEPERS,119.0,event_mirror_retry,,,previous-placement-unconfirmed,119,False,False,Andre Thornton '78,Manny Sanguillen '78
1978,9/25/2023 1:00:00 PM,Pittsburg Tanagers,Cincinnati Mudcats,119.0,event_mirror_retry,,,date-estimated,120,False,False,Rick Monday '78,Dedric Mink '26
1978,9/24/2023 4:00:00 PM,Chicago Cornhuskers,Oakland Bagchuckers,117.0,salary_mirror_pair,,,unique-exact-payroll-pair,117,True,False,Brian Asselstine '78,Otto Velez '78
1978,9/11/2023 9:00:00 PM,Detroit Supremes 78,Pittsburg Tanagers,79.0,salary_mirror_pair,,,unique-exact-payroll-pair,79,True,False,Willie McCovey '78,Kip Young '78
1978,9/9/2023 12:00:00 PM,Pittsburg Tanagers,Chicago Thunderbears,71.0,salary_mirror_pair,,,unique-exact-payroll-pair,71,True,False,"Vida Blue '78, Don Hood '78, John Hiller '78","Steve Burke '78, Preston Hanna '78, Dave Roberts '78"
1978,9/6/2023 6:00:00 AM,Texas Rangers,Cleveland Indians,62.0,,exact,"pair A@62 B@62 exp=108199 || RECV Bobby Bonds '78=4331817alts=[4331817.0, 604984.0, 3744948.0] | SEND Rick Miller '78=4223618alts=[4223618.0]",unique-exact-payroll-pair,62,True,False,Rick Miller '78,Bobby Bonds '78
1978,8/27/2023 5:00:00 PM,Seattle Sea Snakes,New York Nutcrackers,28.0,,user_supplied,game supplied by Brandon 2026-10-08,date-estimated,33,False,False,Aurelio Trieloff '26,Marty Pattin '78
1978,8/26/2023 3:00:00 PM,Oakland Bagchuckers,Chicago Thunderbears,3.0,,user_supplied,game supplied by Brandon 2026-10-08,date-estimated,30,False,False,Luis Machesky '26,Dan Norman '78
1979,1/10/2024 9:00:00 PM,Texas Rangers,Milwaukee Brewers,124.0,salary_mirror_pair,,,date-estimated,124,False,False,Spencer NOUSEY '26,Steve Dillard '79
1979,12/29/2023 12:00:00 PM,Cleveland Indians,Pittsburg Tanagers,86.0,salary_mirror_pair,,,unique-exact-payroll-pair,86,True,False,Jim Bibby '79,Bill Campbell '79
1979,12/22/2023 9:00:00 AM,Milwaukee Brewers,New York Nutcrackers,65.0,salary_mirror_pair,,,unique-exact-payroll-pair,65,True,False,cash $800.0K,Bob Randall '79
1979,12/15/2023 8:00:00 PM,Minnetonka Moon Dawgs,Seattle Sea Snakes,46.0,salary_mirror_pair,,,unique-exact-payroll-pair,46,True,False,"Bill Travers '79, Roger Erickson '79","Steve Stone '79, Enrique Romo '79"
1979,12/9/2023 4:00:00 PM,Cleveland Indians,Chicago Thunderbears,27.0,salary_mirror_pair,,,unique-exact-payroll-pair,27,True,False,Luis Tiant '79,"Jim Dwyer '79, Don Robinson '79"
1979,12/4/2023 7:00:00 AM,San Francisco Quake,Seattle Sea Snakes,0.0,,draft_window,game_number=0 (draft/pre-season); earliest season trade; counterpart has no sheet jumps on full schedule (draft/pre-season likely); forum_hits=2 || RECV Larry Parrish '79=4991544alts=[4991544.0] | SEN,date-estimated,11,False,False,Rafael Landestoy '79,Larry Parrish '79
1980,4/5/2024 12:00:00 PM,Houston Astros '80,New York Nutcrackers,116.0,nearest_opposite_jump,,,unique-exact-payroll-pair,116,True,False,Mike Jorgensen '80,Jeff Burroughs '80
1980,4/3/2024 2:00:00 AM,Pittsburg Tanagers,Seattle Sea Snakes,109.0,salary_mirror_pair,,,unique-exact-payroll-pair,109,True,False,Paul Moskau '80,Tommy Boggs '80
1980,4/1/2024 1:00:00 PM,Baltimore Orioles 1980,Cleveland Indians,104.0,salary_mirror_pair,,,date-estimated,104,False,False,Zachery Kirkham '26,Jim Dwyer '80
1980,3/29/2024 9:00:00 PM,Oakland Bagchuckers,Cincinnati Reds,97.0,salary_mirror_pair,,,unique-exact-payroll-pair,97,True,False,Larry Cox '80,cash $0.0K
1980,3/29/2024 2:00:00 PM,Minnesota Twins,Oakland Bagchuckers,95.0,salary_mirror_pair,,,unique-exact-payroll-pair,95,True,False,"Luis Gomez '80, Rick Bosetti '80, Paul Splittorff '80","Joe Strain '80, Sam Mejias '80, Marty Bystrom '80"
1980,3/14/2024 11:00:00 AM,New York Eagles,Pittsburg Tanagers,50.0,salary_mirror_pair,,,date-estimated,50,False,False,Bennie Gore '26,Luis Tiant '80
1980,3/12/2024 9:00:00 AM,Boston Yacht Rockers,Pittsburg Tanagers,44.0,salary_mirror_pair,,,unique-exact-payroll-pair,44,True,False,Doc Medich '80,"Brian Downing '80, Darrell Jackson '80"
1980,3/9/2024 2:00:00 PM,Pittsburg Tanagers,Philly CRYPTKEEPERS,36.0,salary_mirror_pair,,,date-estimated,36,False,False,Calvin Sinclair '26,Paul Moskau '80
1980,3/6/2024 2:00:00 AM,Cincinnati Reds,Montreal Islands,26.0,salary_mirror_pair,,,unique-exact-payroll-pair,26,True,False,"Sammy Stewart '80, Kent Tekulve '80","Duane Kuiper '80, Mike Norris '80"
1980,3/5/2024 6:00:00 PM,Chicago Thunderbears,Pittsburg Tanagers,24.0,salary_mirror_pair,,,unique-exact-payroll-pair,24,True,False,Luis Tiant '80,Jim Bibby '80
1980,2/28/2024 7:00:00 AM,San Francisco Quake,Pittsburg Tanagers,0.0,,draft_window,game_number=0 (draft/pre-season); earliest season trade; counterpart has no sheet jumps on full schedule (draft/pre-season likely); forum_hits=1 || RECV Aurelio Lopez '80=2411054alts=[2411054.0] | SEN,date-estimated,5,False,False,cash $2.0M,Aurelio Lopez '80
1981,6/28/2024 10:00:00 AM,Texas Rangers,Baltimore Orioles 1981,116.0,date_model,date_estimated,"date_estimated: 1981 game1=2024-05-21 (forum anchors A->2024-05-21, B->2024-05-18, C->2024-05-22; weighted sd 3.4 d; deadline-constrained game1 range 2024-05-19..2024-05-24 -> g107..g122); 3 games/real day, slots (1, 13, 18)h; generic +/-15 games (LOSO p75); LOSO median abs game err 9",unresolved,,False,False,Dennis Werth '81,Dan Graham '81
1981,6/22/2024 1:00:00 PM,Pittsburg Tanagers,Cleveland Bad News Bears,98.0,date_model,date_estimated,"date_estimated: 1981 game1=2024-05-21 (forum anchors A->2024-05-21, B->2024-05-18, C->2024-05-22; weighted sd 3.4 d; deadline-constrained game1 range 2024-05-19..2024-05-24 -> g89..g104); 3 games/real day, slots (1, 13, 18)h; generic +/-15 games (LOSO p75); LOSO median abs game err 9",unresolved,,False,False,"Greg Pryor '81, Oscar Gamble '81, Tim Lollar '81","Jerry Dybzinski '81, Al Hrabosky '81"
1981,6/20/2024 12:00:00 PM,Chicago Thunderbears,Pittsburg Tanagers,92.0,date_model,date_estimated,"date_estimated: 1981 game1=2024-05-21 (forum anchors A->2024-05-21, B->2024-05-18, C->2024-05-22; weighted sd 3.4 d; deadline-constrained game1 range 2024-05-19..2024-05-24 -> g83..g98); 3 games/real day, slots (1, 13, 18)h; generic +/-15 games (LOSO p75); LOSO median abs game err 9",unresolved,,False,False,Gary Carter '81,"Joe Nolan '81, John Wockenfuss '81"
1981,6/9/2024 3:00:00 PM,Chicago Thunderbears,Texas Rangers,60.0,date_model,date_estimated,"date_estimated: 1981 game1=2024-05-21 (forum anchors A->2024-05-21, B->2024-05-18, C->2024-05-22; weighted sd 3.4 d; deadline-constrained game1 range 2024-05-19..2024-05-24 -> g51..g66); 3 games/real day, slots (1, 13, 18)h; generic +/-15 games (LOSO p75); LOSO median abs game err 9",unresolved,,False,False,"Bobby Grich '81, Paul Molitor '81, Gorman Thomas '81","Harold Baines '81, Ben Oglivie '81"
1981,6/9/2024 3:00:00 PM,Chicago Thunderbears,Houston Astros 1981,60.0,date_model,date_estimated,"date_estimated: 1981 game1=2024-05-21 (forum anchors A->2024-05-21, B->2024-05-18, C->2024-05-22; weighted sd 3.4 d; deadline-constrained game1 range 2024-05-19..2024-05-24 -> g51..g66); 3 games/real day, slots (1, 13, 18)h; generic +/-15 games (LOSO p75); LOSO median abs game err 9",unresolved,,False,False,Jim Bibby '81,Phil Garner '81
1981,6/8/2024 6:00:00 PM,Oakland Bagchuckers,1981 Toronto Blue Jays,57.0,date_model,date_estimated,"date_estimated: 1981 game1=2024-05-21 (forum anchors A->2024-05-21, B->2024-05-18, C->2024-05-22; weighted sd 3.4 d; deadline-constrained game1 range 2024-05-19..2024-05-24 -> g48..g63); 3 games/real day, slots (1, 13, 18)h; generic +/-15 games (LOSO p75); LOSO median abs game err 9",unresolved,,False,False,"Renie Martin '81, Dave Goltz '81",Lou Piniella '81
1981,6/7/2024 5:00:00 PM,San Francisco Quake,Chicago Thunderbears,54.0,date_model,date_estimated,"date_estimated: 1981 game1=2024-05-21 (forum anchors A->2024-05-21, B->2024-05-18, C->2024-05-22; weighted sd 3.4 d; deadline-constrained game1 range 2024-05-19..2024-05-24 -> g45..g60); 3 games/real day, slots (1, 13, 18)h; generic +/-15 games (LOSO p75); LOSO median abs game err 9",unresolved,,False,False,Gaylord Perry '81,Vida Blue '81
1982,9/24/2024 5:00:00 AM,Oakland Bagchuckers,Montreal ISLANDS,98.0,salary_mirror_pair,,,unresolved,,False,False,Alexander Germano '26,Luis Aguayo '82
1982,9/16/2024 7:00:00 PM,Philly CRYPTKEEPERS,New York Nutcrackers,76.0,salary_mirror_pair,,,unique-exact-payroll-pair,76,True,False,Steve Mura '82,Dick Ruthven '82
1982,9/16/2024,Texas Rangers,Kansas City Monarchs,73.0,salary_mirror_pair,,,unique-exact-payroll-pair,73,True,False,Mike Hargrove '82,Jason Thompson '82
1982,8/22/2024 6:00:00 PM,Baltimore Orioles,Newark Ironborn Bears,3.0,,user_supplied,game supplied by Brandon 2026-10-08,unresolved,,False,False,"Joseph Delconte '26, Cecil Hardin '26","Luis Pujols '82, Fred Stanley '82, Randy Jones '82"
1982,8/22/2024 1:00:00 PM,Milwaukee Brewers,Seattle Sea Snakes,3.0,,user_supplied,game supplied by Brandon 2026-10-08,unresolved,,False,False,Ron Roenicke '82,Barry Bonnell '82
1983,1/16/2025 10:00:00 AM,New York  Times,Seattle Sea Snakes,122.0,salary_mirror_pair,,,unique-exact-payroll-pair,122,True,False,Randy Moffitt '83,Pete Ladd '83
1983,12/25/2024 2:00:00 PM,Chicago Thunderbears,Chicago Cornhuskers,57.0,salary_mirror_pair,,,unique-exact-payroll-pair,57,True,False,Gaylord Perry '83,Steve Rogers '83
1983,12/25/2024 1:00:00 PM,Texas Rangers,Chicago Cornhuskers,56.0,salary_mirror_pair,,,unique-exact-payroll-pair,56,True,False,John Butcher '83,Britt Burns '83
1983,12/16/2024 10:00:00 PM,Milwaukee Brewers,Baltimore Firebirds,34.0,salary_mirror_pair,,,unique-exact-payroll-pair,34,True,False,Jim Acker '83,"Jim Dwyer '83, Tippy Martinez '83"
1983,12/9/2024 3:00:00 PM,Pittsburg Tanagers,Chicago Thunderbears,9.0,salary_mirror_pair,,,date-estimated,9,False,False,Mike Madden '83,Brian Samuels '26
1984,4/23/2025 10:00:00 AM,Montreal Royales,Seattle Sea Snakes,77.0,salary_mirror_pair,,,unresolved,,False,False,"Willie McGee '84, Pete Falcone '84, Jody Bredesen '26","Tim Flannery '84, Greg Gross '84, Kevin Gross '84"
1984,4/4/2025 7:00:00 PM,Montreal Royales,New York Eagles,22.0,salary_mirror_pair,,,unresolved,,False,False,Bill Schroeder '84,Jody Bredesen '26
1985,9/11/2025 10:00:00 AM,HOU - We have a LOT of Problems,Seattle Sea Snakes,110.0,salary_mirror_pair,,,unique-exact-payroll-pair,110,True,False,"Leon Durham '85, Mike Smithson '85, Mark Langston '85","Cecil Cooper '85, Rick Reuschel '85"
1985,9/10/2025 7:00:00 PM,Toronto ModernDayWarriors,Chicago Thunderbears of '85,109.0,salary_mirror_pair,,,unique-exact-payroll-pair,109,True,False,"Jim Winn '85, Tom Waddell '85","Al Cowens '85, Joe Niekro '85"
1985,9/9/2025 12:00:00 PM,Toronto ModernDayWarriors,1985 Boston Red Sox,104.0,salary_mirror_pair,,,unique-exact-payroll-pair,104,True,False,Bill Doran '85,"Mike Fischlin '85, Rex Hudler '85, Denny Gonzalez '85"
1985,9/6/2025 10:00:00 AM,Cleveland Wahoos,St. Louis Perfectos '85,95.0,salary_mirror_pair,,,unique-exact-payroll-pair,95,True,False,Bob Horner '85,Tom Brookens '85
1985,9/5/2025 8:00:00 PM,Chicago Thunderbears of '85,New York Eagles,94.0,salary_mirror_pair,,,unique-exact-payroll-pair,94,True,False,"Ben Oglivie '85, Mario Soto '85","Al Cowens '85, Bobby Castillo '85, Dave Rozema '85"
1985,9/5/2025 7:00:00 PM,Texas Rangers,HOU - We have a LOT of Problems,94.0,salary_mirror_pair,,,unique-exact-payroll-pair,94,True,False,"Rod Carew '85, Al Holland '85","Hal McRae '85, Bob McClure '85"
1985,8/15/2025 3:00:00 PM,Newark Ironbound Bears,1985 Boston Red Sox,30.0,salary_mirror_pair,,,unique-exact-payroll-pair,30,True,False,Mike Fischlin '85,Terry Puhl '85
1986,1/4/2026 1:00:00 PM,Baltimore Orioles '86,Toronto ModernDayWarriors,89.0,salary_mirror_pair,,,unique-exact-payroll-pair,89,True,False,Danny Cox '86,Ted Power '86
1986,12/31/2025 6:00:00 AM,Boston Red Sox,Philly CRYPTKEEPERS,77.0,salary_mirror_pair,,,unique-exact-payroll-pair,77,True,False,"Dave Stieb '86, Steve Carlton '86","Bob Knepper '86, Jeff D. Robinson '86"
1986,12/24/2025 3:00:00 PM,Montreal Royales,Houston QuickSands (1986),57.0,salary_mirror_pair,,,date-estimated,57,False,False,Chris Brown '86,Marshall Beckmann '26
1986,12/22/2025 12:00:00 PM,Pittsburg Tanagers,Seattle Sea Snakes,50.0,salary_mirror_pair,,,unique-exact-payroll-pair,50,True,False,Guy Hoffman '86,John Mizerock '86
1986,12/21/2025 4:00:00 PM,Cleveland Kickapoo,Toronto ModernDayWarriors,48.0,salary_mirror_pair,,,unique-exact-payroll-pair,48,True,False,Jim Clancy '86,Bob Walk '86
1986,12/20/2025 9:00:00 AM,Detroit Supremes,Pittsburg Tanagers,44.0,salary_mirror_pair,,,unique-exact-payroll-pair,44,True,False,"Ruppert Jones '86, Guy Hoffman '86","Fred Lynn '86, Charlie Kerfeld '86"
1986,12/19/2025 3:00:00 AM,Baltimore Orioles '86,Seattle Sea Snakes,41.0,salary_mirror_pair,,,unique-exact-payroll-pair,41,True,False,"Don Slaught '86, Steve Garvey '86, George Foster '86","Leon Durham '86, Jim Presley '86, Nate Snell '86"
1986,12/18/2025 7:00:00 PM,Toronto ModernDayWarriors,Seattle Sea Snakes,40.0,salary_mirror_pair,,,previous-placement-unconfirmed,41,False,False,Paul Goddard '26,Mookie Wilson '86
1986,12/17/2025 8:00:00 PM,Pittsburg Tanagers,Chicago Thunderbears '86,24.0,event_mirror_retry,,,previous-placement-unconfirmed,25,False,False,Jack Rouse '26,Rob Murphy '86
1986,12/17/2025 3:00:00 PM,San Francisco Quake,Cincinnati Skyline,35.0,salary_mirror_pair,,,unique-exact-payroll-pair,35,True,False,Don Schulze '86,Joe Cowley '86
1986,12/15/2025 2:00:00 AM,Boston Red Sox,Seattle Sea Snakes,29.0,salary_mirror_pair,,,unique-exact-payroll-pair,28,False,True,Bob Gibson '86,Moose Haas '86
1986,12/14/2025 4:00:00 PM,Texas Rangers,Chicago Cornhuskers,28.0,salary_mirror_pair,,,unique-exact-payroll-pair,28,True,False,Juan Bonilla '86,Bobby Grich '86
1986,12/14/2025 2:00:00 AM,Cleveland Kickapoo,Seattle Sea Snakes,25.0,,close,"one_side_A@25 exp=643253 || RECV Mark Langston '86=4704494alts=[4704494.0]; Frank DiPino '86=1595902alts=[1595902.0, 518264.0, 1028346.0] | SEND Bill Wegman '86=3520355alts=[3520355.0]; Don Robinson '",date-estimated,25,False,False,"Bill Wegman '86, Don Robinson '86","Mark Langston '86, Frank DiPino '86"
1986,12/13/2025 11:00:00 PM,Chicago Thunderbears '86,Seattle Sea Snakes,25.0,event_mirror_retry,,,previous-placement-unconfirmed,24,False,False,"John Mizerock '86, Tony Gwynn '86, Chris Bosio '86","Ron Roenicke '86, Bo Jackson '86, Rob Murphy '86"
1986,12/10/2025 10:00:00 AM,Cincinnati Skyline,Houston QuickSands (1986),14.0,event_mirror_retry,,,previous-placement-unconfirmed,14,False,False,Eddie Murray '86,Mike Schmidt '86
1986,12/7/2025 5:00:00 PM,Houston QuickSands (1986),Seattle Sea Snakes,6.0,event_mirror_retry,,,previous-placement-unconfirmed,6,False,False,"Joe Orsulak '86, Don Carman '86","Jerry Mumphrey '86, Don Aase '86"
1987,4/14/2026 8:00:00 AM,Toronto ModernDayWarriors,Chicago Thunderbears '87,101.0,salary_mirror_pair,,,date-estimated,101,False,False,Stephen Frodge '26,Jeff Calhoun '87
1987,4/14/2026 7:00:00 AM,Boston EdSox,Cleveland Kickapoo,101.0,salary_mirror_pair,,,unique-exact-payroll-pair,101,True,False,Brian Downing '87,Jeffrey Leonard '87
1987,4/13/2026 7:00:00 PM,Seattle Sea Snakes,Cincinnati Skyline,100.0,,exact,"pair A@100 B@100 exp=-103931 || RECV Jamie Easterly '87=691052alts=[691052.0] | SEND Randy O'Neal '87=794983alts=[794983.0, 642657.0, 794139.0]",unique-exact-payroll-pair,100,True,False,Randy O'Neal '87,Jamie Easterly '87
1987,4/13/2026 12:00:00 PM,Houston Nacho Mommas FrazzStros,Texas Rangers,98.0,salary_mirror_pair,,,unique-exact-payroll-pair,98,True,False,Albert Hall '87,Mike Aldrete '87
1987,4/13/2026 2:00:00 AM,Chicago Thunderbears '87,San Francisco Quake,98.0,salary_mirror_pair,,,unique-exact-payroll-pair,98,True,False,Mike Dunne '87,"Jerry Don Gleaton '87, Eric Nolte '87"
1987,4/12/2026 10:00:00 PM,Chicago Thunderbears '87,Pittsburg Tanagers,97.0,,close,one_side_B@97 exp=-3000286 || RECV Jeff Calhoun '87=1682189alts=[1682189.0] | SEND Greg Mathews '87=4682475alts=[4682475.0],previous-placement-unconfirmed,97,False,False,Greg Mathews '87,Jeff Calhoun '87
1987,4/12/2026 10:00:00 PM,Chicago Thunderbears '87,Toronto ModernDayWarriors,101.0,salary_mirror_pair,,,previous-placement-unconfirmed,97,False,False,Jerry Reed '87,Danny Cox '87
1987,4/12/2026 3:00:00 PM,Cleveland Kickapoo,Chicago Cornhuskers,96.0,salary_mirror_pair,,,unique-exact-payroll-pair,96,True,False,Frank Dipino '87,Bob Stanley '87
1987,4/6/2026 9:00:00 PM,Houston Nacho Mommas FrazzStros,San Francisco Quake,79.0,nearest_opposite_jump,,,unique-exact-payroll-pair,79,True,False,Mike Easler '87,Larry Herndon '87
1987,4/6/2026 6:00:00 PM,New York  Times,Chicago Thunderbears '87,78.0,salary_mirror_pair,,,unique-exact-payroll-pair,78,True,False,"Terry McGriff '87, Lloyd McClendon '87, Ronn Reynolds '87",Bob Brenly '87
1987,4/5/2026 6:00:00 PM,San Francisco Quake,Seattle Sea Snakes,75.0,salary_mirror_pair,,,unique-exact-payroll-pair,75,True,False,Tim Stoddard '87,cash $1.0M
1987,4/4/2026 6:00:00 PM,Detroit Supremes,Seattle Sea Snakes,72.0,salary_mirror_pair,,,unique-exact-payroll-pair,72,True,False,Pat Perry '87,Jeff Parrett '87
1987,3/27/2026 12:00:00 PM,Chicago Cornhuskers,Houston Nacho Mommas FrazzStros,47.0,salary_mirror_pair,,,unique-exact-payroll-pair,47,True,False,Albert Hall '87,Oddibe McDowell '87
1987,3/24/2026 3:00:00 PM,New York National,Philly CRYPTKEEPERS,39.0,salary_mirror_pair,,,unique-exact-payroll-pair,39,True,False,Joel Skinner '87,Ernest Riles '87
1987,3/23/2026 4:00:00 PM,New York Eagles,Seattle Sea Snakes,36.0,salary_mirror_pair,,,unique-exact-payroll-pair,36,True,False,Bob Dernier '87,Jim Eisenreich '87
1987,3/22/2026 3:00:00 PM,New York Eagles,Kansas City Monarchs,,,,,placeholder-only,,False,False,Jacob Kane '26,Do Not Use '26
1987,3/22/2026 10:00:00 AM,Chicago Thunderbears '87,Oakland Nights,32.0,salary_mirror_pair,,,unique-exact-payroll-pair,32,True,False,"Kenny Williams '87, Juan Nieves '87, John Farrell '87","Ivan Calderon '87, Dennis Martinez '87"
1987,3/21/2026 8:00:00 PM,New York Eagles,Philly CRYPTKEEPERS,,,,,placeholder-only,,False,False,Evan Sturgell '26,Robert Macintosh '26
1987,3/20/2026 12:00:00 PM,New York Eagles,New York National,26.0,salary_mirror_pair,,,unique-exact-payroll-pair,26,True,False,Fred McGriff '87,"Jim Morrison '87, Luis Polonia '87"
1987,3/18/2026 11:00:00 PM,New York Eagles,Chicago Cornhuskers,22.0,salary_mirror_pair,,,unique-exact-payroll-pair,22,True,False,Bob Forsch '87,"Bud Black '87, Dennis Lamp '87"
1987,3/16/2026 11:00:00 PM,New York Eagles,Detroit Supremes,16.0,salary_mirror_pair,,,unique-exact-payroll-pair,16,True,False,Eddie Milner '87,Tim Raines '87
1987,3/16/2026 10:00:00 PM,Kansas City Monarchs,Boston EdSox,16.0,salary_mirror_pair,,,unique-exact-payroll-pair,16,True,False,Pascual Perez '87,"Kevin McReynolds '87, Larry Sheets '87, Neil Allen '87"
1988,7/10/2026 1:00:00 AM,Chicago Cornhuskers,San Francisco Quake,115.0,salary_mirror_pair,,,date-estimated,115,False,False,Luis Salazar '88,Jermaine Lover '26
1988,7/8/2026 2:00:00 PM,Milwaukee Brewers,Montreal Royales,111.0,salary_mirror_pair,,,unique-exact-payroll-pair,111,True,False,Ron Oester '88,Rex Hudler '88
1988,7/5/2026 10:00:00 AM,Chicago Thunderbears '88,Milwaukee Brewers,101.0,salary_mirror_pair,,,unique-exact-payroll-pair,101,True,False,"Danny Jackson '88, Joe Magrane '88","Nolan Ryan '88, Rick Rhoden '88"
1988,6/28/2026 2:00:00 PM,Houston Arms Race (1988),Chicago Thunderbears '88,80.0,salary_mirror_pair,,,unique-exact-payroll-pair,80,True,False,Mike Scott '88,Allan Anderson '88
1988,6/26/2026 8:00:00 AM,New York Nationals,Oakland Nights,74.0,salary_mirror_pair,,,date-estimated,74,False,False,Tony Armas '88,"Larry McWilliams '88, Bryan Darby '26"
1988,6/25/2026 5:00:00 AM,Pittsburg Tanagers,Baltimore Abyssal Wharf Rats,71.0,,exact,"pair A@71 B@71 exp=-111480 || RECV Jeff M. Robinson '88=4812600alts=[4812600.0] | SEND Cecil Fielder '88=781483alts=[781483.0]; Mitch Webster '88=4142597alts=[4142597.0, 2028907.0, 2124794.0]",unique-exact-payroll-pair,71,True,False,"Cecil Fielder '88, Mitch Webster '88",Jeff M. Robinson '88
1988,6/24/2026 8:00:00 PM,Chicago Cornhuskers,Chicago Thunderbears '88,70.0,salary_mirror_pair,,,date-estimated,70,False,False,Daniel Mammy '26,Darryl Hamilton '88
1988,6/24/2026 7:00:00 PM,Chicago Cornhuskers,Chicago Thunderbears '88,70.0,salary_mirror_pair,,,date-estimated,70,False,False,"Mark Grace '88, Kelly Gruber '88, Chili Davis '88","Brian Harper '88, Terry Pendleton '88, Bo Jackson '88"
1988,6/24/2026 5:00:00 PM,Texas Rangers,Toronto ModernDayWarriors,69.0,event_mirror_retry,,,previous-placement-unconfirmed,69,False,False,Frank Tanana '88,Tim Leary '88
1988,6/24/2026 5:00:00 PM,Toronto ModernDayWarriors,Chicago Thunderbears '88,69.0,event_mirror_retry,,,date-estimated,69,False,False,Jack Clark '88,Willie Upshaw '88
1988,6/24/2026 5:00:00 PM,Pittsburg Tanagers,Chicago Thunderbears '88,69.0,,close,one_side_A@69 exp=476747 || RECV Lloyd McClendon '88=1205741alts=[1205741.0]; Terry Steinbach '88=3273677alts=[3273677.0] | SEND Terry McGriff '88=721156alts=[721156.0]; Matt Nokes '88=3281515alts=[32,previous-placement-unconfirmed,69,False,False,"Terry McGriff '88, Matt Nokes '88","Lloyd McClendon '88, Terry Steinbach '88"
1988,6/20/2026 5:00:00 AM,Boston EDSox (1988),Toronto ModernDayWarriors,56.0,,exact,pair A@56 B@56 exp=-108793 || RECV George Bell '88=3486889alts=[3486889.0] | SEND Jack Clark '88=3595682alts=[3595682.0],unique-exact-payroll-pair,56,True,False,Jack Clark '88,George Bell '88
1988,6/17/2026 10:00:00 PM,Toronto ModernDayWarriors,Seattle Sea Snakes,49.0,salary_mirror_pair,,,unique-exact-payroll-pair,49,True,False,"Pete O'Brien '88, Kirby Puckett '88, Ed Whitson '88","Gene Larkin '88, Joe Orsulak '88, Andy Hawkins '88"
1988,6/10/2026 7:00:00 PM,New York Nationals,New York Eagles,28.0,,exact,pair A@28 B@28 exp=100895 || RECV Carlton Fisk '88=2460530alts=[2460530.0] | SEND Ron Hassey '88=2359635alts=[2359635.0],unique-exact-payroll-pair,28,True,False,Ron Hassey '88,Carlton Fisk '88
1988,6/2/2026 10:00:00 AM,Houston Arms Race (1988),New York Eagles,0.0,,draft_window,"game_number=0 (draft/pre-season); forum language indicates draft/pre-season window; forum_hits=2 || RECV Pat Tabler '88=2430101alts=[2430101.0, 582150.0, 1811045.0] | SEND Mike Aldrete '88=2451485alts",date-estimated,2,False,False,Mike Aldrete '88,Pat Tabler '88
1989,9/24/2026 9:00:00 AM,Chicago Cornhuskers,Texas Rangers,122.0,salary_mirror_pair,,,unique-exact-payroll-pair,122,True,False,Mike Davis '89,Oddibe McDowell '89
1989,9/20/2026 9:00:00 PM,Texas Rangers,New York Nationals,112.0,salary_mirror_pair,,,unique-exact-payroll-pair,112,True,False,Bob McClure '89,Tom Filer '89
1989,9/20/2026 10:00:00 AM,Texas Rangers,New York Times,110.0,event_mirror_retry,,,previous-placement-unconfirmed,110,False,False,Dwight Smith '89,Herm Winningham '89
1989,9/20/2026 7:00:00 AM,Texas Rangers,Chicago Cornhuskers,122.0,salary_mirror_pair,,,previous-placement-unconfirmed,110,False,False,"Scott Bankhead '89, Marty Clary '89","Walt Terrell '89, Joe Hesketh '89"
1989,9/5/2026 3:00:00 PM,Kansas City Monarchs 1989,Montreal Royales,66.0,salary_mirror_pair,,,date-estimated,66,False,False,"Preston Speed '26, cash $1.5M",Steve Balboni '89
1989,8/29/2026 5:00:00 AM,Chicago Thunderbears '89,Baltimore Abyssal Wharf Rats,44.0,salary_mirror_pair,,,unique-exact-payroll-pair,44,True,False,"Todd Zeile '89, Chili Davis '89, David West '89","Jay Buhner '89, Rob Deer '89, Todd Burns '89"
1989,8/28/2026 10:00:00 AM,Chicago Thunderbears '89,Toronto ModernDayWarriors,41.0,salary_mirror_pair,,,unique-exact-payroll-pair,41,True,False,"Kent Anderson '89, Danny Heep '89, Steve Crawford '89","Tom Foley '89, Gregg Olson '89"
1989,8/22/2026 10:00:00 AM,LA Breakers,Boston EdSox (1989),23.0,salary_mirror_pair,,,unique-exact-payroll-pair,23,True,False,Dan Gladden '89,Robin Yount '89
