franchise_lineage,lineage_basis,team_seasons,first_year,last_year,mean_pick,top3_rate,top8_rate,mean_score,mean_wins,mean_relative_salary,mean_card_ip,mean_card_pa,owner_count,owners,team_names
Milwaukee,Verified adjacent-season roster continuity,15,1975,1989,7.133333333333334,0.13333333333333333,0.6666666666666666,9.141136085688881,96.66666666666667,1.066037645934546,1463.1888888888889,6048.618581696932,2,cdew8 · dbrom,Milwaukee Brewers
Detroit,Verified adjacent-season roster continuity,15,1975,1989,7.4,0.3333333333333333,0.6666666666666666,9.29007840580512,99.2,1.0668674918082308,1454.0339571088407,6312.821137273907,1,harrelson,Detroit RIP Ryne Sanberg · Detroit Supreme Bottom Feeders · Detroit Supremes · Detroit Supremes 78 · Detroit Supremes 80 · Detroit Supremes 84 · Detroit S’ups · Detroit suPremes · Detroit supremes
New York Times,Verified adjacent-season roster continuity,15,1975,1989,7.666666666666667,0.26666666666666666,0.6666666666666666,9.779562932994043,92.26666666666667,1.0398571653945974,1336.186207500213,5868.112757201646,1,trentonjoe,New York  Times · New York Times
Cincinnati / LA,Verified adjacent-season roster continuity,15,1975,1989,8.133333333333333,0.26666666666666666,0.4,6.94164410808092,88.73333333333333,1.01935121511641,1376.3425723091516,5829.7401575518215,3,fire13 · mvw · sinatra,Cincinnati Mudcats · Cincinnati Reds · Cincinnati Skyline · LA Breakers
Boston,Verified adjacent-season roster continuity,15,1975,1989,8.533333333333333,0.3333333333333333,0.4666666666666667,7.973363129535852,104.86666666666666,1.112097036029136,1428.4333333333334,6417.318518518518,3,eddiedzen · the_creeper · yates33,1985 Boston Red Sox · Boston EDSox (1988) · Boston EdSox · Boston EdSox (1989) · Boston New Wave · Boston Plaids · Boston Post-Punks · Boston Punks · Boston Red Sox · Boston Synthesizers · Boston Yacht Rockers
Texas Rangers,Verified adjacent-season roster continuity,15,1975,1989,10.133333333333333,0.13333333333333333,0.4666666666666667,3.9177217732432856,94.93333333333334,1.0836020781232762,1564.9707818930042,6138.458847736625,1,frazzman80,Texas Rangers
Pittsburg Tanagers,Verified adjacent-season roster continuity,15,1975,1989,10.4,0.2,0.4,3.570379946125177,98.8,1.1181864114836544,1469.2131339526666,6143.890534979424,1,coldfoot,Pittsburg Tanagers · Pittsburgh Tanagers
New York Eagles,Verified adjacent-season roster continuity,15,1975,1989,10.466666666666667,0.06666666666666667,0.3333333333333333,3.932331571756059,79.06666666666666,0.9413817493158729,1337.9843621399175,6001.616872427983,1,just4me,New York Eagles
SoCal / Newark,Verified adjacent-season roster continuity,15,1975,1989,10.8,0.26666666666666666,0.5333333333333333,1.5030723483873958,77.0,0.9474569059862424,1470.6152263374486,6233.860905349794,3,crustydoc · italyprof · trentonjoe,Newark Bears · Newark Ironborn Bears · Newark Ironbound Bears · SoCal Space Cadets '77 · SoCal Space Cadets '78 · SoCal Space Cadets '79 · SoCal Space Cadets '80 · SoCal Space Cadets ‘75 · SoCal Space Cadets ‘76
St. Louis Perfectos,Verified adjacent-season roster continuity,15,1975,1989,11.333333333333334,0.0,0.3333333333333333,1.0457193207045876,81.0,1.0012679569927423,1425.1333333333334,5933.325102880658,1,kermit,St. Louis Perfectos '75 · St. Louis Perfectos '76 · St. Louis Perfectos '77 · St. Louis Perfectos '78 · St. Louis Perfectos '79 · St. Louis Perfectos '80 · St. Louis Perfectos '81 · St. Louis Perfectos '82 · St. Louis Perfectos '83 · St. Louis Perfectos '84 · St. Louis Perfectos '85 · St. Louis Perfectos '86 · St. Louis Perfectos '87 · St. Louis Perfectos '88 · St. Louis Perfectos '89
Georgia / Minnetonka / Minnesota,Verified adjacent-season roster continuity,15,1975,1989,11.466666666666667,0.3333333333333333,0.4666666666666667,-2.813654108266528,78.26666666666667,1.0042645176033922,1486.683950617284,6563.465651492168,4,chargingryno · ooooohdoggie · schwingkid · sinatra,Georgia Browns · Georgia Browns '75 · Georgia Dawgs · Minnesota Twins · Minnesota Twonkies · Minnesota Upper Midwestern Dialects · Minnetonka Moon Dawgs
Oakland,Verified adjacent-season roster continuity,15,1975,1989,11.8,0.13333333333333333,0.4,-0.3257363571436033,74.06666666666666,0.9470666457682146,1417.8395061728395,5949.614863795891,2,chrondon84 · duhbigcat,Oakland Bagchuckers · Oakland Knights · Oakland Nights
Thunderbears — Houston / Brooklyn / Chicago,Verified adjacent-season roster continuity,15,1975,1989,11.933333333333334,0.13333333333333333,0.26666666666666666,0.6996436872381273,80.86666666666666,1.0077438042902005,1432.664458352017,5877.805349794239,1,chargingryno,Chicago Thunderbears · Chicago Thunderbears '86 · Chicago Thunderbears '87 · Chicago Thunderbears '88 · Chicago Thunderbears '89 · Chicago Thunderbears of '85 · Chicago Thunderbirds of '84
Houston Colt .45s / Astros / flyBALLERS,Verified adjacent-season roster continuity,15,1975,1989,12.066666666666666,0.0,0.26666666666666666,-1.45024394745056,84.53333333333333,1.0299797981963477,1522.6465020576134,6221.381481481481,4,fabulous · frazzman80 · the_creeper · txelvis,'75 Houston Colt .45s · HOU - We have a LOT of Problems · Houston Arms Race (1988) · Houston Astros '80 · Houston Astros 1981 · Houston Astros 1982 · Houston Astros ‘79 · Houston Colt .45s '77 · Houston Colt .45s '78 · Houston Colt 45's · Houston Hounds · Houston Nacho Mommas FrazzStros · Houston QuickSands (1986) · Houston flyBALLERS · ‘76 Houston Colt .45s
Montreal,Verified adjacent-season roster continuity,15,1975,1989,14.0,0.06666666666666667,0.26666666666666666,-3.454517128288993,69.26666666666667,0.926336119715774,1543.9641975308643,5991.990534979424,3,cpdpoet · ff09 · stevebobldn,Montreal Cobblestones · Montreal ISLANDS · Montreal Islands · Montreal Royales
Kansas City Monarchs,Verified adjacent-season roster continuity,15,1975,1989,15.733333333333333,0.06666666666666667,0.2,-11.784023403031167,66.26666666666667,0.9472136474963325,1552.433744855967,6348.086790576389,4,big_dowg · fire13 · kujhawker · stevebobldn,Kansas City Monarchs · Kansas City Monarchs 1988 · Kansas City Monarchs 1989
Philadelphia CRYPTKEEPERS,Verified adjacent-season roster continuity,15,1975,1989,16.6,0.0,0.13333333333333333,-8.267262093288615,75.2,0.9874735430128981,1535.4152263374485,6454.831275720165,1,cpdpoet,Philadelphia CRYPTKEEPERS · Philly CRYPTKEEPERS
New York Nutcrackers / Nationals,Verified adjacent-season roster continuity,15,1975,1989,17.333333333333332,0.06666666666666667,0.13333333333333333,-14.219133901511563,63.2,0.9400812065811811,1497.318930041152,5956.623798106559,3,just4me · k123456789 · n4ser,New York National · New York Nationals · New York Nutcrackers · New York Nutrackers
San Diego / San Francisco Quake,Verified adjacent-season roster continuity,15,1975,1989,18.066666666666666,0.0,0.0,-11.224427438364097,72.26666666666667,0.9994538818060431,1506.7810699588479,6462.65061728395,1,epup1975,San Diego Quake · San Francisco Quake
Baltimore,Verified adjacent-season roster continuity,15,1975,1989,19.2,0.0,0.06666666666666667,-16.37953202258226,55.06666666666667,0.8621372033014978,1434.0477366255145,5857.866206162957,3,chargingryno · dodgerdon · jimmygatz2,1975 Baltimore Orioles · 1976 Baltimore Orioles · Baltimore Abyssal Wharf Rats · Baltimore Firebirds · Baltimore Firebirds '87 · Baltimore Firebirds of '84 · Baltimore Firebirds of '85 · Baltimore Orioles · Baltimore Orioles '86 · Baltimore Orioles 1977 · Baltimore Orioles 1978 · Baltimore Orioles 1979 · Baltimore Orioles 1980 · Baltimore Orioles 1981
Chicago Cornhuskers,Verified adjacent-season roster continuity,13,1977,1989,10.615384615384615,0.15384615384615385,0.38461538461538464,2.7596427701631705,89.6923076923077,1.0397618582997792,1555.6999050332383,6316.609211775878,2,trentonjoe · wgasa,Chicago Cornhuskers
Seattle Sea Snakes,Verified adjacent-season roster continuity,13,1977,1989,13.23076923076923,0.0,0.15384615384615385,-1.2461979885967152,81.6923076923077,1.022140938548182,1551.443019937503,5974.795821462488,1,pi_kapp,Seattle Sea Snakes
Toronto,Verified adjacent-season roster continuity,13,1977,1989,14.923076923076923,0.0,0.3076923076923077,-4.8327716946848,76.92307692307692,0.9855515892834544,1519.2882241215573,6338.4795821462485,3,coldfoot · mickr9 · tedcogswell,1981 Toronto Blue Jays · Toronto Blue Jays · Toronto ModernDayWarriors
Cleveland,Verified adjacent-season roster continuity,13,1977,1989,16.384615384615383,0.07692307692307693,0.15384615384615385,-8.600499337877778,62.61538461538461,0.897327124687904,1441.6424501424501,5608.855477884333,2,harrelson · kros2,Cleveland Bad News Bears · Cleveland Cheekapoo · Cleveland Indians · Cleveland Indians 84 · Cleveland KICKAPOO · Cleveland Kickapoo · Cleveland Tribe 83 · Cleveland Wahoos
