season_year,tid,team,owner,franchise_lineage,lineage_basis
1975,1653621,1975 Baltimore Orioles,dodgerdon,Baltimore,Verified adjacent-season roster continuity
1975,1653440,Boston Plaids,eddiedzen,Boston,Verified adjacent-season roster continuity
1975,1653438,Chicago Thunderbears,chargingryno,Thunderbears — Houston / Brooklyn / Chicago,Verified adjacent-season roster continuity
1975,1653580,Cincinnati Mudcats,fire13,Cincinnati / LA,Verified adjacent-season roster continuity
1975,1653607,Detroit Supremes,harrelson,Detroit,Verified adjacent-season roster continuity
1975,1653588,Georgia Browns '75,ooooohdoggie,Georgia / Minnetonka / Minnesota,Verified adjacent-season roster continuity
1975,1654020,'75 Houston Colt .45s,txelvis,Houston Colt .45s / Astros / flyBALLERS,Verified adjacent-season roster continuity
1975,1653581,Kansas City Monarchs,fire13,Kansas City Monarchs,Verified adjacent-season roster continuity
1975,1653473,Milwaukee Brewers,dbrom,Milwaukee,Verified adjacent-season roster continuity
1975,1653891,New York Eagles,just4me,New York Eagles,Verified adjacent-season roster continuity
1975,1653741,New York Nutcrackers,n4ser,New York Nutcrackers / Nationals,Verified adjacent-season roster continuity
1975,1653467,New York  Times,trentonjoe,New York Times,Verified adjacent-season roster continuity
1975,1653498,Oakland Bagchuckers,chrondon84,Oakland,Verified adjacent-season roster continuity
1975,1653499,Philly CRYPTKEEPERS,cpdpoet,Philadelphia CRYPTKEEPERS,Verified adjacent-season roster continuity
1975,1653542,Pittsburg Tanagers,coldfoot,Pittsburg Tanagers,Verified adjacent-season roster continuity
1975,1653505,San Diego Quake,epup1975,San Diego / San Francisco Quake,Verified adjacent-season roster continuity
1975,1653622,Montreal Cobblestones,ff09,Montreal,Verified adjacent-season roster continuity
1975,1653463,SoCal Space Cadets ‘75,crustydoc,SoCal / Newark,Verified adjacent-season roster continuity
1975,1653686,St. Louis Perfectos '75,kermit,St. Louis Perfectos,Verified adjacent-season roster continuity
1975,1653519,Texas Rangers,frazzman80,Texas Rangers,Verified adjacent-season roster continuity
1976,1664775,1976 Baltimore Orioles,dodgerdon,Baltimore,Verified adjacent-season roster continuity
1976,1664536,Boston Punks,eddiedzen,Boston,Verified adjacent-season roster continuity
1976,1664535,Chicago Thunderbears,chargingryno,Thunderbears — Houston / Brooklyn / Chicago,Verified adjacent-season roster continuity
1976,1664563,Cincinnati Mudcats,fire13,Cincinnati / LA,Verified adjacent-season roster continuity
1976,1664602,Detroit suPremes,harrelson,Detroit,Verified adjacent-season roster continuity
1976,1664769,Georgia Browns,ooooohdoggie,Georgia / Minnetonka / Minnesota,Verified adjacent-season roster continuity
1976,1665523,‘76 Houston Colt .45s,txelvis,Houston Colt .45s / Astros / flyBALLERS,Verified adjacent-season roster continuity
1976,1664611,Kansas City Monarchs,fire13,Kansas City Monarchs,Verified adjacent-season roster continuity
1976,1664811,Milwaukee Brewers,dbrom,Milwaukee,Verified adjacent-season roster continuity
1976,1664584,New York Eagles,just4me,New York Eagles,Verified adjacent-season roster continuity
1976,1664891,New York Nutcrackers,n4ser,New York Nutcrackers / Nationals,Verified adjacent-season roster continuity
1976,1664594,New York  Times,trentonjoe,New York Times,Verified adjacent-season roster continuity
1976,1664547,Oakland Bagchuckers,chrondon84,Oakland,Verified adjacent-season roster continuity
1976,1664578,Philly CRYPTKEEPERS,cpdpoet,Philadelphia CRYPTKEEPERS,Verified adjacent-season roster continuity
1976,1664781,Pittsburg Tanagers,coldfoot,Pittsburg Tanagers,Verified adjacent-season roster continuity
1976,1664756,San Francisco Quake,epup1975,San Diego / San Francisco Quake,Verified adjacent-season roster continuity
1976,1664627,Montreal Cobblestones,ff09,Montreal,Verified adjacent-season roster continuity
1976,1664546,SoCal Space Cadets ‘76,crustydoc,SoCal / Newark,Verified adjacent-season roster continuity
1976,1664881,St. Louis Perfectos '76,kermit,St. Louis Perfectos,Verified adjacent-season roster continuity
1976,1664925,Texas Rangers,frazzman80,Texas Rangers,Verified adjacent-season roster continuity
1977,1676714,Baltimore Orioles 1977,dodgerdon,Baltimore,Verified adjacent-season roster continuity
1977,1676147,Boston Punks,eddiedzen,Boston,Verified adjacent-season roster continuity
1977,1676394,Chicago Cornhuskers,wgasa,Chicago Cornhuskers,Verified adjacent-season roster continuity
1977,1676132,Chicago Thunderbears,chargingryno,Thunderbears — Houston / Brooklyn / Chicago,Verified adjacent-season roster continuity
1977,1676515,Cincinnati Mudcats,fire13,Cincinnati / LA,Verified adjacent-season roster continuity
1977,1676506,Cleveland Indians,kros2,Cleveland,Verified adjacent-season roster continuity
1977,1676224,Detroit Supremes,harrelson,Detroit,Verified adjacent-season roster continuity
1977,1676286,Georgia Dawgs,chargingryno,Georgia / Minnetonka / Minnesota,Verified adjacent-season roster continuity
1977,1676898,Houston Colt .45s '77,txelvis,Houston Colt .45s / Astros / flyBALLERS,Verified adjacent-season roster continuity
1977,1676510,Kansas City Monarchs,fire13,Kansas City Monarchs,Verified adjacent-season roster continuity
1977,1676655,Milwaukee Brewers,dbrom,Milwaukee,Verified adjacent-season roster continuity
1977,1676156,Montreal Cobblestones,ff09,Montreal,Verified adjacent-season roster continuity
1977,1676141,New York Eagles,just4me,New York Eagles,Verified adjacent-season roster continuity
1977,1676142,New York Nutcrackers,just4me,New York Nutcrackers / Nationals,Verified adjacent-season roster continuity
1977,1676473,New York  Times,trentonjoe,New York Times,Verified adjacent-season roster continuity
1977,1676315,Oakland Bagchuckers,chrondon84,Oakland,Verified adjacent-season roster continuity
1977,1676498,Philly CRYPTKEEPERS,cpdpoet,Philadelphia CRYPTKEEPERS,Verified adjacent-season roster continuity
1977,1676484,Pittsburgh Tanagers,coldfoot,Pittsburg Tanagers,Verified adjacent-season roster continuity
1977,1676349,San Francisco Quake,epup1975,San Diego / San Francisco Quake,Verified adjacent-season roster continuity
1977,1676718,Seattle Sea Snakes,pi_kapp,Seattle Sea Snakes,Verified adjacent-season roster continuity
1977,1676153,SoCal Space Cadets '77,crustydoc,SoCal / Newark,Verified adjacent-season roster continuity
1977,1676496,St. Louis Perfectos '77,kermit,St. Louis Perfectos,Verified adjacent-season roster continuity
1977,1676343,Texas Rangers,frazzman80,Texas Rangers,Verified adjacent-season roster continuity
1977,1676133,Toronto Blue Jays,tedcogswell,Toronto,Verified adjacent-season roster continuity
1978,1687233,Baltimore Orioles 1978,dodgerdon,Baltimore,Verified adjacent-season roster continuity
1978,1687234,Boston Post-Punks,eddiedzen,Boston,Verified adjacent-season roster continuity
1978,1687230,Chicago Cornhuskers,wgasa,Chicago Cornhuskers,Verified adjacent-season roster continuity
1978,1687663,Chicago Thunderbears,chargingryno,Thunderbears — Houston / Brooklyn / Chicago,Verified adjacent-season roster continuity
1978,1687270,Cincinnati Mudcats,fire13,Cincinnati / LA,Verified adjacent-season roster continuity
1978,1688604,Cleveland Indians,kros2,Cleveland,Verified adjacent-season roster continuity
1978,1687682,Detroit Supremes 78,harrelson,Detroit,Verified adjacent-season roster continuity
1978,1687229,Georgia Dawgs,chargingryno,Georgia / Minnetonka / Minnesota,Verified adjacent-season roster continuity
1978,1688706,Houston Colt .45s '78,txelvis,Houston Colt .45s / Astros / flyBALLERS,Verified adjacent-season roster continuity
1978,1687269,Kansas City Monarchs,fire13,Kansas City Monarchs,Verified adjacent-season roster continuity
1978,1687404,Milwaukee Brewers,dbrom,Milwaukee,Verified adjacent-season roster continuity
1978,1687289,Montreal Cobblestones,ff09,Montreal,Verified adjacent-season roster continuity
1978,1688748,New York Eagles,just4me,New York Eagles,Verified adjacent-season roster continuity
1978,1687306,New York Nutcrackers,n4ser,New York Nutcrackers / Nationals,Verified adjacent-season roster continuity
1978,1687245,New York Times,trentonjoe,New York Times,Verified adjacent-season roster continuity
1978,1687323,Oakland Bagchuckers,chrondon84,Oakland,Verified adjacent-season roster continuity
1978,1687236,Philly CRYPTKEEPERS,cpdpoet,Philadelphia CRYPTKEEPERS,Verified adjacent-season roster continuity
1978,1687327,Pittsburg Tanagers,coldfoot,Pittsburg Tanagers,Verified adjacent-season roster continuity
1978,1687376,San Francisco Quake,epup1975,San Diego / San Francisco Quake,Verified adjacent-season roster continuity
1978,1688110,Seattle Sea Snakes,pi_kapp,Seattle Sea Snakes,Verified adjacent-season roster continuity
1978,1687240,SoCal Space Cadets '78,crustydoc,SoCal / Newark,Verified adjacent-season roster continuity
1978,1687524,St. Louis Perfectos '78,kermit,St. Louis Perfectos,Verified adjacent-season roster continuity
1978,1687317,Texas Rangers,frazzman80,Texas Rangers,Verified adjacent-season roster continuity
1978,1687267,Toronto Blue Jays,tedcogswell,Toronto,Verified adjacent-season roster continuity
1979,1700366,Baltimore Orioles 1979,dodgerdon,Baltimore,Verified adjacent-season roster continuity
1979,1700683,Boston Post-Punks,eddiedzen,Boston,Verified adjacent-season roster continuity
1979,1700368,Chicago Cornhuskers,trentonjoe,Chicago Cornhuskers,Verified adjacent-season roster continuity
1979,1700361,Chicago Thunderbears,chargingryno,Thunderbears — Houston / Brooklyn / Chicago,Verified adjacent-season roster continuity
1979,1700397,Cincinnati Mudcats,fire13,Cincinnati / LA,Verified adjacent-season roster continuity
1979,1700435,Cleveland Indians,harrelson,Cleveland,Verified adjacent-season roster continuity
1979,1700433,Detroit Supremes,harrelson,Detroit,Verified adjacent-season roster continuity
1979,1701522,Houston Astros ‘79,txelvis,Houston Colt .45s / Astros / flyBALLERS,Verified adjacent-season roster continuity
1979,1700414,Kansas City Monarchs,fire13,Kansas City Monarchs,Verified adjacent-season roster continuity
1979,1700538,Milwaukee Brewers,dbrom,Milwaukee,Verified adjacent-season roster continuity
1979,1700487,Minnetonka Moon Dawgs,chargingryno,Georgia / Minnetonka / Minnesota,Verified adjacent-season roster continuity
1979,1700447,Montreal Islands,cpdpoet,Montreal,Verified adjacent-season roster continuity
1979,1700442,New York Eagles,just4me,New York Eagles,Verified adjacent-season roster continuity
1979,1700739,New York Nutcrackers,n4ser,New York Nutcrackers / Nationals,Verified adjacent-season roster continuity
1979,1700444,New York  Times,trentonjoe,New York Times,Verified adjacent-season roster continuity
1979,1700980,Oakland Bagchuckers,chrondon84,Oakland,Verified adjacent-season roster continuity
1979,1700406,Philly CRYPTKEEPERS,cpdpoet,Philadelphia CRYPTKEEPERS,Verified adjacent-season roster continuity
1979,1700417,Pittsburg Tanagers,coldfoot,Pittsburg Tanagers,Verified adjacent-season roster continuity
1979,1700570,San Francisco Quake,epup1975,San Diego / San Francisco Quake,Verified adjacent-season roster continuity
1979,1700707,Seattle Sea Snakes,pi_kapp,Seattle Sea Snakes,Verified adjacent-season roster continuity
1979,1700502,SoCal Space Cadets '79,crustydoc,SoCal / Newark,Verified adjacent-season roster continuity
1979,1700682,St. Louis Perfectos '79,kermit,St. Louis Perfectos,Verified adjacent-season roster continuity
1979,1700596,Texas Rangers,frazzman80,Texas Rangers,Verified adjacent-season roster continuity
1979,1700396,Toronto Blue Jays,tedcogswell,Toronto,Verified adjacent-season roster continuity
1980,1711441,Baltimore Orioles 1980,dodgerdon,Baltimore,Verified adjacent-season roster continuity
1980,1711460,Boston Yacht Rockers,eddiedzen,Boston,Verified adjacent-season roster continuity
1980,1711448,Chicago Cornhuskers,wgasa,Chicago Cornhuskers,Verified adjacent-season roster continuity
1980,1711415,Chicago Thunderbears,chargingryno,Thunderbears — Houston / Brooklyn / Chicago,Verified adjacent-season roster continuity
1980,1712687,Cincinnati Reds,mvw,Cincinnati / LA,Verified adjacent-season roster continuity
1980,1711455,Cleveland Indians,harrelson,Cleveland,Verified adjacent-season roster continuity
1980,1711417,Detroit Supremes 80,harrelson,Detroit,Verified adjacent-season roster continuity
1980,1712729,Houston Astros '80,frazzman80,Houston Colt .45s / Astros / flyBALLERS,Verified adjacent-season roster continuity
1980,1712036,Kansas City Monarchs,big_dowg,Kansas City Monarchs,Verified adjacent-season roster continuity
1980,1711450,Milwaukee Brewers,dbrom,Milwaukee,Verified adjacent-season roster continuity
1980,1711610,Minnesota Twins,schwingkid,Georgia / Minnetonka / Minnesota,Verified adjacent-season roster continuity
1980,1711504,Montreal Islands,cpdpoet,Montreal,Verified adjacent-season roster continuity
1980,1711462,New York Eagles,just4me,New York Eagles,Verified adjacent-season roster continuity
1980,1711483,New York Nutcrackers,n4ser,New York Nutcrackers / Nationals,Verified adjacent-season roster continuity
1980,1711535,New York  Times,trentonjoe,New York Times,Verified adjacent-season roster continuity
1980,1711809,Oakland Bagchuckers,chrondon84,Oakland,Verified adjacent-season roster continuity
1980,1711505,Philly CRYPTKEEPERS,cpdpoet,Philadelphia CRYPTKEEPERS,Verified adjacent-season roster continuity
1980,1711533,Pittsburg Tanagers,coldfoot,Pittsburg Tanagers,Verified adjacent-season roster continuity
1980,1711418,San Francisco Quake,epup1975,San Diego / San Francisco Quake,Verified adjacent-season roster continuity
1980,1711603,Seattle Sea Snakes,pi_kapp,Seattle Sea Snakes,Verified adjacent-season roster continuity
1980,1711440,SoCal Space Cadets '80,crustydoc,SoCal / Newark,Verified adjacent-season roster continuity
1980,1711733,St. Louis Perfectos '80,kermit,St. Louis Perfectos,Verified adjacent-season roster continuity
1980,1711463,Texas Rangers,frazzman80,Texas Rangers,Verified adjacent-season roster continuity
1980,1711534,Toronto Blue Jays,tedcogswell,Toronto,Verified adjacent-season roster continuity
1981,1722680,Baltimore Orioles 1981,dodgerdon,Baltimore,Verified adjacent-season roster continuity
1981,1721950,Boston Yacht Rockers,eddiedzen,Boston,Verified adjacent-season roster continuity
1981,1721890,Chicago Cornhuskers,wgasa,Chicago Cornhuskers,Verified adjacent-season roster continuity
1981,1721881,Chicago Thunderbears,chargingryno,Thunderbears — Houston / Brooklyn / Chicago,Verified adjacent-season roster continuity
1981,1722334,Cincinnati Skyline,sinatra,Cincinnati / LA,Verified adjacent-season roster continuity
1981,1722293,Cleveland Bad News Bears,harrelson,Cleveland,Verified adjacent-season roster continuity
1981,1722367,Detroit supremes,harrelson,Detroit,Verified adjacent-season roster continuity
1981,1722191,Houston Astros 1981,frazzman80,Houston Colt .45s / Astros / flyBALLERS,Verified adjacent-season roster continuity
1981,1722204,Kansas City Monarchs,big_dowg,Kansas City Monarchs,Verified adjacent-season roster continuity
1981,1722342,Milwaukee Brewers,dbrom,Milwaukee,Verified adjacent-season roster continuity
1981,1721985,Minnesota Twins,schwingkid,Georgia / Minnetonka / Minnesota,Verified adjacent-season roster continuity
1981,1721913,Montreal ISLANDS,cpdpoet,Montreal,Verified adjacent-season roster continuity
1981,1722629,New York Eagles,just4me,New York Eagles,Verified adjacent-season roster continuity
1981,1722309,New York Nutcrackers,n4ser,New York Nutcrackers / Nationals,Verified adjacent-season roster continuity
1981,1721888,New York  Times,trentonjoe,New York Times,Verified adjacent-season roster continuity
1981,1722194,Newark Bears,italyprof,SoCal / Newark,Verified adjacent-season roster continuity
1981,1722915,Oakland Bagchuckers,chrondon84,Oakland,Verified adjacent-season roster continuity
1981,1721914,Philadelphia CRYPTKEEPERS,cpdpoet,Philadelphia CRYPTKEEPERS,Verified adjacent-season roster continuity
1981,1721960,Pittsburg Tanagers,coldfoot,Pittsburg Tanagers,Verified adjacent-season roster continuity
1981,1722113,San Francisco Quake,epup1975,San Diego / San Francisco Quake,Verified adjacent-season roster continuity
1981,1723054,Seattle Sea Snakes,pi_kapp,Seattle Sea Snakes,Verified adjacent-season roster continuity
1981,1722440,St. Louis Perfectos '81,kermit,St. Louis Perfectos,Verified adjacent-season roster continuity
1981,1722189,Texas Rangers,frazzman80,Texas Rangers,Verified adjacent-season roster continuity
1981,1722927,1981 Toronto Blue Jays,mickr9,Toronto,Verified adjacent-season roster continuity
1982,1733421,Baltimore Orioles,chargingryno,Baltimore,Verified adjacent-season roster continuity
1982,1733441,Boston New Wave,eddiedzen,Boston,Verified adjacent-season roster continuity
1982,1733508,Chicago Cornhuskers,wgasa,Chicago Cornhuskers,Verified adjacent-season roster continuity
1982,1733214,Chicago Thunderbears,chargingryno,Thunderbears — Houston / Brooklyn / Chicago,Verified adjacent-season roster continuity
1982,1733438,Cincinnati Skyline,sinatra,Cincinnati / LA,Verified adjacent-season roster continuity
1982,1733470,Cleveland Indians,harrelson,Cleveland,Verified adjacent-season roster continuity
1982,1733646,Detroit S’ups,harrelson,Detroit,Verified adjacent-season roster continuity
1982,1733443,Houston Astros 1982,frazzman80,Houston Colt .45s / Astros / flyBALLERS,Verified adjacent-season roster continuity
1982,1733526,Kansas City Monarchs,big_dowg,Kansas City Monarchs,Verified adjacent-season roster continuity
1982,1733480,Milwaukee Brewers,dbrom,Milwaukee,Verified adjacent-season roster continuity
1982,1733488,Minnesota Twins,schwingkid,Georgia / Minnetonka / Minnesota,Verified adjacent-season roster continuity
1982,1733461,Montreal ISLANDS,cpdpoet,Montreal,Verified adjacent-season roster continuity
1982,1733592,New York Eagles,just4me,New York Eagles,Verified adjacent-season roster continuity
1982,1733659,New York Nutcrackers,n4ser,New York Nutcrackers / Nationals,Verified adjacent-season roster continuity
1982,1733462,New York  Times,trentonjoe,New York Times,Verified adjacent-season roster continuity
1982,1734606,Newark Ironborn Bears,trentonjoe,SoCal / Newark,Verified adjacent-season roster continuity
1982,1733945,Oakland Bagchuckers,chrondon84,Oakland,Verified adjacent-season roster continuity
1982,1733459,Philly CRYPTKEEPERS,cpdpoet,Philadelphia CRYPTKEEPERS,Verified adjacent-season roster continuity
1982,1733614,Pittsburg Tanagers,coldfoot,Pittsburg Tanagers,Verified adjacent-season roster continuity
1982,1733528,San Francisco Quake,epup1975,San Diego / San Francisco Quake,Verified adjacent-season roster continuity
1982,1733673,Seattle Sea Snakes,pi_kapp,Seattle Sea Snakes,Verified adjacent-season roster continuity
1982,1733467,St. Louis Perfectos '82,kermit,St. Louis Perfectos,Verified adjacent-season roster continuity
1982,1733523,Texas Rangers,frazzman80,Texas Rangers,Verified adjacent-season roster continuity
1982,1734111,Toronto ModernDayWarriors,coldfoot,Toronto,Verified adjacent-season roster continuity
1983,1744975,Baltimore Firebirds,chargingryno,Baltimore,Verified adjacent-season roster continuity
1983,1744807,Boston Synthesizers,eddiedzen,Boston,Verified adjacent-season roster continuity
1983,1744683,Chicago Cornhuskers,wgasa,Chicago Cornhuskers,Verified adjacent-season roster continuity
1983,1744375,Chicago Thunderbears,chargingryno,Thunderbears — Houston / Brooklyn / Chicago,Verified adjacent-season roster continuity
1983,1744955,Cincinnati Skyline,sinatra,Cincinnati / LA,Verified adjacent-season roster continuity
1983,1744718,Cleveland Tribe 83,harrelson,Cleveland,Verified adjacent-season roster continuity
1983,1745574,Detroit supremes,harrelson,Detroit,Verified adjacent-season roster continuity
1983,1744968,Houston Colt 45's,frazzman80,Houston Colt .45s / Astros / flyBALLERS,Verified adjacent-season roster continuity
1983,1744838,Kansas City Monarchs,big_dowg,Kansas City Monarchs,Verified adjacent-season roster continuity
1983,1745106,Milwaukee Brewers,dbrom,Milwaukee,Verified adjacent-season roster continuity
1983,1745221,Minnesota Twins,schwingkid,Georgia / Minnetonka / Minnesota,Verified adjacent-season roster continuity
1983,1745143,Montreal Islands,cpdpoet,Montreal,Verified adjacent-season roster continuity
1983,1744932,New York Eagles,just4me,New York Eagles,Verified adjacent-season roster continuity
1983,1745013,New York Nutcrackers,n4ser,New York Nutcrackers / Nationals,Verified adjacent-season roster continuity
1983,1745122,New York  Times,trentonjoe,New York Times,Verified adjacent-season roster continuity
1983,1745123,Newark Ironborn Bears,trentonjoe,SoCal / Newark,Verified adjacent-season roster continuity
1983,1746068,Oakland Bagchuckers,chrondon84,Oakland,Verified adjacent-season roster continuity
1983,1745144,Philly CRYPTKEEPERS,cpdpoet,Philadelphia CRYPTKEEPERS,Verified adjacent-season roster continuity
1983,1745521,Pittsburg Tanagers,coldfoot,Pittsburg Tanagers,Verified adjacent-season roster continuity
1983,1745456,San Francisco Quake,epup1975,San Diego / San Francisco Quake,Verified adjacent-season roster continuity
1983,1745237,Seattle Sea Snakes,pi_kapp,Seattle Sea Snakes,Verified adjacent-season roster continuity
1983,1745105,St. Louis Perfectos '83,kermit,St. Louis Perfectos,Verified adjacent-season roster continuity
1983,1744966,Texas Rangers,frazzman80,Texas Rangers,Verified adjacent-season roster continuity
1983,1745407,Toronto ModernDayWarriors,coldfoot,Toronto,Verified adjacent-season roster continuity
1984,1758205,Baltimore Firebirds of '84,chargingryno,Baltimore,Verified adjacent-season roster continuity
1984,1758215,Boston Synthesizers,eddiedzen,Boston,Verified adjacent-season roster continuity
1984,1758290,Chicago Cornhuskers,wgasa,Chicago Cornhuskers,Verified adjacent-season roster continuity
1984,1758206,Chicago Thunderbirds of '84,chargingryno,Thunderbears — Houston / Brooklyn / Chicago,Verified adjacent-season roster continuity
1984,1758310,Cincinnati Skyline,sinatra,Cincinnati / LA,Verified adjacent-season roster continuity
1984,1758225,Cleveland Indians 84,harrelson,Cleveland,Verified adjacent-season roster continuity
1984,1758224,Detroit Supremes 84,harrelson,Detroit,Verified adjacent-season roster continuity
1984,1758223,Houston Hounds,fabulous,Houston Colt .45s / Astros / flyBALLERS,Verified adjacent-season roster continuity
1984,1758470,Kansas City Monarchs,big_dowg,Kansas City Monarchs,Verified adjacent-season roster continuity
1984,1758219,Milwaukee Brewers,dbrom,Milwaukee,Verified adjacent-season roster continuity
1984,1758311,Minnesota Upper Midwestern Dialects,sinatra,Georgia / Minnetonka / Minnesota,Verified adjacent-season roster continuity
1984,1758722,Montreal Royales,stevebobldn,Montreal,Verified adjacent-season roster continuity
1984,1758284,New York Eagles,just4me,New York Eagles,Verified adjacent-season roster continuity
1984,1758278,New York Nutcrackers,n4ser,New York Nutcrackers / Nationals,Verified adjacent-season roster continuity
1984,1758335,New York  Times,trentonjoe,New York Times,Verified adjacent-season roster continuity
1984,1758253,Newark Ironborn Bears,trentonjoe,SoCal / Newark,Verified adjacent-season roster continuity
1984,1758249,Oakland Nights,duhbigcat,Oakland,Verified adjacent-season roster continuity
1984,1758228,Philly CRYPTKEEPERS,cpdpoet,Philadelphia CRYPTKEEPERS,Verified adjacent-season roster continuity
1984,1758380,Pittsburgh Tanagers,coldfoot,Pittsburg Tanagers,Verified adjacent-season roster continuity
1984,1758207,San Francisco Quake,epup1975,San Diego / San Francisco Quake,Verified adjacent-season roster continuity
1984,1758798,Seattle Sea Snakes,pi_kapp,Seattle Sea Snakes,Verified adjacent-season roster continuity
1984,1758365,St. Louis Perfectos '84,kermit,St. Louis Perfectos,Verified adjacent-season roster continuity
1984,1758449,Texas Rangers,frazzman80,Texas Rangers,Verified adjacent-season roster continuity
1984,1758381,Toronto ModernDayWarriors,coldfoot,Toronto,Verified adjacent-season roster continuity
1985,1772944,Baltimore Firebirds of '85,chargingryno,Baltimore,Verified adjacent-season roster continuity
1985,1773865,1985 Boston Red Sox,yates33,Boston,Verified adjacent-season roster continuity
1985,1772993,Chicago Cornhuskers,wgasa,Chicago Cornhuskers,Verified adjacent-season roster continuity
1985,1772945,Chicago Thunderbears of '85,chargingryno,Thunderbears — Houston / Brooklyn / Chicago,Verified adjacent-season roster continuity
1985,1772966,Cincinnati Skyline,sinatra,Cincinnati / LA,Verified adjacent-season roster continuity
1985,1773022,Cleveland Wahoos,harrelson,Cleveland,Verified adjacent-season roster continuity
1985,1773020,Detroit RIP Ryne Sanberg,harrelson,Detroit,Verified adjacent-season roster continuity
1985,1773307,HOU - We have a LOT of Problems,the_creeper,Houston Colt .45s / Astros / flyBALLERS,Verified adjacent-season roster continuity
1985,1772994,Kansas City Monarchs,stevebobldn,Kansas City Monarchs,Verified adjacent-season roster continuity
1985,1773319,Milwaukee Brewers,cdew8,Milwaukee,Verified adjacent-season roster continuity
1985,1772967,Minnesota Twonkies,sinatra,Georgia / Minnetonka / Minnesota,Verified adjacent-season roster continuity
1985,1772989,Montreal Royales,stevebobldn,Montreal,Verified adjacent-season roster continuity
1985,1772984,New York Eagles,just4me,New York Eagles,Verified adjacent-season roster continuity
1985,1772983,New York Nutrackers,just4me,New York Nutcrackers / Nationals,Verified adjacent-season roster continuity
1985,1772975,New York  Times,trentonjoe,New York Times,Verified adjacent-season roster continuity
1985,1772969,Newark Ironbound Bears,trentonjoe,SoCal / Newark,Verified adjacent-season roster continuity
1985,1773288,Oakland Knights,duhbigcat,Oakland,Verified adjacent-season roster continuity
1985,1773004,Philly CRYPTKEEPERS,cpdpoet,Philadelphia CRYPTKEEPERS,Verified adjacent-season roster continuity
1985,1773044,Pittsburgh Tanagers,coldfoot,Pittsburg Tanagers,Verified adjacent-season roster continuity
1985,1773327,San Francisco Quake,epup1975,San Diego / San Francisco Quake,Verified adjacent-season roster continuity
1985,1772999,Seattle Sea Snakes,pi_kapp,Seattle Sea Snakes,Verified adjacent-season roster continuity
1985,1773274,St. Louis Perfectos '85,kermit,St. Louis Perfectos,Verified adjacent-season roster continuity
1985,1773158,Texas Rangers,frazzman80,Texas Rangers,Verified adjacent-season roster continuity
1985,1773410,Toronto ModernDayWarriors,coldfoot,Toronto,Verified adjacent-season roster continuity
1986,1787253,Baltimore Orioles '86,chargingryno,Baltimore,Verified adjacent-season roster continuity
1986,1787579,Boston Red Sox,the_creeper,Boston,Verified adjacent-season roster continuity
1986,1786689,Chicago Cornhuskers,wgasa,Chicago Cornhuskers,Verified adjacent-season roster continuity
1986,1786344,Chicago Thunderbears '86,chargingryno,Thunderbears — Houston / Brooklyn / Chicago,Verified adjacent-season roster continuity
1986,1787180,Cincinnati Skyline,sinatra,Cincinnati / LA,Verified adjacent-season roster continuity
1986,1786693,Cleveland Kickapoo,harrelson,Cleveland,Verified adjacent-season roster continuity
1986,1786623,Detroit Supremes,harrelson,Detroit,Verified adjacent-season roster continuity
1986,1786749,Houston QuickSands (1986),the_creeper,Houston Colt .45s / Astros / flyBALLERS,Verified adjacent-season roster continuity
1986,1786951,Kansas City Monarchs,stevebobldn,Kansas City Monarchs,Verified adjacent-season roster continuity
1986,1786642,Milwaukee Brewers,cdew8,Milwaukee,Verified adjacent-season roster continuity
1986,1787181,Minnesota Upper Midwestern Dialects,sinatra,Georgia / Minnetonka / Minnesota,Verified adjacent-season roster continuity
1986,1786950,Montreal Royales,stevebobldn,Montreal,Verified adjacent-season roster continuity
1986,1786619,New York Eagles,just4me,New York Eagles,Verified adjacent-season roster continuity
1986,1786620,New York Nutrackers,just4me,New York Nutcrackers / Nationals,Verified adjacent-season roster continuity
1986,1786566,New York Times,trentonjoe,New York Times,Verified adjacent-season roster continuity
1986,1786863,Newark Ironbound Bears,trentonjoe,SoCal / Newark,Verified adjacent-season roster continuity
1986,1786770,Oakland Nights,duhbigcat,Oakland,Verified adjacent-season roster continuity
1986,1786593,Philly CRYPTKEEPERS,cpdpoet,Philadelphia CRYPTKEEPERS,Verified adjacent-season roster continuity
1986,1787295,Pittsburg Tanagers,coldfoot,Pittsburg Tanagers,Verified adjacent-season roster continuity
1986,1786893,San Francisco Quake,epup1975,San Diego / San Francisco Quake,Verified adjacent-season roster continuity
1986,1786986,Seattle Sea Snakes,pi_kapp,Seattle Sea Snakes,Verified adjacent-season roster continuity
1986,1786830,St. Louis Perfectos '86,kermit,St. Louis Perfectos,Verified adjacent-season roster continuity
1986,1786567,Texas Rangers,frazzman80,Texas Rangers,Verified adjacent-season roster continuity
1986,1787298,Toronto ModernDayWarriors,coldfoot,Toronto,Verified adjacent-season roster continuity
1987,1798093,Baltimore Firebirds '87,jimmygatz2,Baltimore,Verified adjacent-season roster continuity
1987,1798150,Boston EdSox,the_creeper,Boston,Verified adjacent-season roster continuity
1987,1798122,Chicago Cornhuskers,wgasa,Chicago Cornhuskers,Verified adjacent-season roster continuity
1987,1798017,Chicago Thunderbears '87,chargingryno,Thunderbears — Houston / Brooklyn / Chicago,Verified adjacent-season roster continuity
1987,1798841,Cincinnati Skyline,sinatra,Cincinnati / LA,Verified adjacent-season roster continuity
1987,1798174,Cleveland Kickapoo,harrelson,Cleveland,Verified adjacent-season roster continuity
1987,1798110,Detroit Supremes,harrelson,Detroit,Verified adjacent-season roster continuity
1987,1798149,Houston Nacho Mommas FrazzStros,the_creeper,Houston Colt .45s / Astros / flyBALLERS,Verified adjacent-season roster continuity
1987,1798424,Kansas City Monarchs,kujhawker,Kansas City Monarchs,Verified adjacent-season roster continuity
1987,1798058,Milwaukee Brewers,cdew8,Milwaukee,Verified adjacent-season roster continuity
1987,1798840,Minnesota Upper Midwestern Dialects,sinatra,Georgia / Minnetonka / Minnesota,Verified adjacent-season roster continuity
1987,1798321,Montreal Royales,stevebobldn,Montreal,Verified adjacent-season roster continuity
1987,1798073,New York Eagles,just4me,New York Eagles,Verified adjacent-season roster continuity
1987,1798170,New York National,k123456789,New York Nutcrackers / Nationals,Verified adjacent-season roster continuity
1987,1798319,New York  Times,trentonjoe,New York Times,Verified adjacent-season roster continuity
1987,1798320,Newark Ironborn Bears,trentonjoe,SoCal / Newark,Verified adjacent-season roster continuity
1987,1798279,Oakland Nights,duhbigcat,Oakland,Verified adjacent-season roster continuity
1987,1798793,Philly CRYPTKEEPERS,cpdpoet,Philadelphia CRYPTKEEPERS,Verified adjacent-season roster continuity
1987,1798825,Pittsburg Tanagers,coldfoot,Pittsburg Tanagers,Verified adjacent-season roster continuity
1987,1798794,San Francisco Quake,epup1975,San Diego / San Francisco Quake,Verified adjacent-season roster continuity
1987,1798332,Seattle Sea Snakes,pi_kapp,Seattle Sea Snakes,Verified adjacent-season roster continuity
1987,1798475,St. Louis Perfectos '87,kermit,St. Louis Perfectos,Verified adjacent-season roster continuity
1987,1798138,Texas Rangers,frazzman80,Texas Rangers,Verified adjacent-season roster continuity
1987,1798824,Toronto ModernDayWarriors,coldfoot,Toronto,Verified adjacent-season roster continuity
1988,1807207,Baltimore Abyssal Wharf Rats,jimmygatz2,Baltimore,Verified adjacent-season roster continuity
1988,1807373,Boston EDSox (1988),the_creeper,Boston,Verified adjacent-season roster continuity
1988,1807394,Chicago Cornhuskers,wgasa,Chicago Cornhuskers,Verified adjacent-season roster continuity
1988,1806946,Chicago Thunderbears '88,chargingryno,Thunderbears — Houston / Brooklyn / Chicago,Verified adjacent-season roster continuity
1988,1807325,Cincinnati Skyline,sinatra,Cincinnati / LA,Verified adjacent-season roster continuity
1988,1807222,Cleveland KICKAPOO,harrelson,Cleveland,Verified adjacent-season roster continuity
1988,1807329,Detroit Supremes,harrelson,Detroit,Verified adjacent-season roster continuity
1988,1807375,Houston Arms Race (1988),the_creeper,Houston Colt .45s / Astros / flyBALLERS,Verified adjacent-season roster continuity
1988,1807702,Kansas City Monarchs 1988,kujhawker,Kansas City Monarchs,Verified adjacent-season roster continuity
1988,1807606,Milwaukee Brewers,cdew8,Milwaukee,Verified adjacent-season roster continuity
1988,1807328,Minnesota Upper Midwestern Dialects,sinatra,Georgia / Minnetonka / Minnesota,Verified adjacent-season roster continuity
1988,1807565,Montreal Royales,stevebobldn,Montreal,Verified adjacent-season roster continuity
1988,1807335,New York Eagles,just4me,New York Eagles,Verified adjacent-season roster continuity
1988,1807554,New York Nationals,k123456789,New York Nutcrackers / Nationals,Verified adjacent-season roster continuity
1988,1807405,New York  Times,trentonjoe,New York Times,Verified adjacent-season roster continuity
1988,1807404,Newark Ironbound Bears,trentonjoe,SoCal / Newark,Verified adjacent-season roster continuity
1988,1807733,Oakland Nights,duhbigcat,Oakland,Verified adjacent-season roster continuity
1988,1807401,Philly CRYPTKEEPERS,cpdpoet,Philadelphia CRYPTKEEPERS,Verified adjacent-season roster continuity
1988,1807885,Pittsburg Tanagers,coldfoot,Pittsburg Tanagers,Verified adjacent-season roster continuity
1988,1807859,San Francisco Quake,epup1975,San Diego / San Francisco Quake,Verified adjacent-season roster continuity
1988,1807801,Seattle Sea Snakes,pi_kapp,Seattle Sea Snakes,Verified adjacent-season roster continuity
1988,1807502,St. Louis Perfectos '88,kermit,St. Louis Perfectos,Verified adjacent-season roster continuity
1988,1807360,Texas Rangers,frazzman80,Texas Rangers,Verified adjacent-season roster continuity
1988,1807886,Toronto ModernDayWarriors,coldfoot,Toronto,Verified adjacent-season roster continuity
1989,1815855,Baltimore Abyssal Wharf Rats,jimmygatz2,Baltimore,Verified adjacent-season roster continuity
1989,1815862,Boston EdSox (1989),the_creeper,Boston,Verified adjacent-season roster continuity
1989,1815869,Chicago Cornhuskers,wgasa,Chicago Cornhuskers,Verified adjacent-season roster continuity
1989,1816173,Chicago Thunderbears '89,chargingryno,Thunderbears — Houston / Brooklyn / Chicago,Verified adjacent-season roster continuity
1989,1815892,Cleveland Cheekapoo,harrelson,Cleveland,Verified adjacent-season roster continuity
1989,1815893,Detroit Supreme Bottom Feeders,harrelson,Detroit,Verified adjacent-season roster continuity
1989,1815864,Houston flyBALLERS,the_creeper,Houston Colt .45s / Astros / flyBALLERS,Verified adjacent-season roster continuity
1989,1816205,Kansas City Monarchs 1989,kujhawker,Kansas City Monarchs,Verified adjacent-season roster continuity
1989,1815943,LA Breakers,sinatra,Cincinnati / LA,Verified adjacent-season roster continuity
1989,1815833,Milwaukee Brewers,cdew8,Milwaukee,Verified adjacent-season roster continuity
1989,1815959,Minnesota Upper Midwestern Dialects,sinatra,Georgia / Minnetonka / Minnesota,Verified adjacent-season roster continuity
1989,1816132,Montreal Royales,stevebobldn,Montreal,Verified adjacent-season roster continuity
1989,1815809,New York Eagles,just4me,New York Eagles,Verified adjacent-season roster continuity
1989,1815804,New York Nationals,k123456789,New York Nutcrackers / Nationals,Verified adjacent-season roster continuity
1989,1815838,New York Times,trentonjoe,New York Times,Verified adjacent-season roster continuity
1989,1815839,Newark Ironbound Bears,trentonjoe,SoCal / Newark,Verified adjacent-season roster continuity
1989,1815902,Oakland Nights,duhbigcat,Oakland,Verified adjacent-season roster continuity
1989,1815812,Philly CRYPTKEEPERS,cpdpoet,Philadelphia CRYPTKEEPERS,Verified adjacent-season roster continuity
1989,1816053,Pittsburg Tanagers,coldfoot,Pittsburg Tanagers,Verified adjacent-season roster continuity
1989,1816202,San Francisco Quake,epup1975,San Diego / San Francisco Quake,Verified adjacent-season roster continuity
1989,1816182,Seattle Sea Snakes,pi_kapp,Seattle Sea Snakes,Verified adjacent-season roster continuity
1989,1815820,St. Louis Perfectos '89,kermit,St. Louis Perfectos,Verified adjacent-season roster continuity
1989,1815832,Texas Rangers,frazzman80,Texas Rangers,Verified adjacent-season roster continuity
1989,1816054,Toronto ModernDayWarriors,coldfoot,Toronto,Verified adjacent-season roster continuity
