owner,team_seasons,first_year,last_year,mean_pick,median_pick,top3_rate,top8_rate,bottom3_rate,bottom8_rate,mean_score,mean_wins,mean_salary,mean_relative_salary,mean_card_ip,mean_card_pa,mean_pitcher_cost,mean_hitter_cost,owner_count,team_name_count,years_participated,team_names
eddiedzen,10,1975,1984,4.8,3.5,0.5,0.7,0.0,0.0,15.472553726095384,107.9,78181467.65555556,1.0849726065384988,1363.8493827160494,6285.58024691358,22973.600343012517,7449.358406783504,1,6,10,Boston New Wave · Boston Plaids · Boston Post-Punks · Boston Punks · Boston Synthesizers · Boston Yacht Rockers
sinatra,15,1981,1989,6.2,4.0,0.4666666666666667,0.6666666666666666,0.0,0.0,12.020407807674252,83.93333333333334,67327229.25761317,0.9503681425219923,1320.9987654320987,5930.304162953455,22819.443279956125,6327.574777196186,1,4,9,Cincinnati Skyline · LA Breakers · Minnesota Twonkies · Minnesota Upper Midwestern Dialects
trentonjoe,24,1975,1989,6.5,5.5,0.3333333333333333,0.75,0.041666666666666664,0.041666666666666664,11.300720364502993,91.33333333333333,72522770.43539765,1.0159062440059488,1340.2136019098552,5899.209104938272,23139.852847193466,6988.329584467407,1,5,15,Chicago Cornhuskers · New York  Times · New York Times · Newark Ironborn Bears · Newark Ironbound Bears
dbrom,10,1975,1984,6.6,6.0,0.1,0.8,0.0,0.0,10.022757808805704,95.1,75615411.38651472,1.0463966045262187,1444.0006172839508,5896.6538090130025,23502.181534142364,7059.733848200941,1,1,10,Milwaukee Brewers
cdew8,5,1985,1989,8.2,9.0,0.2,0.4,0.0,0.0,7.37789263945524,99.8,78337922.07654321,1.1053197287512009,1449.1654320987655,6181.94812706479,25052.90823378425,6776.592117424203,1,1,5,Milwaukee Brewers
fire13,10,1975,1979,8.2,9.0,0.3,0.4,0.0,0.1,6.229846325104061,88.8,74615252.12998576,1.019095177285069,1467.3984263649618,6190.982716049382,24892.575249994137,6226.563200821571,1,2,5,Cincinnati Mudcats · Kansas City Monarchs
mvw,1,1980,1980,9.0,9.0,0.0,0.0,0.0,0.0,1.29999999999999,94.0,81833905.04938272,1.1345599844369412,1481.7345679012344,6044.327160493827,27293.81628555122,6847.417399847424,1,1,1,Cincinnati Reds
chrondon84,9,1975,1983,9.555555555555555,8.0,0.2222222222222222,0.5555555555555556,0.1111111111111111,0.2222222222222222,4.520746010518035,70.66666666666667,64387442.74147937,0.8894397565364665,1338.0301783264747,5511.22024624418,22468.928110358313,6310.922965908133,1,1,9,Oakland Bagchuckers
wgasa,12,1977,1989,10.5,10.5,0.16666666666666666,0.4166666666666667,0.0,0.16666666666666666,3.07337248899305,89.08333333333333,73409801.38014403,1.032119375258214,1534.0915637860082,6239.493312757201,21151.276373991037,6445.365892256695,1,1,12,Chicago Cornhuskers
frazzman80,19,1975,1989,10.526315789473685,10.0,0.10526315789473684,0.3684210526315789,0.0,0.15789473684210525,2.7441396324888596,94.6842105263158,77687403.53590441,1.0821949184580302,1575.041910331384,6073.4431448992855,23380.35312086419,6779.432431780939,1,5,15,Houston Astros '80 · Houston Astros 1981 · Houston Astros 1982 · Houston Colt 45's · Texas Rangers
stevebobldn,8,1984,1989,10.75,11.0,0.125,0.375,0.0,0.125,2.9109892781387807,75.375,66281930.94212963,0.9367668942969535,1525.3472222222222,5878.362256135457,19722.40299896889,6208.143743026207,1,2,6,Kansas City Monarchs · Montreal Royales
harrelson,26,1975,1989,10.884615384615385,11.0,0.23076923076923078,0.46153846153846156,0.07692307692307693,0.34615384615384615,2.2765367270462282,83.26923076923077,70573362.05024685,0.9864752660717874,1419.2263807631725,5960.361434847008,21705.181325859117,6571.546116677553,1,17,15,Cleveland Bad News Bears · Cleveland Cheekapoo · Cleveland Indians · Cleveland Indians 84 · Cleveland KICKAPOO · Cleveland Kickapoo · Cleveland Tribe 83 · Cleveland Wahoos · Detroit RIP Ryne Sanberg · Detroit Supreme Bottom Feeders · Detroit Supremes · Detroit Supremes 78 · Detroit Supremes 80 · Detroit Supremes 84 · Detroit S’ups · Detroit suPremes · Detroit supremes
just4me,18,1975,1989,11.166666666666666,12.0,0.1111111111111111,0.3333333333333333,0.05555555555555555,0.16666666666666666,2.5007888820662,77.16666666666667,67060011.89320008,0.9354047183617595,1316.653635116598,5815.458504801097,22297.702363261928,6437.802762038324,1,3,15,New York Eagles · New York Nutcrackers · New York Nutrackers
coldfoot,23,1975,1989,11.217391304347826,12.0,0.13043478260869565,0.43478260869565216,0.08695652173913043,0.21739130434782608,1.8492047515569465,92.04347826086956,76357113.5398886,1.0695856858213157,1435.9956831736392,6110.601449275363,23158.465726181235,7017.323118219789,1,3,15,Pittsburg Tanagers · Pittsburgh Tanagers · Toronto ModernDayWarriors
kermit,15,1975,1989,11.333333333333334,10.0,0.0,0.3333333333333333,0.0,0.26666666666666666,1.0457193207045876,81.0,71811738.9754569,1.0012679569927423,1425.1333333333334,5933.325102880658,22662.734489034596,6662.181121503455,1,15,15,St. Louis Perfectos '75 · St. Louis Perfectos '76 · St. Louis Perfectos '77 · St. Louis Perfectos '78 · St. Louis Perfectos '79 · St. Louis Perfectos '80 · St. Louis Perfectos '81 · St. Louis Perfectos '82 · St. Louis Perfectos '83 · St. Louis Perfectos '84 · St. Louis Perfectos '85 · St. Louis Perfectos '86 · St. Louis Perfectos '87 · St. Louis Perfectos '88 · St. Louis Perfectos '89
txelvis,5,1975,1979,11.6,13.0,0.0,0.4,0.0,0.6,-1.4681121810713973,77.8,72417027.6617284,0.9859227833461279,1521.4,6198.375308641976,20714.905871214884,6563.091782334911,1,5,5,'75 Houston Colt .45s · Houston Astros ‘79 · Houston Colt .45s '77 · Houston Colt .45s '78 · ‘76 Houston Colt .45s
the_creeper,9,1985,1989,12.666666666666666,13.0,0.0,0.2222222222222222,0.1111111111111111,0.2222222222222222,-0.31826589469428906,92.0,76478651.12636214,1.0785614006996596,1441.3854595336077,6397.539094650206,23335.3476613543,6654.486305032001,1,9,5,Boston EDSox (1988) · Boston EdSox · Boston EdSox (1989) · Boston Red Sox · HOU - We have a LOT of Problems · Houston Arms Race (1988) · Houston Nacho Mommas FrazzStros · Houston QuickSands (1986) · Houston flyBALLERS
k123456789,3,1987,1989,13.0,13.0,0.0,0.3333333333333333,0.0,0.3333333333333333,-1.3497783120900622,73.0,67121605.17489712,0.9475614607899993,1369.4732510288065,5401.047325102881,22830.609173921857,6443.189276033587,1,2,3,New York National · New York Nationals
pi_kapp,13,1977,1989,13.23076923076923,14.0,0.0,0.15384615384615385,0.0,0.23076923076923078,-1.2461979885967152,81.6923076923077,72673441.38572432,1.022140938548182,1544.2122507067338,5965.795821462488,20200.77232726079,6942.3035172567115,1,1,13,Seattle Sea Snakes
chargingryno,23,1975,1989,14.0,15.0,0.08695652173913043,0.21739130434782608,0.13043478260869565,0.391304347826087,-3.1300927244995496,75.3913043478261,69966492.03299126,0.9790433736424475,1416.1359725698876,5907.726484427264,22046.995240019973,6495.848940882123,1,14,15,Baltimore Firebirds · Baltimore Firebirds of '84 · Baltimore Firebirds of '85 · Baltimore Orioles · Baltimore Orioles '86 · Chicago Thunderbears · Chicago Thunderbears '86 · Chicago Thunderbears '87 · Chicago Thunderbears '88 · Chicago Thunderbears '89 · Chicago Thunderbears of '85 · Chicago Thunderbirds of '84 · Georgia Dawgs · Minnetonka Moon Dawgs
duhbigcat,6,1984,1989,15.166666666666666,17.0,0.0,0.16666666666666666,0.16666666666666666,0.5,-7.59545990863606,79.16666666666667,73096532.86522634,1.0335069796158367,1510.3868312757202,6530.30658436214,20732.600910545425,6306.691842167681,1,2,6,Oakland Knights · Oakland Nights
cpdpoet,20,1975,1989,15.6,17.5,0.0,0.2,0.2,0.55,-6.574060728872257,73.6,69522234.32269706,0.9692417695331251,1498.8246913580247,6166.663580246914,20578.039658454647,6201.295017185492,1,4,15,Montreal ISLANDS · Montreal Islands · Philadelphia CRYPTKEEPERS · Philly CRYPTKEEPERS
epup1975,15,1975,1989,18.066666666666666,19.0,0.0,0.0,0.26666666666666666,0.8,-11.224427438364097,72.26666666666667,71733181.71851851,0.9994538818060431,1506.7810699588479,6462.65061728395,20652.871520229197,6269.282614473519,1,2,15,San Diego Quake · San Francisco Quake
tedcogswell,4,1977,1980,18.25,19.5,0.0,0.0,0.0,0.75,-9.813010531208626,74.5,72486905.99074075,1.0134285021684968,1558.4953703703704,6708.467592592593,20018.649552354465,6156.710039889431,1,1,4,Toronto Blue Jays
crustydoc,6,1975,1980,18.5,19.0,0.0,0.0,0.5,0.8333333333333334,-14.903812230524267,61.833333333333336,67313725.35461256,0.9214738552200097,1520.6491769547326,6219.514403292182,19436.830426336506,6033.078636962765,1,6,6,SoCal Space Cadets '77 · SoCal Space Cadets '78 · SoCal Space Cadets '79 · SoCal Space Cadets '80 · SoCal Space Cadets ‘75 · SoCal Space Cadets ‘76
jimmygatz2,3,1987,1989,18.666666666666668,21.0,0.0,0.0,0.3333333333333333,0.6666666666666666,-21.57291117745939,50.0,59783840.302469134,0.8430386819670824,1328.4835390946503,5579.063786008231,19757.476301351966,5887.346410928808,1,2,3,Baltimore Abyssal Wharf Rats · Baltimore Firebirds '87
dodgerdon,7,1975,1981,18.857142857142858,18.0,0.0,0.14285714285714285,0.5714285714285714,0.8571428571428571,-16.579872360473722,53.42857142857143,61702862.91930936,0.846131268334959,1480.6975308641975,5679.113756613756,19783.150917770516,5661.155091753598,1,7,7,1975 Baltimore Orioles · 1976 Baltimore Orioles · Baltimore Orioles 1977 · Baltimore Orioles 1978 · Baltimore Orioles 1979 · Baltimore Orioles 1980 · Baltimore Orioles 1981
mickr9,1,1981,1981,19.0,19.0,0.0,0.0,0.0,1.0,-12.550000000000006,67.0,67213011.0,0.9307820503754722,1784.0617283950617,6322.259259259259,18825.062362897817,5613.276356514218,1,1,1,1981 Toronto Blue Jays
schwingkid,4,1980,1983,19.0,18.5,0.0,0.0,0.5,0.5,-17.348431954724568,70.25,71962760.68209876,1.0069876485907754,1433.3703703703704,6127.811728395061,21638.690074057533,6688.675853108101,1,1,4,Minnesota Twins
ff09,4,1975,1978,19.25,19.5,0.0,0.0,0.5,1.0,-15.380442313390407,59.25,67349007.78893638,0.909924599671348,1510.6574074074074,6066.5,19688.836521564146,6023.561342830405,1,1,4,Montreal Cobblestones
ooooohdoggie,2,1975,1976,19.5,19.5,0.0,0.0,1.0,1.0,-39.46745610768309,78.5,100970075.5,1.3268226399059382,2220.5,8990.5,20002.030209942168,6191.798459193105,1,2,2,Georgia Browns · Georgia Browns '75
n4ser,9,1975,1984,19.666666666666668,20.0,0.0,0.0,0.4444444444444444,0.8888888888888888,-21.696322209694884,58.44444444444444,68435466.45779255,0.9491083361749043,1568.707133058985,6142.9127773655255,20023.224866308694,6064.933487344519,1,1,9,New York Nutcrackers
fabulous,1,1984,1984,20.0,20.0,0.0,0.0,0.0,1.0,-16.95345145118776,78.0,76454917.0,1.094009201327807,1581.0,6235.0,22634.88045540797,6522.721892542101,1,1,1,Houston Hounds
big_dowg,5,1980,1984,20.4,21.0,0.0,0.0,0.4,0.8,-22.613173580995525,58.0,66669637.81975309,0.9368987558320896,1573.2,5996.106687838363,21146.50676830047,5459.393180697726,1,1,5,Kansas City Monarchs
kros2,2,1977,1978,20.5,20.5,0.0,0.0,0.5,1.0,-15.822635104268134,68.5,72289530.16358024,1.0099540400998708,1771.4876543209875,5999.520482791371,19298.1703878412,6407.308016401918,1,1,2,Cleveland Indians
yates33,1,1985,1985,21.0,21.0,0.0,0.0,0.0,1.0,-23.09317053952016,92.0,88035532.97515528,1.243078444788449,1835.0,6181.432098765432,24038.41634877384,7137.578657508749,1,1,1,1985 Boston Red Sox
italyprof,1,1981,1981,22.0,22.0,0.0,0.0,1.0,1.0,-13.559999999999995,73.0,74420257.0,1.0305897380483309,1602.0,6107.0,22636.937578027464,5948.5781889634845,1,1,1,Newark Bears
kujhawker,3,1987,1989,23.333333333333332,23.0,0.0,0.0,1.0,1.0,-28.630181501303223,55.333333333333336,68126874.27160494,0.9606585826162873,1507.9814814814815,6301.860082304527,18770.37654043638,6191.7741834228655,1,3,3,Kansas City Monarchs · Kansas City Monarchs 1988 · Kansas City Monarchs 1989
