owner,franchise_lineage,lineage_basis,team_seasons,first_year,last_year,mean_pick,top3_rate,top8_rate,mean_score,mean_wins,mean_relative_salary,mean_card_ip,mean_card_pa
dodgerdon,Baltimore,Verified adjacent-season roster continuity,7,1975,1981,18.857142857142858,0.0,0.14285714285714285,-16.579872360473722,53.42857142857143,0.846131268334959,1480.6975308641975,5679.113756613756
chargingryno,Baltimore,Verified adjacent-season roster continuity,5,1982,1986,20.0,0.0,0.0,-12.983028056607939,60.4,0.8960046250553015,1388.2765432098765,5929.701087624673
jimmygatz2,Baltimore,Verified adjacent-season roster continuity,3,1987,1989,18.666666666666668,0.0,0.0,-21.57291117745939,50.0,0.8430386819670824,1328.4835390946503,5579.063786008231
eddiedzen,Boston,Verified adjacent-season roster continuity,10,1975,1984,4.8,0.5,0.7,15.472553726095384,107.9,1.0849726065384988,1363.8493827160494,6285.58024691358
yates33,Boston,Verified adjacent-season roster continuity,1,1985,1985,21.0,0.0,0.0,-23.09317053952016,92.0,1.243078444788449,1835.0,6181.432098765432
the_creeper,Boston,Verified adjacent-season roster continuity,4,1986,1989,14.75,0.0,0.0,-3.0079799445989734,100.5,1.1471627575659005,1488.2515432098764,6710.135802469136
wgasa,Chicago Cornhuskers,Verified adjacent-season roster continuity,12,1977,1989,10.5,0.16666666666666666,0.4166666666666667,3.07337248899305,89.08333333333333,1.032119375258214,1534.0915637860082,6239.493312757201
trentonjoe,Chicago Cornhuskers,Verified adjacent-season roster continuity,1,1979,1979,12.0,0.0,0.0,-1.005113855795381,97.0,1.1314716547985622,1471.0,5893.0
fire13,Cincinnati / LA,Verified adjacent-season roster continuity,5,1975,1979,6.8,0.4,0.4,9.242804121077688,99.0,1.0721481180416899,1449.2845070509113,5905.765432098766
mvw,Cincinnati / LA,Verified adjacent-season roster continuity,1,1980,1980,9.0,0.0,0.0,1.29999999999999,94.0,1.1345599844369412,1481.7345679012344,6044.327160493827
sinatra,Cincinnati / LA,Verified adjacent-season roster continuity,9,1981,1989,8.777777777777779,0.2222222222222222,0.4444444444444444,6.290071223980598,82.44444444444444,0.9772186280111956,1324.1090534979423,5763.660893587741
kros2,Cleveland,Verified adjacent-season roster continuity,2,1977,1978,20.5,0.0,0.0,-15.822635104268134,68.5,1.0099540400998708,1771.4876543209875,5999.520482791371
harrelson,Cleveland,Verified adjacent-season roster continuity,11,1979,1989,15.636363636363637,0.09090909090909091,0.18181818181818182,-7.287383743988624,61.54545454545455,0.8768495037039099,1381.6705948372617,5514.18911335578
harrelson,Detroit,Verified adjacent-season roster continuity,15,1975,1989,7.4,0.3333333333333333,0.6666666666666666,9.29007840580512,99.2,1.0668674918082308,1446.767290442174,6287.554470607241
ooooohdoggie,Georgia / Minnetonka / Minnesota,Verified adjacent-season roster continuity,2,1975,1976,19.5,0.0,0.0,-39.46745610768309,78.5,1.3268226399059382,2220.5,8990.5
chargingryno,Georgia / Minnetonka / Minnesota,Verified adjacent-season roster continuity,3,1977,1979,14.333333333333334,0.0,0.3333333333333333,-5.8572158963406205,73.0,0.973939134715593,1409.2592592592591,6118.041152263374
schwingkid,Georgia / Minnetonka / Minnesota,Verified adjacent-season roster continuity,4,1980,1983,19.0,0.0,0.0,-17.348431954724568,70.25,1.0069876485907754,1433.3703703703704,6127.811728395061
sinatra,Georgia / Minnetonka / Minnesota,Verified adjacent-season roster continuity,6,1984,1989,2.3333333333333335,0.8333333333333334,1.0,20.615912683214734,86.16666666666667,0.9100924142881878,1316.3333333333333,6180.269067002025
txelvis,Houston Colt .45s / Astros / flyBALLERS,Verified adjacent-season roster continuity,5,1975,1979,11.6,0.0,0.4,-1.4681121810713973,77.8,0.9859227833461279,1521.4,6198.375308641976
frazzman80,Houston Colt .45s / Astros / flyBALLERS,Verified adjacent-season roster continuity,4,1980,1983,12.0,0.0,0.0,-1.656793395340237,93.75,1.0769180697133585,1648.3086419753085,6339.134259259259
fabulous,Houston Colt .45s / Astros / flyBALLERS,Verified adjacent-season roster continuity,1,1984,1984,20.0,0.0,0.0,-16.95345145118776,78.0,1.094009201327807,1581.0,6235.0
the_creeper,Houston Colt .45s / Astros / flyBALLERS,Verified adjacent-season roster continuity,5,1985,1989,11.0,0.0,0.4,1.8335053452294587,85.2,1.0236803152066667,1403.8925925925928,6147.461728395062
fire13,Kansas City Monarchs,Verified adjacent-season roster continuity,5,1975,1979,9.6,0.2,0.4,3.216888529130435,78.6,0.9660422365284479,1485.5123456790122,6476.2
big_dowg,Kansas City Monarchs,Verified adjacent-season roster continuity,5,1980,1984,20.4,0.0,0.0,-22.613173580995525,58.0,0.9368987558320896,1573.2,5996.106687838363
stevebobldn,Kansas City Monarchs,Verified adjacent-season roster continuity,2,1985,1986,8.0,0.0,0.5,3.0558093588837987,72.5,0.9057620013967198,1533.5,5922.094086270223
kujhawker,Kansas City Monarchs,Verified adjacent-season roster continuity,3,1987,1989,23.333333333333332,0.0,0.0,-28.630181501303223,55.333333333333336,0.9606585826162873,1507.9814814814815,6301.860082304527
dbrom,Milwaukee,Verified adjacent-season roster continuity,10,1975,1984,6.6,0.1,0.8,10.022757808805704,95.1,1.0463966045262187,1444.0006172839508,5896.6538090130025
cdew8,Milwaukee,Verified adjacent-season roster continuity,5,1985,1989,8.2,0.2,0.4,7.37789263945524,99.8,1.1053197287512009,1449.1654320987655,6181.94812706479
ff09,Montreal,Verified adjacent-season roster continuity,4,1975,1978,19.25,0.0,0.0,-15.380442313390407,59.25,0.909924599671348,1510.6574074074074,6066.5
cpdpoet,Montreal,Verified adjacent-season roster continuity,5,1979,1983,12.6,0.0,0.4,-1.4944566356231825,68.8,0.914546449093806,1470.2530864197531,5742.16049382716
stevebobldn,Montreal,Verified adjacent-season roster continuity,6,1984,1989,11.666666666666666,0.16666666666666666,0.3333333333333333,2.862715917890441,76.33333333333333,0.9471018585970313,1522.6296296296296,5863.784979423868
just4me,New York Eagles,Verified adjacent-season roster continuity,15,1975,1989,10.466666666666667,0.06666666666666667,0.3333333333333333,3.932331571756059,79.06666666666666,0.9413817493158729,1312.917695473251,5815.216872427983
n4ser,New York Nutcrackers / Nationals,Verified adjacent-season roster continuity,9,1975,1984,19.666666666666668,0.0,0.0,-21.696322209694884,58.44444444444444,0.9491083361749043,1568.707133058985,6142.9127773655255
just4me,New York Nutcrackers / Nationals,Verified adjacent-season roster continuity,3,1977,1986,14.666666666666666,0.3333333333333333,0.3333333333333333,-4.656924566383095,67.66666666666667,0.9055195635911928,1335.3333333333333,5816.666666666667
k123456789,New York Nutcrackers / Nationals,Verified adjacent-season roster continuity,3,1987,1989,13.0,0.0,0.3333333333333333,-1.3497783120900622,73.0,0.9475614607899993,1369.4732510288065,5401.047325102881
trentonjoe,New York Times,Verified adjacent-season roster continuity,15,1975,1989,7.666666666666667,0.26666666666666666,0.6666666666666666,9.779562932994043,92.26666666666667,1.0398571653945974,1329.7862075002129,5843.3127572016465
chrondon84,Oakland,Verified adjacent-season roster continuity,9,1975,1983,9.555555555555555,0.2222222222222222,0.5555555555555556,4.520746010518035,70.66666666666667,0.8894397565364665,1338.0301783264747,5511.22024624418
duhbigcat,Oakland,Verified adjacent-season roster continuity,6,1984,1989,15.166666666666666,0.0,0.16666666666666666,-7.59545990863606,79.16666666666667,1.0335069796158367,1510.3868312757202,6530.30658436214
cpdpoet,Philadelphia CRYPTKEEPERS,Verified adjacent-season roster continuity,15,1975,1989,16.6,0.0,0.13333333333333333,-8.267262093288615,75.2,0.9874735430128981,1508.348559670782,6308.164609053498
coldfoot,Pittsburg Tanagers,Verified adjacent-season roster continuity,15,1975,1989,10.4,0.2,0.4,3.570379946125177,98.8,1.1181864114836544,1448.0798006193331,6103.557201646091
epup1975,San Diego / San Francisco Quake,Verified adjacent-season roster continuity,15,1975,1989,18.066666666666666,0.0,0.0,-11.224427438364097,72.26666666666667,0.9994538818060431,1506.7810699588479,6462.65061728395
pi_kapp,Seattle Sea Snakes,Verified adjacent-season roster continuity,13,1977,1989,13.23076923076923,0.0,0.15384615384615385,-1.2461979885967152,81.6923076923077,1.022140938548182,1544.2122507067338,5965.795821462488
crustydoc,SoCal / Newark,Verified adjacent-season roster continuity,6,1975,1980,18.5,0.0,0.0,-14.903812230524267,61.833333333333336,0.9214738552200097,1520.6491769547326,6219.514403292182
italyprof,SoCal / Newark,Verified adjacent-season roster continuity,1,1981,1981,22.0,0.0,0.0,-13.559999999999995,73.0,1.0305897380483309,1602.0,6107.0
trentonjoe,SoCal / Newark,Verified adjacent-season roster continuity,8,1982,1989,3.625,0.5,1.0,15.691119826119566,88.875,0.9565525900531557,1343.4166666666667,6004.790895061728
kermit,St. Louis Perfectos,Verified adjacent-season roster continuity,15,1975,1989,11.333333333333334,0.0,0.3333333333333333,1.0457193207045876,81.0,1.0012679569927423,1425.1333333333334,5933.325102880658
frazzman80,Texas Rangers,Verified adjacent-season roster continuity,15,1975,1989,10.133333333333333,0.13333333333333333,0.4666666666666667,3.9177217732432856,94.93333333333334,1.0836020781232762,1555.5041152263375,6002.592181069959
chargingryno,Thunderbears — Houston / Brooklyn / Chicago,Verified adjacent-season roster continuity,15,1975,1989,11.933333333333334,0.13333333333333333,0.26666666666666666,0.6996436872381273,80.86666666666666,1.0077438042902005,1426.7977916853501,5858.338683127572
tedcogswell,Toronto,Verified adjacent-season roster continuity,4,1977,1980,18.25,0.0,0.0,-9.813010531208626,74.5,1.0134285021684968,1558.4953703703704,6708.467592592593
mickr9,Toronto,Verified adjacent-season roster continuity,1,1981,1981,19.0,0.0,0.0,-12.550000000000006,67.0,0.9307820503754722,1784.0617283950617,6322.259259259259
coldfoot,Toronto,Verified adjacent-season roster continuity,8,1982,1989,12.75,0.0,0.5,-1.3779987382584848,79.375,0.9784593252044309,1413.337962962963,6123.809413580248
