owner,season_year,teams_that_year,mean_pick,mean_score,mean_wins,top3_teams,top8_teams,mean_relative_salary,mean_card_ip,mean_card_pa
big_dowg,1980,1,20.0,-13.349999999999984,64.0,0,0,0.8972115730493346,1476.0,6339.0
big_dowg,1981,1,13.0,-5.000000000000004,59.0,0,0,0.849010576364697,1467.0,5598.0
big_dowg,1982,1,21.0,-25.599112263519107,67.0,0,0,1.0597822066610725,1873.0,6275.88888888889
big_dowg,1983,1,24.0,-21.39216739240985,66.0,0,0,1.016703791577112,1483.0,6010.644550302924
big_dowg,1984,1,24.0,-47.72458824904868,34.0,0,0,0.8617856315082318,1567.0,5757.0
cdew8,1985,1,9.0,5.139843696437185,96.0,0,0,1.0923151300000613,1538.0,6228.0
cdew8,1986,1,1.0,24.893522324636574,112.0,1,1,1.0657575629368492,1409.0,6126.0
cdew8,1987,1,9.0,1.0767924814456986,96.0,0,0,1.1088850426484056,1450.0,6283.0
cdew8,1988,1,6.0,11.47999999999998,95.0,0,1,1.0510649371386636,1423.8271604938273,6033.543209876543
cdew8,1989,1,16.0,-5.700695305243242,100.0,0,0,1.2085759710320243,1425.0,6239.197425447407
chargingryno,1975,1,6.0,14.431175198456248,88.0,0,1,0.9532283393850802,1419.29012345679,5684.277777777777
chargingryno,1976,1,3.0,13.759581276580102,85.0,1,1,0.947833195154828,1453.0,5770.0
chargingryno,1977,2,19.0,-14.889059816435308,64.0,0,0,0.9503896270665996,1423.0462962962963,6033.811728395061
chargingryno,1978,2,17.5,-6.029999999999985,79.0,0,0,1.033233833575093,1387.9371413079698,6445.913580246914
chargingryno,1979,2,7.0,8.344919192878598,91.5,0,1,1.03263548488407,1416.3395061728395,5715.833333333333
chargingryno,1980,1,6.0,8.499999999999886,92.0,0,1,1.072462506419754,1419.5185185185185,5928.0
chargingryno,1981,1,3.0,18.350000000000065,85.0,1,1,1.042068393616279,1456.2345679012344,5906.993827160494
chargingryno,1982,2,17.0,-6.099010127593091,75.0,0,0,0.9890752683490411,1506.8333333333335,5987.820987654321
chargingryno,1983,2,18.0,-10.579002590971426,68.5,0,0,0.9504168469175545,1459.9012345679012,6109.740373382669
chargingryno,1984,2,20.5,-19.662000375775015,59.5,0,0,0.9397643682204297,1375.0,5832.5
chargingryno,1985,2,16.0,-3.7038097133418266,64.0,0,0,0.8768816622328457,1295.7777777777778,5610.5
chargingryno,1986,2,16.5,-6.506552708915891,66.5,0,0,0.9182370382733948,1429.1820988012923,5838.172839506173
chargingryno,1987,1,15.0,-3.6025682502771272,69.0,0,0,0.917336401324948,1290.4629629629628,5925.790123456791
chargingryno,1988,1,17.0,-8.730000000000027,79.0,0,0,1.060452716059341,1498.3703703703704,5839.882716049383
chargingryno,1989,1,9.0,3.5487113920591007,100.0,0,0,1.143347782778006,1446.216049382716,5674.1790123456785
chrondon84,1975,1,1.0,20.321359545865224,78.0,1,1,0.8630245871180533,1276.8148148148148,6195.0370370370365
chrondon84,1976,1,2.0,18.93481715658707,68.0,1,1,0.7802963204300245,1303.0,5163.0
chrondon84,1977,1,10.0,1.707258850979243,70.0,0,0,0.8913642853850704,1325.0,4889.351851851851
chrondon84,1978,1,13.0,-1.3700000000000043,72.0,0,0,0.9582026417196192,1386.0,4979.061728395061
chrondon84,1979,1,5.0,11.51896185632122,72.0,0,1,0.8598389987035876,1295.0,5212.0
chrondon84,1980,1,22.0,-14.610000000000012,56.0,0,0,0.8369051381757323,1380.5185185185185,5570.345679012345
chrondon84,1981,1,8.0,4.909999999999992,75.0,0,1,0.9607435808070498,1336.9382716049383,5886.740740740741
chrondon84,1982,1,6.0,10.431024830926328,79.0,0,1,0.9149849311695208,1316.0,5449.277777777777
chrondon84,1983,1,19.0,-11.156708146016747,66.0,0,0,0.9395973253195404,1423.0,6256.167401382811
coldfoot,1975,1,2.0,20.00159747165695,89.0,1,1,0.9315386071932328,1421.537037037037,6542.66049382716
coldfoot,1976,1,12.0,-2.2096932443668615,86.0,0,0,1.0520887772839451,1400.0,6282.0
coldfoot,1977,1,16.0,-3.2615611592555105,84.0,0,0,1.0609742792768115,1536.7283950617284,5677.351851851852
coldfoot,1978,1,6.0,5.769999999999986,84.0,0,1,0.9763742948040957,1312.740219166541,6164.407407407407
coldfoot,1979,1,1.0,24.852047257414632,108.0,1,1,1.022006561416471,1391.9753086419753,5491.0
coldfoot,1980,1,3.0,18.209999999999972,98.0,1,1,1.0605459616889563,1370.0370370370372,5590.197530864198
coldfoot,1981,1,12.0,-1.4599999999999835,99.0,0,0,1.1518709254097206,1513.5246913580247,5685.537037037037
coldfoot,1982,2,15.5,-5.014253186637019,87.0,0,0,1.0461814800109872,1455.5,6464.5
coldfoot,1983,2,12.0,1.407983671362667,87.5,0,1,1.0393419075784935,1391.845679012346,6297.0
coldfoot,1984,2,16.5,-3.886485089526953,98.0,0,0,1.1523153117235434,1540.5,6436.5
coldfoot,1985,2,14.5,-8.461702246010661,77.0,0,1,1.0113072665341696,1396.0,5637.466049382716
coldfoot,1986,2,9.0,0.6203278003305002,104.5,0,1,1.165857282797982,1475.4938271604938,6585.006172839507
coldfoot,1987,2,14.0,-2.5707217328733156,99.0,0,1,1.163862843213538,1448.7222222222222,6542.5
coldfoot,1988,2,6.0,11.649999999999983,97.0,0,2,1.048388097359549,1461.2901234567903,5649.601851851852
coldfoot,1989,2,15.5,-3.430489736464909,84.5,0,0,1.0452814941902515,1371.3271604938273,5942.765432098766
cpdpoet,1975,1,7.0,12.891954874080836,92.0,0,1,1.021009650999699,1525.0,6315.0
cpdpoet,1976,1,11.0,1.62660504382921,97.0,0,0,1.1103227654711405,1661.0,6735.0
cpdpoet,1977,1,11.0,-0.3600386692071078,97.0,0,0,1.1126534170446891,1645.3333333333333,6691.0
cpdpoet,1978,1,14.0,-2.1800000000000264,105.0,0,0,1.2181108747221765,1510.0,6890.469135802469
cpdpoet,1979,2,15.0,-7.769992489149674,65.0,0,1,0.9202606072583941,1412.5,6121.0
cpdpoet,1980,2,14.5,-5.480000000000034,69.5,0,1,0.9432833365339006,1434.6604938271605,6296.54012345679
cpdpoet,1981,2,7.0,4.669999999999986,93.0,0,1,1.057820021230036,1634.5,6248.0
cpdpoet,1982,2,19.0,-9.873286449188662,66.0,0,0,0.9338862445481799,1495.8703703703704,6239.361111111111
cpdpoet,1983,2,17.5,-9.84422158024163,76.5,0,0,1.030304651323032,1521.0,6122.0
cpdpoet,1984,1,13.0,3.4120674618095537,79.0,0,0,0.96182271131297,1576.0,5922.0
cpdpoet,1985,1,24.0,-26.596429641728335,42.0,0,0,0.7780740170741796,1352.0,5737.0
cpdpoet,1986,1,21.0,-8.866511289499968,52.0,0,0,0.7825817866628803,1450.0987654320988,5732.0
cpdpoet,1987,1,23.0,-21.05129012925161,47.0,0,0,0.8059699855710257,1285.0,5425.0
cpdpoet,1988,1,22.0,-22.64999999999999,54.0,0,0,0.8923796061233465,1531.0,5771.0
cpdpoet,1989,1,20.0,-11.112571190317666,67.0,0,0,0.93080085389331,1444.0,6061.0
crustydoc,1975,1,16.0,-9.705483228931367,66.0,0,0,0.9518876144643172,1724.9876543209878,6284.641975308643
crustydoc,1976,1,15.0,-5.953361946799296,63.0,0,0,0.8820659339329044,1527.0,5854.0
crustydoc,1977,1,24.0,-34.46862394082181,43.0,0,0,0.8528125449250108,1348.9074074074074,6160.444444444443
crustydoc,1978,1,22.0,-14.719999999999988,56.0,0,0,0.8640678171941829,1469.0,5752.0
crustydoc,1979,1,23.0,-25.056193188828058,66.0,0,0,1.0556539730843335,1565.0,7035.0
crustydoc,1980,1,11.0,0.4807889222349093,77.0,0,0,0.9223552477193094,1489.0,6231.0
dbrom,1975,1,8.0,11.495357804034525,98.0,0,1,1.0459354371588616,1453.9691358024693,6116.0
dbrom,1976,1,4.0,12.536778179978114,106.0,0,1,1.1049473751965715,1437.0,6243.0
dbrom,1977,1,7.0,8.93492789391155,113.0,0,1,1.1876757392915278,1504.2592592592591,5910.993827160493
dbrom,1978,1,5.0,10.399999999999988,79.0,0,1,0.9139321261785148,1431.0,5929.0
dbrom,1979,1,6.0,9.607097307654168,92.0,0,1,1.0187595133764544,1447.0,5713.58024691358
dbrom,1980,1,4.0,15.250000000000009,89.0,0,1,1.0035015026240837,1501.0,5707.0
dbrom,1981,1,6.0,5.660000000000021,100.0,0,1,1.1095433994477013,1397.0,5823.0
dbrom,1982,1,3.0,17.548518746846486,86.0,1,1,0.9423587482686588,1425.0,5400.197530864198
dbrom,1983,1,12.0,1.3905662307877042,85.0,0,0,1.0263045664562545,1412.7777777777778,5795.766485191753
dbrom,1984,1,11.0,7.404331924844465,103.0,0,0,1.1110076372635591,1431.0,6328.0
dodgerdon,1975,1,17.0,-19.06151747345671,54.0,0,0,0.8842945084100958,1525.882716049383,5984.444444444444
dodgerdon,1976,1,18.0,-19.7072034301932,48.0,0,0,0.8070198467488287,1476.0,5774.0
dodgerdon,1977,1,8.0,6.914726556525452,73.0,0,1,0.8845512591398316,1309.0,6043.135802469135
dodgerdon,1978,1,23.0,-19.310000000000016,55.0,0,0,0.9103158596279288,1501.0,6046.0
dodgerdon,1979,1,18.0,-12.665112176191515,62.0,0,0,0.9175695258185868,1585.0,5726.0
dodgerdon,1980,1,24.0,-23.99000000000003,46.0,0,0,0.7905588908009878,1458.0,5166.802469135802
dodgerdon,1981,1,24.0,-28.24000000000002,36.0,0,0,0.7286089877984528,1510.0,5013.413580246913
duhbigcat,1984,1,18.0,-11.903552313455624,68.0,0,0,0.967005806429196,1489.0,5797.0
duhbigcat,1985,1,20.0,-22.855167385902988,73.0,0,0,1.0848010003363824,1644.0,6923.0
duhbigcat,1986,1,23.0,-23.710478420405646,74.0,0,0,1.1170231664635573,1339.0,6690.0
duhbigcat,1987,1,16.0,-4.000415233553367,78.0,0,0,1.0203752283471672,1588.037037037037,6459.932098765432
duhbigcat,1988,1,4.0,14.020000000000032,89.0,0,1,0.9678014184785496,1437.283950617284,6151.907407407407
duhbigcat,1989,1,10.0,2.8768539015012307,93.0,0,0,1.0440352576401677,1565.0,7160.0
eddiedzen,1975,1,9.0,11.415168868008283,79.0,0,0,0.9250883101791167,1350.0,6179.0
eddiedzen,1976,1,5.0,11.277579089905032,86.0,0,1,0.9664159870510204,1424.0,6237.0
eddiedzen,1977,1,1.0,30.08060661940113,107.0,1,1,0.9981750392555976,1336.0,6060.0
eddiedzen,1978,1,2.0,15.59999999999999,111.0,1,1,1.132669279163092,1367.0,6122.0
eddiedzen,1979,1,7.0,9.045355220791196,111.0,0,1,1.1521991314208635,1373.0,6786.0
eddiedzen,1980,1,2.0,20.19000000000002,115.0,1,1,1.0627112913057062,1350.4938271604938,6115.802469135802
eddiedzen,1981,1,1.0,23.210000000000043,120.0,1,1,1.1192835328508528,1382.0,6497.0
eddiedzen,1982,1,9.0,7.059716001886529,110.0,0,0,1.144591216503151,1377.0,6424.0
eddiedzen,1983,1,2.0,19.05898818835434,118.0,1,1,1.1244449635439238,1326.0,6087.0
eddiedzen,1984,1,10.0,7.788123272607272,122.0,0,0,1.224147314111664,1353.0,6348.0
epup1975,1975,1,14.0,-7.219435102154536,73.0,0,0,0.9704188877030524,1415.0,6441.0
epup1975,1976,1,17.0,-11.864120189588478,75.0,0,0,1.0334891286804742,1509.0,6694.0
epup1975,1977,1,12.0,-0.388468620144422,79.0,0,0,1.0053599577831864,1617.0,5889.5
epup1975,1978,1,18.0,-5.420000000000014,88.0,0,0,1.0795504605287414,1622.0,6515.0
epup1975,1979,1,9.0,4.917153622437143,86.0,0,0,1.0022786123897918,1400.0,6461.0
epup1975,1980,1,19.0,-11.990000000000013,68.0,0,0,1.010167885583415,1481.0,6769.0
epup1975,1981,1,23.0,-14.92000000000001,77.0,0,0,1.0706053692285509,1540.030864197531,6757.0
epup1975,1982,1,22.0,-27.03901954546204,55.0,0,0,0.9644975029422528,1476.0,6242.0
epup1975,1983,1,15.0,-1.7277215335468554,83.0,0,0,1.0338596583812671,1533.0,6130.0
epup1975,1984,1,21.0,-18.53028495756276,73.0,0,0,1.065585364761011,1596.0,6459.0
epup1975,1985,1,19.0,-14.718158185649688,68.0,0,0,1.0051470463251715,1471.0,6576.0
epup1975,1986,1,22.0,-10.521411873200504,72.0,0,0,0.9978173067491212,1457.6296296296296,7069.0
epup1975,1987,1,19.0,-9.515019445711348,68.0,0,0,0.9281582250206832,1475.0555555555557,6553.37037037037
epup1975,1988,1,24.0,-32.46,49.0,0,0,0.8946582587368311,1486.0,6209.888888888889
epup1975,1989,1,17.0,-6.969925744877936,70.0,0,0,0.9302145622770976,1523.0,6174.0
fabulous,1984,1,20.0,-16.95345145118776,78.0,0,0,1.094009201327807,1581.0,6235.0
ff09,1975,1,18.0,-25.193612114665576,62.0,0,0,1.007593243051702,1669.6296296296298,7157.0
ff09,1976,1,16.0,-9.14564598304908,63.0,0,0,0.9083711026292812,1459.0,5557.0
ff09,1977,1,22.0,-15.66251115584696,59.0,0,0,0.9225383761107396,1518.0,6044.0
ff09,1978,1,21.0,-11.520000000000008,53.0,0,0,0.8011956768936689,1396.0,5508.0
fire13,1975,2,9.0,4.180402633106634,81.0,1,1,0.9558298184669081,1443.7253086419753,6507.5
fire13,1976,2,4.0,15.017969126293838,97.0,1,2,1.0417016946299682,1626.0555555555557,6382.0
fire13,1977,2,6.0,11.069909320788696,92.0,1,1,1.0217173838431874,1432.0,5971.0
fire13,1978,2,9.5,2.7449999999999863,84.0,0,0,1.0134854894819363,1383.711267627278,5998.413580246914
fire13,1979,2,12.5,-1.864049454668848,90.0,0,0,1.0627415000033438,1451.5,6096.0
frazzman80,1975,1,12.0,-2.6358892305863857,101.0,0,0,1.1511124221089442,1706.0123456790122,6564.358024691357
frazzman80,1976,1,14.0,-4.222421568198353,105.0,0,0,1.2065742870437026,1788.0,6948.0
frazzman80,1977,1,20.0,-11.556133170581194,94.0,0,0,1.1920749581399488,1674.0246913580247,6464.0
frazzman80,1978,1,15.0,-3.730000000000011,97.0,0,0,1.1318778310209232,1715.0,5736.580246913581
frazzman80,1979,1,2.0,19.34072328037859,100.0,1,1,1.017917871570826,1501.0,6016.740740740741
frazzman80,1980,2,13.0,-2.585000000000043,83.0,0,0,1.03836134320495,1659.5,5918.0370370370365
frazzman80,1981,2,13.5,-5.58000000000003,97.0,0,0,1.0978911284682145,1693.8672839506173,6189.697530864198
frazzman80,1982,2,10.5,4.056328590124131,104.0,0,1,1.1400671780710674,1654.0,6296.055555555555
frazzman80,1983,2,7.5,5.552697090397107,88.0,0,1,1.01753445230917,1403.8425925925926,5956.5
frazzman80,1984,1,2.0,20.18262359982927,91.0,1,1,0.9573690995481378,1411.0,5978.0
frazzman80,1985,1,5.0,7.967694768922273,84.0,0,1,0.9892521805135424,1395.5,5971.5370370370365
frazzman80,1986,1,4.0,19.324686729312575,112.0,0,1,1.0983255534913268,1427.0,6389.666666666667
frazzman80,1987,1,21.0,-11.365307472240492,81.0,0,0,1.0818480676053648,1588.0,5660.518518518518
frazzman80,1988,1,9.0,8.32999999999997,106.0,0,0,1.1470739020333771,1512.246913580247,5678.0
frazzman80,1989,1,7.0,7.614624719409768,84.0,0,1,1.0005690735196775,1385.5925925925926,5267.438271604938
harrelson,1975,1,11.0,0.2274143372461123,127.0,0,0,1.3135846657179004,1745.0,6829.0
harrelson,1976,1,6.0,9.497571659390047,101.0,0,1,1.077808379846024,1590.0,6370.0
harrelson,1977,1,21.0,-11.82237641929903,130.0,0,0,1.3934635196927674,1521.111111111111,7351.0
harrelson,1978,1,17.0,-4.979999999999984,103.0,0,0,1.2249354765129292,1490.962962962963,6985.6750837999725
harrelson,1979,2,13.5,-9.294149974271654,83.0,1,1,1.0017305496583682,1359.561728395062,6138.166666666666
harrelson,1980,2,3.0,20.624999999999993,79.0,1,2,0.8618960111828249,1396.0,5729.598765432099
harrelson,1981,2,11.0,0.4300000000000139,66.0,0,1,0.844570684532416,1340.7376543209875,5760.830246913581
harrelson,1982,2,8.0,8.481366260083323,83.0,0,1,0.9652961958038098,1421.5,5862.0
harrelson,1983,2,13.5,-3.0217708979268845,69.5,0,1,0.9159981681338968,1399.5,5577.0
harrelson,1984,2,8.5,7.907639182310133,85.5,1,1,0.972486618897503,1353.615789427416,5749.0
harrelson,1985,2,17.0,-10.582019355396593,82.0,0,0,1.0408364309575573,1422.5,6085.561728395061
harrelson,1986,2,16.5,-6.454698956745925,70.5,0,0,0.9440315634131726,1389.9382716049386,5731.858024691358
harrelson,1987,2,9.0,6.490214688624445,73.5,1,1,0.8953104679407693,1406.0524691358025,5672.3456790123455
harrelson,1988,2,11.0,1.6149999999999967,81.0,1,1,0.9908332119172872,1429.5,5705.5
harrelson,1989,2,3.0,16.937091716255548,79.0,1,2,0.8862925356108206,1357.5,5705.0
italyprof,1981,1,22.0,-13.559999999999995,73.0,0,0,1.0305897380483309,1602.0,6107.0
jimmygatz2,1987,1,11.0,-0.6378551680860545,63.0,0,0,0.8550607084856208,1297.0,5767.0
jimmygatz2,1988,1,21.0,-22.499999999999982,51.0,0,0,0.8593076976973195,1298.320987654321,5699.901234567901
jimmygatz2,1989,1,24.0,-41.580878364292126,36.0,0,0,0.814747639718307,1390.1296296296296,5270.29012345679
just4me,1975,1,5.0,15.023631012063788,84.0,0,1,0.9370680422758568,1258.0,5584.0
just4me,1976,1,9.0,8.318889204776037,81.0,0,0,0.9197593135114548,1260.888888888889,6072.0
just4me,1977,2,15.5,-5.157920841926805,67.0,0,0,0.9092496137194761,1288.5,5820.5
just4me,1978,1,8.0,2.829999999999977,58.0,0,1,0.7971622424728126,1265.0,5530.0
just4me,1979,1,13.0,-2.0292575091820364,51.0,0,0,0.7353681903261763,1228.0,4411.0
just4me,1980,1,12.0,0.4799999999999693,66.0,0,0,0.8353382626468295,1339.5617283950617,5921.0
just4me,1981,1,21.0,-13.480000000000004,58.0,0,0,0.8835618296842426,1336.0,5725.0
just4me,1982,1,1.0,30.09417401960244,104.0,1,1,0.9817493887637398,1290.0,5983.0
just4me,1983,1,4.0,12.964658233600112,84.0,0,1,0.9395172248244326,1292.0,6165.0
just4me,1984,1,12.0,5.108798998591668,88.0,0,0,1.0229499056344196,1361.0,5852.444444444444
just4me,1985,2,8.0,11.798824592434208,87.0,1,1,0.9790832766264895,1343.2222222222222,6081.333333333333
just4me,1986,2,16.0,-13.712752168170184,68.5,0,1,0.9366038665419656,1334.5,5700.0
just4me,1987,1,12.0,-0.9872128255605684,85.0,0,0,1.0408165932980575,1417.8703703703704,6488.975308641975
just4me,1988,1,14.0,-1.540000000000008,72.0,0,0,0.9189570317625412,1339.0,5877.166666666667
just4me,1989,1,11.0,2.3742155786257824,113.0,0,0,1.1751633915352455,1380.0,5865.0
k123456789,1987,1,18.0,-8.090829834206591,57.0,0,0,0.8228545852454552,1307.0,5180.216049382717
k123456789,1988,1,13.0,-0.3499999999999947,80.0,0,0,1.0163187962285942,1474.716049382716,5248.925925925926
k123456789,1989,1,8.0,4.391494897936399,82.0,0,1,1.0035110008959482,1326.7037037037037,5774.0
kermit,1975,1,4.0,15.327870619460436,80.0,0,1,0.8922621755803019,1541.0,5606.0
kermit,1976,1,10.0,6.652001158484322,79.0,0,0,0.9420436812195192,1389.0,5889.0
kermit,1977,1,14.0,-1.2327893850133331,82.0,0,0,1.03534456813826,1423.0,6264.0
kermit,1978,1,4.0,12.539999999999996,92.0,0,1,0.9966521247300528,1422.0,5673.0
kermit,1979,1,17.0,-11.2896708831716,75.0,0,0,1.0236458720996215,1509.0,5825.0
kermit,1980,1,7.0,4.270000000000018,85.0,0,1,1.0460770405166586,1327.0,6555.0
kermit,1981,1,14.0,-5.180000000000007,74.0,0,0,0.9730116831138996,1446.0,5422.0
kermit,1982,1,5.0,12.64941463228677,99.0,0,1,1.0639914070115075,1501.0,5875.0
kermit,1983,1,10.0,2.3599792120419627,88.0,0,0,1.0454467042813285,1378.0,6107.0
kermit,1984,1,5.0,12.474240530241998,84.0,0,1,0.9487485466630756,1355.0,5873.0
kermit,1985,1,18.0,-13.059912465826928,75.0,0,0,1.0568061898179748,1391.0,5985.876543209877
kermit,1986,1,9.0,0.1874237575361315,79.0,0,0,0.9848872452633264,1487.0,5707.0
kermit,1987,1,20.0,-10.58366738910551,70.0,0,0,0.9792354855650384,1446.0,6336.0
kermit,1988,1,15.0,-2.3199999999999332,80.0,0,0,1.0258590071773888,1393.0,5981.0
kermit,1989,1,18.0,-7.109099976365507,73.0,0,0,1.005007623713179,1369.0,5901.0
kros2,1977,1,17.0,-9.43527020853626,68.0,0,0,0.9716509492554116,1671.9753086419753,5745.0
kros2,1978,1,24.0,-22.210000000000008,69.0,0,0,1.0482571309443298,1871.0,6254.040965582743
kujhawker,1987,1,24.0,-25.738781727674343,57.0,0,0,0.9691055724850454,1456.9444444444446,6562.7962962962965
kujhawker,1988,1,23.0,-30.28000000000001,59.0,0,0,1.0149805764080904,1588.0,6791.0
kujhawker,1989,1,23.0,-29.87176277623531,50.0,0,0,0.8978895989557263,1479.0,5551.783950617284
mickr9,1981,1,19.0,-12.550000000000006,67.0,0,0,0.9307820503754722,1784.0617283950617,6322.259259259259
mvw,1980,1,9.0,1.29999999999999,94.0,0,0,1.1345599844369412,1481.7345679012344,6044.327160493827
n4ser,1975,1,20.0,-45.86881978612949,37.0,0,0,0.882126974988549,1489.9382716049383,7156.024691358025
n4ser,1976,1,19.0,-28.18582788167201,49.0,0,0,0.8920913748524151,1489.0,6267.0
n4ser,1978,1,12.0,0.6699999999999928,75.0,0,0,0.9367665281024145,1498.1666666666663,5388.0
n4ser,1979,1,21.0,-19.77282425333985,54.0,0,0,0.8869060113698195,1583.0,5605.679012345679
n4ser,1980,1,18.0,-11.020000000000008,70.0,0,0,1.0252741374589822,1696.0,6214.925925925926
n4ser,1981,1,20.0,-12.990000000000013,67.0,0,0,0.9571595726552729,1589.0,6150.0
n4ser,1982,1,23.0,-30.661464569709207,53.0,0,0,0.9726981870430438,1543.2592592592594,6494.0
n4ser,1983,1,21.0,-14.006784761171064,64.0,0,0,0.9521648537338472,1660.0,5791.585366660098
n4ser,1984,1,23.0,-33.43117863523233,57.0,0,0,1.0367873853697958,1570.0,6219.0
ooooohdoggie,1975,1,19.0,-35.59906681584526,82.0,0,0,1.32181758546228,2152.0,9176.0
ooooohdoggie,1976,1,20.0,-43.33584539952092,75.0,0,0,1.3318276943495964,2289.0,8805.0
pi_kapp,1977,1,5.0,10.702666445637398,75.0,0,1,0.9036436438943388,1476.1111111111113,5677.006172839507
pi_kapp,1978,1,11.0,2.0000000000000018,68.0,0,0,0.878039126028598,1484.8518518518515,5458.12962962963
pi_kapp,1979,1,16.0,-4.889921579135237,72.0,0,0,0.9494766636554952,1565.2222222222222,5996.0
pi_kapp,1980,1,17.0,-8.910000000000007,70.0,0,0,1.0066147088500146,1532.3333333333333,6149.0
pi_kapp,1981,1,17.0,-11.370000000000012,75.0,0,0,1.023488608754248,1703.0,6248.0
pi_kapp,1982,1,10.0,5.453409405857901,87.0,0,0,1.0225141789735075,1682.0,5976.802469135802
pi_kapp,1983,1,14.0,-1.4303950493803397,77.0,0,0,0.9835210682433824,1447.0246913580247,5501.0
pi_kapp,1984,1,9.0,10.043360651695066,88.0,0,0,0.9919364660600216,1575.2222222222222,5726.567901234567
pi_kapp,1985,1,16.0,-4.954186734118982,92.0,0,0,1.1342096111291222,1542.5061728395062,6124.753086419753
pi_kapp,1986,1,15.0,-6.106231390707539,70.0,0,0,0.9494860230041978,1314.0555554838354,6007.055555555556
pi_kapp,1987,1,13.0,-2.429767280844808,102.0,0,0,1.174116119980937,1801.58024691358,6195.882716049383
pi_kapp,1988,1,8.0,9.340000000000014,94.0,0,1,1.0584222247891522,1484.851851851852,6069.148148148148
pi_kapp,1989,1,21.0,-13.64950832076075,92.0,0,0,1.212363757763353,1466.0,6426.0
schwingkid,1980,1,15.0,-4.669999999999996,92.0,0,0,1.0796193404782577,1408.4814814814815,6447.246913580248
schwingkid,1981,1,15.0,-6.56000000000001,68.0,0,0,0.9259724866437468,1405.0,5958.0
schwingkid,1982,1,24.0,-42.65340198345352,43.0,0,0,0.9418320078564506,1429.0,5824.0
schwingkid,1983,1,22.0,-15.51032583544474,78.0,0,0,1.0805267593846462,1491.0,6282.0
sinatra,1981,1,10.0,-0.1299999999999856,86.0,0,0,1.032221130212037,1325.0,6144.0
sinatra,1982,1,2.0,29.61765440350048,88.0,1,1,0.8958557027671926,1303.0,5506.0
sinatra,1983,1,3.0,15.721883466352503,87.0,1,1,0.9564641184991932,1363.0,5674.355449697076
sinatra,1984,2,3.5,17.80660719068826,88.0,1,2,0.9487785602238751,1313.5,5884.0
sinatra,1985,2,8.0,12.397907026780054,86.0,0,1,0.9679850221826978,1347.0,6129.5
sinatra,1986,2,7.5,9.063595017861987,82.5,1,1,0.9593445337074001,1352.1851851851852,5776.035543359407
sinatra,1987,2,5.5,8.11495865931413,84.0,1,2,0.9691047872556449,1295.3055555555557,6117.5
sinatra,1988,2,6.5,12.869999999999981,84.0,1,1,0.9399994118914111,1298.0,6313.5
sinatra,1989,2,8.0,7.295221727985973,74.5,1,1,0.9002782779147027,1306.0,5594.567953942964
stevebobldn,1984,1,8.0,10.143637234202952,75.0,0,1,0.8926378015547495,1476.7777777777778,5739.987654320988
stevebobldn,1985,2,4.5,15.01295364070312,82.5,1,2,0.917686830041151,1563.5,6000.0
stevebobldn,1986,2,11.0,-1.7930546859442398,79.0,0,0,0.9973431010501304,1545.0,5862.118777628248
stevebobldn,1987,1,14.0,-2.7888825592217836,71.0,0,0,0.9164819674003584,1486.0,6239.0
stevebobldn,1988,1,19.0,-9.220000000000027,66.0,0,0,0.9359145772203548,1525.0,5583.456790123457
stevebobldn,1989,1,14.0,-1.2866383593886588,68.0,0,0,0.9190409460176024,1498.0,5740.216049382716
tedcogswell,1977,1,19.0,-11.444393397762187,71.0,0,0,0.9943540645624656,1703.0,6171.0
tedcogswell,1978,1,20.0,-8.85000000000008,75.0,0,0,1.0442618692763754,1620.9814814814815,6894.87037037037
tedcogswell,1979,1,20.0,-15.377648727072234,77.0,0,0,1.0787363452373844,1504.0,7317.0
tedcogswell,1980,1,14.0,-3.5800000000000054,75.0,0,0,0.9363617295977622,1406.0,6451.0
the_creeper,1985,1,13.0,0.2402944674949392,85.0,0,0,1.0142789577203914,1387.993827160494,6405.709876543209
the_creeper,1986,2,11.5,1.0076039562056605,97.0,0,1,1.113589020157209,1454.3086419753085,6495.280864197531
the_creeper,1987,2,7.0,6.3837031378090385,102.5,0,1,1.1168823341977303,1496.0277777777778,6432.237654320988
the_creeper,1988,2,13.5,0.3900000000000181,97.0,0,0,1.1108379029496924,1440.4012345679012,6255.219135802469
the_creeper,1989,2,18.5,-9.333650853886487,75.0,0,0,1.0050775669836405,1401.5,6403.333333333334
trentonjoe,1975,1,10.0,5.855393600285619,76.0,0,0,0.9161179151257464,1300.0,5691.0
trentonjoe,1976,1,8.0,8.518053850468021,77.0,0,1,0.9175685995952834,1304.0,6154.0
trentonjoe,1977,1,4.0,14.073438062929466,88.0,0,1,0.9832919607044682,1303.0493827160494,5954.716049382716
trentonjoe,1978,1,1.0,30.86000000000011,113.0,1,1,1.0292845565067077,1302.0,5897.0
trentonjoe,1979,2,13.5,-2.8013165497460966,99.0,0,0,1.1623519247129126,1412.5,6533.5
trentonjoe,1980,1,23.0,-16.590000000000003,117.0,0,0,1.4371523795171743,1515.0,6993.0
trentonjoe,1981,1,2.0,19.260000000000012,110.0,1,1,1.0793345809564716,1368.0,6119.0
trentonjoe,1982,2,9.0,6.957303815000959,78.0,0,1,0.9350081057717523,1350.1666666666665,5698.179012345679
trentonjoe,1983,2,3.0,14.667539918780793,90.5,1,2,0.9817325895408846,1323.9876543209875,5770.0
trentonjoe,1984,2,5.5,12.125003372873977,77.5,0,2,0.8998818835811038,1321.884210572584,5444.0
trentonjoe,1985,2,4.5,18.925371478293407,97.0,1,2,1.0093854813235261,1292.0,5879.984567901234
trentonjoe,1986,2,4.5,12.553223269385127,84.5,1,2,0.9965259370423816,1292.0,5797.5
trentonjoe,1987,2,4.5,12.680710146183248,99.0,1,2,1.0661789782027902,1387.0,5727.138888888889
trentonjoe,1988,2,6.5,10.929999999999994,86.5,1,1,0.9758715594448758,1358.5,5679.0
trentonjoe,1989,2,3.0,18.58236616642288,93.5,1,2,0.9825634722482314,1298.5,5856.848765432098
txelvis,1975,1,13.0,-3.645166889761864,92.0,0,0,1.120231396143395,1688.0,6403.0
txelvis,1976,1,13.0,-3.4753337929338546,83.0,0,0,1.0360728477430503,1644.0,6672.0
txelvis,1977,1,6.0,9.540783065263692,82.0,0,1,0.9419678244334736,1514.0,6001.876543209877
txelvis,1978,1,7.0,3.4099999999999797,70.0,0,1,0.91113925191431,1388.0,6156.0
txelvis,1979,1,19.0,-13.17084328792494,62.0,0,0,0.9202025964964112,1373.0,5759.0
wgasa,1977,1,2.0,18.735765684753925,83.0,1,1,0.9053903637078758,1492.0,6011.0
wgasa,1978,1,3.0,12.909999999999975,95.0,1,1,1.0537661855444698,1547.0,6080.111111111111
wgasa,1980,1,13.0,-2.5700000000000056,107.0,0,0,1.1555010372867485,1563.0,6882.0
wgasa,1981,1,7.0,4.950000000000032,103.0,0,1,1.1315798855716406,1506.0,6278.0
wgasa,1982,1,16.0,-6.06982595863903,87.0,0,0,1.0761155769302255,1714.0,6356.0
wgasa,1983,1,11.0,1.7391419985991918,87.0,0,0,1.0307917341490096,1541.0432098765432,6189.0
wgasa,1984,1,15.0,1.1250798327901768,87.0,0,0,1.037753643162451,1473.0,6143.0
wgasa,1985,1,10.0,4.330309506128538,86.0,0,0,0.9957054824978532,1417.0,6444.0
wgasa,1986,1,20.0,-8.621902929227653,68.0,0,0,0.9410566694614672,1500.0,6199.333333333333
wgasa,1987,1,5.0,11.001301503282136,84.0,0,1,0.9570771954009466,1460.351851851852,5945.074074074074
wgasa,1988,1,18.0,-8.989999999999975,79.0,0,0,1.0249488830208198,1557.0,6066.537037037038
wgasa,1989,1,6.0,8.340600230229288,103.0,0,1,1.0757458463650609,1638.7037037037037,6279.864197530865
yates33,1985,1,21.0,-23.09317053952016,92.0,0,0,1.243078444788449,1835.0,6181.432098765432
