owner,franchise_id,franchise,team_seasons,first_year,last_year,seasons,franchises,W,L,PCT,playoffs,finals,championships,series_W,series_L,playoff_W,playoff_L,formula_seasons,mean_formula_pick,mean_Score,top3,top8,first_picks
bagchucker,boston,Boston,1.0,1967.0,1967.0,1.0,1.0,72.0,90.0,0.4444444444444444,0.0,0.0,0.0,0.0,0.0,0.0,0.0,0.0,,,0.0,0.0,0.0
big_dowg,kansas-city,Kansas City Monarchs,5.0,1980.0,1984.0,5.0,1.0,290.0,520.0,0.35802469135802467,0.0,0.0,0.0,0.0,0.0,0.0,0.0,5.0,20.4,-22.613173580995525,0.0,0.0,0.0
bluecrew65,socal-newark,SoCal / Newark,2.0,1966.0,1967.0,2.0,1.0,126.0,198.0,0.3888888888888889,1.0,0.0,0.0,0.0,1.0,1.0,4.0,0.0,,,0.0,0.0,0.0
cdew8,milwaukee,Milwaukee,5.0,1985.0,1989.0,5.0,1.0,499.0,311.0,0.6160493827160494,5.0,0.0,0.0,2.0,4.0,14.0,18.0,5.0,8.2,7.37789263945524,1.0,2.0,1.0
chargingryno,baltimore,Baltimore,5.0,1982.0,1986.0,5.0,1.0,302.0,508.0,0.3728395061728395,0.0,0.0,0.0,0.0,0.0,0.0,0.0,5.0,20.0,-12.983028056607939,0.0,0.0,0.0
chargingryno,georgia-minnesota,Georgia / Minnetonka / Minnesota,3.0,1977.0,1979.0,3.0,1.0,219.0,267.0,0.4506172839506173,0.0,0.0,0.0,0.0,0.0,0.0,0.0,3.0,14.333333333333334,-5.857215896340622,0.0,1.0,0.0
chargingryno,thunderbears,Thunderbears — Houston / Brooklyn / Chicago,27.0,1963.0,1989.0,27.0,1.0,2192.0,2182.0,0.501143118427069,6.0,2.0,1.0,4.0,4.0,21.0,24.0,15.0,11.933333333333334,0.6996436872381275,2.0,4.0,0.0
chrondon84,oakland,Oakland,15.0,1969.0,1983.0,15.0,1.0,1028.0,1403.0,0.42287124640065815,1.0,0.0,0.0,0.0,1.0,1.0,3.0,9.0,9.555555555555555,4.520746010518034,2.0,5.0,1.0
coldfoot,pittsburg,Pittsburg Tanagers,27.0,1963.0,1989.0,27.0,1.0,2516.0,1858.0,0.5752171925011431,15.0,7.0,5.0,18.0,10.0,80.0,61.0,15.0,10.4,3.5703799461251777,3.0,6.0,1.0
coldfoot,toronto,Toronto,8.0,1982.0,1989.0,8.0,1.0,635.0,661.0,0.48996913580246915,3.0,0.0,0.0,1.0,3.0,8.0,11.0,8.0,12.75,-1.3779987382584848,0.0,4.0,0.0
contrarian23,st-louis,St. Louis Perfectos,6.0,1963.0,1968.0,6.0,1.0,511.0,461.0,0.5257201646090535,1.0,0.0,0.0,0.0,1.0,2.0,4.0,0.0,,,0.0,0.0,0.0
cpdpoet,montreal,Montreal,5.0,1979.0,1983.0,5.0,1.0,344.0,466.0,0.4246913580246914,0.0,0.0,0.0,0.0,0.0,0.0,0.0,5.0,12.6,-1.4944566356231825,0.0,2.0,0.0
cpdpoet,philly,Philadelphia CRYPTKEEPERS,27.0,1963.0,1989.0,27.0,1.0,2153.0,2221.0,0.4922267946959305,4.0,2.0,1.0,5.0,3.0,22.0,17.0,15.0,16.6,-8.267262093288615,0.0,2.0,0.0
crustydoc,socal-newark,SoCal / Newark,13.0,1968.0,1980.0,13.0,1.0,957.0,1149.0,0.4544159544159544,3.0,1.0,0.0,1.0,3.0,9.0,13.0,6.0,18.5,-14.903812230524268,0.0,0.0,0.0
dannino,montreal,Montreal,8.0,1963.0,1970.0,8.0,1.0,571.0,725.0,0.44058641975308643,0.0,0.0,0.0,0.0,0.0,0.0,0.0,0.0,,,0.0,0.0,0.0
dbrom,milwaukee,Milwaukee,22.0,1963.0,1984.0,22.0,1.0,2038.0,1527.0,0.5716690042075736,9.0,4.0,1.0,6.0,8.0,34.0,39.0,10.0,6.6,10.022757808805704,1.0,8.0,0.0
disco dogs,baltimore,Baltimore,6.0,1963.0,1968.0,6.0,1.0,445.0,528.0,0.4573484069886948,1.0,0.0,0.0,0.0,1.0,2.0,4.0,0.0,,,0.0,0.0,0.0
dodgerdon,baltimore,Baltimore,13.0,1969.0,1981.0,13.0,1.0,784.0,1322.0,0.37226970560303896,0.0,0.0,0.0,0.0,0.0,0.0,0.0,7.0,18.857142857142858,-16.57987236047372,0.0,1.0,0.0
duhbigcat,oakland,Oakland,6.0,1984.0,1989.0,6.0,1.0,475.0,497.0,0.4886831275720165,1.0,0.0,0.0,0.0,0.0,0.0,0.0,6.0,15.166666666666666,-7.5954599086360615,0.0,1.0,0.0
eddiedzen,boston,Boston,17.0,1968.0,1984.0,17.0,1.0,1688.0,1066.0,0.6129266521423384,9.0,3.0,1.0,8.0,8.0,44.0,36.0,10.0,4.8,15.472553726095384,5.0,7.0,2.0
epup1975,quake,San Diego / San Francisco Quake,21.0,1969.0,1989.0,21.0,1.0,1474.0,1928.0,0.4332745443856555,0.0,0.0,0.0,0.0,0.0,0.0,0.0,15.0,18.066666666666666,-11.2244274383641,0.0,0.0,0.0
fabulous,houston,Houston Colt .45s / Astros / flyBALLERS,1.0,1984.0,1984.0,1.0,1.0,78.0,84.0,0.48148148148148145,0.0,0.0,0.0,0.0,0.0,0.0,0.0,1.0,20.0,-16.95345145118776,0.0,0.0,0.0
ff09,montreal,Montreal,4.0,1975.0,1978.0,4.0,1.0,237.0,411.0,0.36574074074074076,0.0,0.0,0.0,0.0,0.0,0.0,0.0,4.0,19.25,-15.380442313390407,0.0,0.0,0.0
fire13,cincinnati-la,Cincinnati / LA,17.0,1963.0,1979.0,17.0,1.0,1677.0,1077.0,0.6089324618736384,11.0,5.0,5.0,11.0,6.0,53.0,48.0,5.0,6.8,9.242804121077686,2.0,2.0,1.0
fire13,kansas-city,Kansas City Monarchs,8.0,1972.0,1979.0,8.0,1.0,623.0,674.0,0.48033924441017734,4.0,1.0,0.0,1.0,4.0,8.0,16.0,5.0,9.6,3.216888529130435,1.0,2.0,0.0
frazzman80,houston,Houston Colt .45s / Astros / flyBALLERS,4.0,1980.0,1983.0,4.0,1.0,375.0,273.0,0.5787037037037037,3.0,1.0,0.0,2.0,3.0,12.0,12.0,4.0,12.0,-1.6567933953402363,0.0,0.0,0.0
frazzman80,texas,Texas Rangers,21.0,1969.0,1989.0,21.0,1.0,1983.0,1420.0,0.5827211284161035,13.0,4.0,3.0,12.0,10.0,59.0,54.0,15.0,10.133333333333333,3.917721773243286,2.0,7.0,0.0
h_incandenza,georgia-minnesota,Georgia / Minnetonka / Minnesota,7.0,1963.0,1969.0,7.0,1.0,615.0,519.0,0.5423280423280423,3.0,1.0,0.0,1.0,3.0,12.0,13.0,0.0,,,0.0,0.0,0.0
harrelson,cleveland,Cleveland,11.0,1979.0,1989.0,11.0,1.0,677.0,1105.0,0.37991021324354657,0.0,0.0,0.0,0.0,0.0,0.0,0.0,11.0,15.636363636363637,-7.287383743988624,1.0,2.0,0.0
harrelson,detroit,Detroit,27.0,1963.0,1989.0,27.0,1.0,2564.0,1812.0,0.5859232175502742,14.0,9.0,4.0,17.0,10.0,76.0,54.0,15.0,7.4,9.29007840580512,5.0,10.0,2.0
husker75,kansas-city,Kansas City Monarchs,6.0,1963.0,1968.0,6.0,1.0,458.0,514.0,0.4711934156378601,0.0,0.0,0.0,0.0,0.0,0.0,0.0,0.0,,,0.0,0.0,0.0
italyprof,new-york-eagles,New York Eagles,4.0,1963.0,1966.0,4.0,1.0,325.0,323.0,0.5015432098765432,1.0,1.0,0.0,1.0,1.0,6.0,5.0,0.0,,,0.0,0.0,0.0
italyprof,socal-newark,SoCal / Newark,1.0,1981.0,1981.0,1.0,1.0,73.0,89.0,0.4506172839506173,0.0,0.0,0.0,0.0,0.0,0.0,0.0,1.0,22.0,-13.559999999999995,0.0,0.0,0.0
jimmygatz2,baltimore,Baltimore,3.0,1987.0,1989.0,3.0,1.0,150.0,336.0,0.30864197530864196,0.0,0.0,0.0,0.0,0.0,0.0,0.0,3.0,18.666666666666668,-21.57291117745939,0.0,0.0,0.0
jmarino2,montreal,Montreal,4.0,1971.0,1974.0,4.0,1.0,280.0,368.0,0.43209876543209874,0.0,0.0,0.0,0.0,0.0,0.0,0.0,0.0,,,0.0,0.0,0.0
just4me,new-york-eagles,New York Eagles,23.0,1967.0,1989.0,23.0,1.0,1815.0,1911.0,0.48711755233494364,4.0,0.0,0.0,0.0,3.0,0.0,9.0,15.0,10.466666666666667,3.932331571756059,1.0,5.0,1.0
just4me,new-york-nationals,New York Nutcrackers / Nationals,3.0,1977.0,1986.0,3.0,1.0,203.0,283.0,0.4176954732510288,0.0,0.0,0.0,0.0,0.0,0.0,0.0,3.0,14.666666666666666,-4.656924566383095,1.0,1.0,0.0
k123456789,new-york-nationals,New York Nutcrackers / Nationals,3.0,1987.0,1989.0,3.0,1.0,219.0,267.0,0.4506172839506173,0.0,0.0,0.0,0.0,0.0,0.0,0.0,3.0,13.0,-1.3497783120900622,0.0,1.0,0.0
kermit,st-louis,St. Louis Perfectos,21.0,1969.0,1989.0,21.0,1.0,1714.0,1688.0,0.5038212815990594,6.0,1.0,1.0,2.0,5.0,12.0,19.0,15.0,11.333333333333334,1.0457193207045876,0.0,5.0,0.0
kros2,cleveland,Cleveland,2.0,1977.0,1978.0,2.0,1.0,137.0,187.0,0.4228395061728395,0.0,0.0,0.0,0.0,0.0,0.0,0.0,2.0,20.5,-15.822635104268134,0.0,0.0,0.0
kujhawker,kansas-city,Kansas City Monarchs,3.0,1987.0,1989.0,3.0,1.0,166.0,320.0,0.34156378600823045,0.0,0.0,0.0,0.0,0.0,0.0,0.0,3.0,23.333333333333332,-28.630181501303223,0.0,0.0,0.0
mickr9,toronto,Toronto,1.0,1981.0,1981.0,1.0,1.0,67.0,95.0,0.41358024691358025,0.0,0.0,0.0,0.0,0.0,0.0,0.0,1.0,19.0,-12.550000000000006,0.0,0.0,0.0
mvw,cincinnati-la,Cincinnati / LA,1.0,1980.0,1980.0,1.0,1.0,94.0,68.0,0.5802469135802469,1.0,0.0,0.0,1.0,1.0,6.0,5.0,1.0,9.0,1.29999999999999,0.0,0.0,0.0
n4ser,new-york-nationals,New York Nutcrackers / Nationals,21.0,1963.0,1984.0,21.0,1.0,1370.0,2032.0,0.4027042915931805,0.0,0.0,0.0,0.0,0.0,0.0,0.0,9.0,19.666666666666668,-21.696322209694888,0.0,0.0,0.0
nockahoma,kansas-city,Kansas City Monarchs,2.0,1969.0,1970.0,2.0,1.0,148.0,176.0,0.4567901234567901,0.0,0.0,0.0,0.0,0.0,0.0,0.0,0.0,,,0.0,0.0,0.0
ooooohdoggie,georgia-minnesota,Georgia / Minnetonka / Minnesota,7.0,1970.0,1976.0,7.0,1.0,507.0,627.0,0.4470899470899471,0.0,0.0,0.0,0.0,0.0,0.0,0.0,2.0,19.5,-39.46745610768309,0.0,0.0,0.0
pi_kapp,seattle,Seattle Sea Snakes,13.0,1977.0,1989.0,13.0,1.0,1062.0,1044.0,0.5042735042735043,4.0,0.0,0.0,0.0,3.0,1.0,9.0,13.0,13.23076923076923,-1.2461979885967147,0.0,2.0,0.0
poppapomp,kansas-city,Kansas City Monarchs,1.0,1971.0,1971.0,1.0,1.0,52.0,110.0,0.32098765432098764,0.0,0.0,0.0,0.0,0.0,0.0,0.0,0.0,,,0.0,0.0,0.0
rls1,socal-newark,SoCal / Newark,3.0,1963.0,1965.0,3.0,1.0,269.0,217.0,0.5534979423868313,1.0,0.0,0.0,0.0,1.0,1.0,4.0,0.0,,,0.0,0.0,0.0
schwingkid,georgia-minnesota,Georgia / Minnetonka / Minnesota,4.0,1980.0,1983.0,4.0,1.0,281.0,367.0,0.43364197530864196,0.0,0.0,0.0,0.0,0.0,0.0,0.0,4.0,19.0,-17.348431954724568,0.0,0.0,0.0
sinatra,cincinnati-la,Cincinnati / LA,9.0,1981.0,1989.0,9.0,1.0,742.0,716.0,0.5089163237311386,3.0,0.0,0.0,0.0,3.0,5.0,9.0,9.0,8.777777777777779,6.290071223980598,2.0,4.0,0.0
sinatra,georgia-minnesota,Georgia / Minnetonka / Minnesota,6.0,1984.0,1989.0,6.0,1.0,517.0,456.0,0.5313463514902363,3.0,0.0,0.0,1.0,3.0,6.0,10.0,6.0,2.3333333333333335,20.615912683214734,5.0,6.0,2.0
stevebobldn,kansas-city,Kansas City Monarchs,2.0,1985.0,1986.0,2.0,1.0,145.0,179.0,0.44753086419753085,0.0,0.0,0.0,0.0,0.0,0.0,0.0,2.0,8.0,3.0558093588837987,0.0,1.0,0.0
stevebobldn,montreal,Montreal,6.0,1984.0,1989.0,6.0,1.0,458.0,514.0,0.4711934156378601,1.0,0.0,0.0,1.0,1.0,6.0,6.0,6.0,11.666666666666666,2.862715917890441,1.0,2.0,0.0
strubrosii,new-york-times,New York Times,9.0,1963.0,1971.0,9.0,1.0,727.0,731.0,0.49862825788751713,1.0,0.0,0.0,0.0,1.0,1.0,4.0,0.0,,,0.0,0.0,0.0
tedcogswell,toronto,Toronto,4.0,1977.0,1980.0,4.0,1.0,298.0,350.0,0.45987654320987653,0.0,0.0,0.0,0.0,0.0,0.0,0.0,4.0,18.25,-9.813010531208628,0.0,0.0,0.0
the_creeper,boston,Boston,4.0,1986.0,1989.0,4.0,1.0,402.0,246.0,0.6203703703703703,4.0,3.0,0.0,6.0,3.0,26.0,20.0,4.0,14.75,-3.0079799445989734,0.0,0.0,0.0
the_creeper,houston,Houston Colt .45s / Astros / flyBALLERS,5.0,1985.0,1989.0,5.0,1.0,426.0,384.0,0.5259259259259259,1.0,0.0,0.0,0.0,1.0,1.0,3.0,5.0,11.0,1.833505345229458,0.0,2.0,0.0
trentonjoe,cornhuskers,Chicago Cornhuskers,1.0,1979.0,1979.0,1.0,1.0,97.0,65.0,0.5987654320987654,1.0,0.0,0.0,1.0,1.0,5.0,6.0,1.0,12.0,-1.005113855795381,0.0,0.0,0.0
trentonjoe,new-york-times,New York Times,18.0,1972.0,1989.0,18.0,1.0,1616.0,1300.0,0.5541838134430727,8.0,4.0,4.0,14.0,3.0,53.0,29.0,15.0,7.666666666666667,9.779562932994043,4.0,10.0,2.0
trentonjoe,socal-newark,SoCal / Newark,8.0,1982.0,1989.0,8.0,1.0,711.0,585.0,0.5486111111111112,5.0,0.0,0.0,3.0,5.0,12.0,22.0,8.0,3.625,15.691119826119568,4.0,8.0,2.0
txelvis,houston,Houston Colt .45s / Astros / flyBALLERS,11.0,1969.0,1979.0,11.0,1.0,855.0,927.0,0.4797979797979798,2.0,0.0,0.0,0.0,2.0,3.0,8.0,5.0,11.6,-1.4681121810713973,0.0,2.0,0.0
tycobb33,boston,Boston,4.0,1963.0,1966.0,4.0,1.0,319.0,329.0,0.49228395061728397,1.0,1.0,0.0,1.0,1.0,7.0,7.0,0.0,,,0.0,0.0,0.0
wgasa,cornhuskers,Chicago Cornhuskers,12.0,1977.0,1989.0,12.0,1.0,1069.0,875.0,0.5498971193415638,5.0,1.0,0.0,4.0,4.0,21.0,24.0,12.0,10.5,3.07337248899305,2.0,5.0,0.0
yates33,boston,Boston,1.0,1985.0,1985.0,1.0,1.0,92.0,70.0,0.5679012345679012,1.0,1.0,0.0,2.0,1.0,8.0,8.0,1.0,21.0,-23.09317053952016,0.0,0.0,0.0
