season_year,stage,series_no,side,team_a_id,team_b_id,team_a,team_b,wins_a,wins_b,winner_id,complete,source
1963,Semifinals,1,National League,1521566,1521559,Cincinnati Mudcats,St. Louis Perfectos,4,2,1521566.0,True,https://www.whatifsports.com/mlb-l/playoffs.asp?lid=128263
1963,Semifinals,1,American League,1521556,1521803,New York Eagles,Cleveland Wahoos,4,1,1521556.0,True,https://www.whatifsports.com/mlb-l/playoffs.asp?lid=128263
1963,Finals,1,World Series,1521566,1521556,Cincinnati Mudcats,New York Eagles,4,2,1521566.0,True,https://www.whatifsports.com/mlb-l/playoffs.asp?lid=128263
1964,Semifinals,1,National League,1535229,1536007,San Francisco Sugaree,Cincinnati Mudcats,3,4,1536007.0,True,https://www.whatifsports.com/mlb-l/playoffs.asp?lid=129162
1964,Semifinals,1,American League,1535355,1536469,Lombard iPackers,Boston Americans,3,4,1536469.0,True,https://www.whatifsports.com/mlb-l/playoffs.asp?lid=129162
1964,Finals,1,World Series,1536007,1536469,Cincinnati Mudcats,Boston Americans,4,3,1536007.0,True,https://www.whatifsports.com/mlb-l/playoffs.asp?lid=129162
1965,Semifinals,1,National League,1546629,1546676,San Francisco Sugaree,Cincinnati Mudcats,4,1,1546629.0,True,https://www.whatifsports.com/mlb-l/playoffs.asp?lid=129788
1965,Semifinals,1,American League,1546627,1546646,Detroit Supremes,California Coyotes,4,1,1546627.0,True,https://www.whatifsports.com/mlb-l/playoffs.asp?lid=129788
1965,Finals,1,World Series,1546629,1546627,San Francisco Sugaree,Detroit Supremes,2,4,1546627.0,True,https://www.whatifsports.com/mlb-l/playoffs.asp?lid=129788
1966,Semifinals,1,National League,1556359,1556107,Cincinnati Mudcats,San Francisco Sugaree,4,3,1556359.0,True,https://www.whatifsports.com/mlb-l/playoffs.asp?lid=130303
1966,Semifinals,1,American League,1556376,1556593,Detroit Supremes 66,California Commanders,4,1,1556376.0,True,https://www.whatifsports.com/mlb-l/playoffs.asp?lid=130303
1966,Finals,1,World Series,1556359,1556376,Cincinnati Mudcats,Detroit Supremes 66,4,1,1556359.0,True,https://www.whatifsports.com/mlb-l/playoffs.asp?lid=130303
1967,Semifinals,1,National League,1566369,1566351,Cincinnati Mudcats,Brooklyn Thunderbears,4,2,1566369.0,True,https://www.whatifsports.com/mlb-l/playoffs.asp?lid=130841
1967,Semifinals,1,American League,1566363,1566644,Lombard iPackers,Baltimore Buckaroos,4,2,1566363.0,True,https://www.whatifsports.com/mlb-l/playoffs.asp?lid=130841
1967,Finals,1,World Series,1566369,1566363,Cincinnati Mudcats,Lombard iPackers,4,2,1566369.0,True,https://www.whatifsports.com/mlb-l/playoffs.asp?lid=130841
1968,Semifinals,1,National League,1576552,1576306,Pittsburg Tanagers,Brooklyn Thunderbears,4,1,1576552.0,True,https://www.whatifsports.com/mlb-l/playoffs.asp?lid=131418
1968,Semifinals,1,American League,1576434,1576610,Detroit Supremes 68,SoCal Space Cadets '68,4,2,1576434.0,True,https://www.whatifsports.com/mlb-l/playoffs.asp?lid=131418
1968,Finals,1,World Series,1576552,1576434,Pittsburg Tanagers,Detroit Supremes 68,1,4,1576434.0,True,https://www.whatifsports.com/mlb-l/playoffs.asp?lid=131418
1969,Semifinals,1,National League,1587486,1587103,Pittsburg Tanagers,Brooklyn Thunderbears,2,4,1587103.0,True,https://www.whatifsports.com/mlb-l/playoffs.asp?lid=132043
1969,Semifinals,1,American League,1587359,1587782,Detroit 69 Supremes,Lombard iPackers,4,0,1587359.0,True,https://www.whatifsports.com/mlb-l/playoffs.asp?lid=132043
1969,Finals,1,World Series,1587103,1587359,Brooklyn Thunderbears,Detroit 69 Supremes,4,2,1587103.0,True,https://www.whatifsports.com/mlb-l/playoffs.asp?lid=132043
1970,Semifinals,1,National League,1598686,1598887,Cincinnati Mudcats,St. Louis Perfectos '70,3,4,1598887.0,True,https://www.whatifsports.com/mlb-l/playoffs.asp?lid=132733
1970,Semifinals,1,American League,1598646,1598644,Detroit Supremes,SoCal Space Cadets ‘70,4,1,1598646.0,True,https://www.whatifsports.com/mlb-l/playoffs.asp?lid=132733
1970,Finals,1,World Series,1598887,1598646,St. Louis Perfectos '70,Detroit Supremes,4,0,1598887.0,True,https://www.whatifsports.com/mlb-l/playoffs.asp?lid=132733
1971,Semifinals,1,National League,1610349,1610446,Cincinnati Mudcats,St. Louis Perfectos '71,4,3,1610349.0,True,https://www.whatifsports.com/mlb-l/playoffs.asp?lid=133447
1971,Semifinals,1,American League,1610857,1610169,WashingTex SenatoRangers,SoCal Space Cadets '71,1,4,1610169.0,True,https://www.whatifsports.com/mlb-l/playoffs.asp?lid=133447
1971,Finals,1,World Series,1610349,1610169,Cincinnati Mudcats,SoCal Space Cadets '71,4,2,1610349.0,True,https://www.whatifsports.com/mlb-l/playoffs.asp?lid=133447
1972,Semifinals,1,National League,1620813,1619951,Pittsburg Tanagers,Chicago Thunderbears,3,4,1619951.0,True,https://www.whatifsports.com/mlb-l/playoffs.asp?lid=134068
1972,Semifinals,1,American League,1620470,1620666,Texas Rangers,Lombard iPackers,4,3,1620470.0,True,https://www.whatifsports.com/mlb-l/playoffs.asp?lid=134068
1972,Finals,1,World Series,1619951,1620470,Chicago Thunderbears,Texas Rangers,3,4,1620470.0,True,https://www.whatifsports.com/mlb-l/playoffs.asp?lid=134068
1973,Semifinals,1,National League,1632228,1632248,Pittsburg Tanagers,Texas Rangers,4,3,1632228.0,True,https://www.whatifsports.com/mlb-l/playoffs.asp?lid=134800
1973,Semifinals,1,American League,1632145,1632786,Boston Plaids,‘73 Houston Colt .45s,4,2,1632145.0,True,https://www.whatifsports.com/mlb-l/playoffs.asp?lid=134800
1973,Finals,1,World Series,1632228,1632145,Pittsburg Tanagers,Boston Plaids,4,2,1632228.0,True,https://www.whatifsports.com/mlb-l/playoffs.asp?lid=134800
1974,Semifinals,1,National League,1643142,1642768,Pittsburg Tanagers,Milwaukee Brewers,1,4,1642768.0,True,https://www.whatifsports.com/mlb-l/playoffs.asp?lid=135415
1974,Semifinals,1,American League,1642633,1642847,Philly CRYPTKEEPERS,Kansas City Monarchs,4,1,1642633.0,True,https://www.whatifsports.com/mlb-l/playoffs.asp?lid=135415
1974,Finals,1,World Series,1642768,1642633,Milwaukee Brewers,Philly CRYPTKEEPERS,2,4,1642633.0,True,https://www.whatifsports.com/mlb-l/playoffs.asp?lid=135415
1975,Semifinals,1,National League,1653580,1653519,Cincinnati Mudcats,Texas Rangers,1,4,1653519.0,True,https://www.whatifsports.com/mlb-l/playoffs.asp?lid=136079
1975,Semifinals,1,American League,1653607,1654020,Detroit Supremes,'75 Houston Colt .45s,4,1,1653607.0,True,https://www.whatifsports.com/mlb-l/playoffs.asp?lid=136079
1975,Finals,1,World Series,1653519,1653607,Texas Rangers,Detroit Supremes,3,4,1653607.0,True,https://www.whatifsports.com/mlb-l/playoffs.asp?lid=136079
1976,Semifinals,1,National League,1664811,1664563,Milwaukee Brewers,Cincinnati Mudcats,4,3,1664811.0,True,https://www.whatifsports.com/mlb-l/playoffs.asp?lid=136747
1976,Semifinals,1,American League,1664602,1664611,Detroit suPremes,Kansas City Monarchs,2,4,1664611.0,True,https://www.whatifsports.com/mlb-l/playoffs.asp?lid=136747
1976,Finals,1,World Series,1664811,1664611,Milwaukee Brewers,Kansas City Monarchs,4,2,1664811.0,True,https://www.whatifsports.com/mlb-l/playoffs.asp?lid=136747
1977,Quarterfinals,1,National League,1676655,1676473,Milwaukee Brewers,New York  Times,3,1,1676655.0,True,https://www.whatifsports.com/mlb-l/playoffs.asp?lid=137487
1977,Quarterfinals,2,National League,1676343,1676515,Texas Rangers,Cincinnati Mudcats,2,3,1676515.0,True,https://www.whatifsports.com/mlb-l/playoffs.asp?lid=137487
1977,Quarterfinals,1,American League,1676224,1676510,Detroit Supremes,Kansas City Monarchs,3,1,1676224.0,True,https://www.whatifsports.com/mlb-l/playoffs.asp?lid=137487
1977,Quarterfinals,2,American League,1676147,1676498,Boston Punks,Philly CRYPTKEEPERS,3,2,1676147.0,True,https://www.whatifsports.com/mlb-l/playoffs.asp?lid=137487
1977,Semifinals,1,National League,1676655,1676515,Milwaukee Brewers,Cincinnati Mudcats,4,0,1676655.0,True,https://www.whatifsports.com/mlb-l/playoffs.asp?lid=137487
1977,Semifinals,1,American League,1676224,1676147,Detroit Supremes,Boston Punks,4,0,1676224.0,True,https://www.whatifsports.com/mlb-l/playoffs.asp?lid=137487
1977,Finals,1,World Series,1676655,1676224,Milwaukee Brewers,Detroit Supremes,0,4,1676224.0,True,https://www.whatifsports.com/mlb-l/playoffs.asp?lid=137487
1978,Quarterfinals,1,National League,1687245,1687524,New York Times,St. Louis Perfectos '78,3,0,1687245.0,True,https://www.whatifsports.com/mlb-l/playoffs.asp?lid=138127
1978,Quarterfinals,2,National League,1687317,1687663,Texas Rangers,Chicago Thunderbears,1,3,1687663.0,True,https://www.whatifsports.com/mlb-l/playoffs.asp?lid=138127
1978,Quarterfinals,1,American League,1687234,1687682,Boston Post-Punks,Detroit Supremes 78,3,0,1687234.0,True,https://www.whatifsports.com/mlb-l/playoffs.asp?lid=138127
1978,Quarterfinals,2,American League,1687236,1687269,Philly CRYPTKEEPERS,Kansas City Monarchs,3,0,1687236.0,True,https://www.whatifsports.com/mlb-l/playoffs.asp?lid=138127
1978,Semifinals,1,National League,1687245,1687663,New York Times,Chicago Thunderbears,4,0,1687245.0,True,https://www.whatifsports.com/mlb-l/playoffs.asp?lid=138127
1978,Semifinals,1,American League,1687234,1687236,Boston Post-Punks,Philly CRYPTKEEPERS,4,2,1687234.0,True,https://www.whatifsports.com/mlb-l/playoffs.asp?lid=138127
1978,Finals,1,World Series,1687245,1687234,New York Times,Boston Post-Punks,4,3,1687245.0,True,https://www.whatifsports.com/mlb-l/playoffs.asp?lid=138127
1979,Quarterfinals,1,National League,1700397,1700444,Cincinnati Mudcats,New York  Times,2,3,1700444.0,True,https://www.whatifsports.com/mlb-l/playoffs.asp?lid=138842
1979,Quarterfinals,2,National League,1700417,1700596,Pittsburg Tanagers,Texas Rangers,2,3,1700596.0,True,https://www.whatifsports.com/mlb-l/playoffs.asp?lid=138842
1979,Quarterfinals,1,American League,1700433,1700980,Detroit Supremes,Oakland Bagchuckers,3,1,1700433.0,True,https://www.whatifsports.com/mlb-l/playoffs.asp?lid=138842
1979,Quarterfinals,2,American League,1700683,1700368,Boston Post-Punks,Chicago Cornhuskers,2,3,1700368.0,True,https://www.whatifsports.com/mlb-l/playoffs.asp?lid=138842
1979,Semifinals,1,National League,1700444,1700596,New York  Times,Texas Rangers,4,0,1700444.0,True,https://www.whatifsports.com/mlb-l/playoffs.asp?lid=138842
1979,Semifinals,1,American League,1700433,1700368,Detroit Supremes,Chicago Cornhuskers,4,2,1700433.0,True,https://www.whatifsports.com/mlb-l/playoffs.asp?lid=138842
1979,Finals,1,World Series,1700444,1700433,New York  Times,Detroit Supremes,4,1,1700444.0,True,https://www.whatifsports.com/mlb-l/playoffs.asp?lid=138842
1980,Quarterfinals,1,National League,1711535,1711733,New York  Times,St. Louis Perfectos '80,3,0,1711535.0,True,https://www.whatifsports.com/mlb-l/playoffs.asp?lid=139517
1980,Quarterfinals,2,National League,1712687,1711533,Cincinnati Reds,Pittsburg Tanagers,3,1,1712687.0,True,https://www.whatifsports.com/mlb-l/playoffs.asp?lid=139517
1980,Quarterfinals,1,American League,1711460,1711417,Boston Yacht Rockers,Detroit Supremes 80,3,1,1711460.0,True,https://www.whatifsports.com/mlb-l/playoffs.asp?lid=139517
1980,Quarterfinals,2,American League,1711448,1712729,Chicago Cornhuskers,Houston Astros '80,3,2,1711448.0,True,https://www.whatifsports.com/mlb-l/playoffs.asp?lid=139517
1980,Semifinals,1,National League,1711535,1712687,New York  Times,Cincinnati Reds,4,3,1711535.0,True,https://www.whatifsports.com/mlb-l/playoffs.asp?lid=139517
1980,Semifinals,1,American League,1711460,1711448,Boston Yacht Rockers,Chicago Cornhuskers,3,4,1711448.0,True,https://www.whatifsports.com/mlb-l/playoffs.asp?lid=139517
1980,Finals,1,World Series,1711535,1711448,New York  Times,Chicago Cornhuskers,4,3,1711535.0,True,https://www.whatifsports.com/mlb-l/playoffs.asp?lid=139517
1981,Quarterfinals,1,National League,1721888,1722189,New York  Times,Texas Rangers,3,1,1721888.0,True,https://www.whatifsports.com/mlb-l/playoffs.asp?lid=140165
1981,Quarterfinals,2,National League,1722342,1721960,Milwaukee Brewers,Pittsburg Tanagers,1,3,1721960.0,True,https://www.whatifsports.com/mlb-l/playoffs.asp?lid=140165
1981,Quarterfinals,1,American League,1721950,1721890,Boston Yacht Rockers,Chicago Cornhuskers,2,3,1721890.0,True,https://www.whatifsports.com/mlb-l/playoffs.asp?lid=140165
1981,Quarterfinals,2,American League,1721914,1722191,Philadelphia CRYPTKEEPERS,Houston Astros 1981,3,1,1721914.0,True,https://www.whatifsports.com/mlb-l/playoffs.asp?lid=140165
1981,Semifinals,1,National League,1721888,1721960,New York  Times,Pittsburg Tanagers,2,4,1721960.0,True,https://www.whatifsports.com/mlb-l/playoffs.asp?lid=140165
1981,Semifinals,1,American League,1721890,1721914,Chicago Cornhuskers,Philadelphia CRYPTKEEPERS,2,4,1721914.0,True,https://www.whatifsports.com/mlb-l/playoffs.asp?lid=140165
1981,Finals,1,World Series,1721960,1721914,Pittsburg Tanagers,Philadelphia CRYPTKEEPERS,4,0,1721960.0,True,https://www.whatifsports.com/mlb-l/playoffs.asp?lid=140165
1982,Quarterfinals,1,National League,1733614,1733467,Pittsburg Tanagers,St. Louis Perfectos '82,3,1,1733614.0,True,https://www.whatifsports.com/mlb-l/playoffs.asp?lid=140790
1982,Quarterfinals,2,National League,1733523,1733438,Texas Rangers,Cincinnati Skyline,3,1,1733523.0,True,https://www.whatifsports.com/mlb-l/playoffs.asp?lid=140790
1982,Quarterfinals,1,American League,1733441,1733508,Boston New Wave,Chicago Cornhuskers,2,3,1733508.0,True,https://www.whatifsports.com/mlb-l/playoffs.asp?lid=140790
1982,Quarterfinals,2,American League,1733443,1733592,Houston Astros 1982,New York Eagles,3,0,1733443.0,True,https://www.whatifsports.com/mlb-l/playoffs.asp?lid=140790
1982,Semifinals,1,National League,1733614,1733523,Pittsburg Tanagers,Texas Rangers,1,4,1733523.0,True,https://www.whatifsports.com/mlb-l/playoffs.asp?lid=140790
1982,Semifinals,1,American League,1733508,1733443,Chicago Cornhuskers,Houston Astros 1982,2,4,1733443.0,True,https://www.whatifsports.com/mlb-l/playoffs.asp?lid=140790
1982,Finals,1,World Series,1733523,1733443,Texas Rangers,Houston Astros 1982,4,2,1733523.0,True,https://www.whatifsports.com/mlb-l/playoffs.asp?lid=140790
1983,Quarterfinals,1,National League,1745521,1745105,Pittsburg Tanagers,St. Louis Perfectos '83,3,0,1745521.0,True,https://www.whatifsports.com/mlb-l/playoffs.asp?lid=141465
1983,Quarterfinals,2,National League,1744966,1744955,Texas Rangers,Cincinnati Skyline,3,2,1744966.0,True,https://www.whatifsports.com/mlb-l/playoffs.asp?lid=141465
1983,Quarterfinals,1,American League,1744807,1744683,Boston Synthesizers,Chicago Cornhuskers,3,1,1744807.0,True,https://www.whatifsports.com/mlb-l/playoffs.asp?lid=141465
1983,Quarterfinals,2,American League,1745123,1744932,Newark Ironborn Bears,New York Eagles,3,0,1745123.0,True,https://www.whatifsports.com/mlb-l/playoffs.asp?lid=141465
1983,Semifinals,1,National League,1745521,1744966,Pittsburg Tanagers,Texas Rangers,4,2,1745521.0,True,https://www.whatifsports.com/mlb-l/playoffs.asp?lid=141465
1983,Semifinals,1,American League,1744807,1745123,Boston Synthesizers,Newark Ironborn Bears,4,0,1744807.0,True,https://www.whatifsports.com/mlb-l/playoffs.asp?lid=141465
1983,Finals,1,World Series,1745521,1744807,Pittsburg Tanagers,Boston Synthesizers,0,4,1744807.0,True,https://www.whatifsports.com/mlb-l/playoffs.asp?lid=141465
1984,Quarterfinals,1,National League,1758380,1758310,Pittsburgh Tanagers,Cincinnati Skyline,3,2,1758380.0,True,https://www.whatifsports.com/mlb-l/playoffs.asp?lid=142154
1984,Quarterfinals,2,National League,1758219,1758449,Milwaukee Brewers,Texas Rangers,0,3,1758449.0,True,https://www.whatifsports.com/mlb-l/playoffs.asp?lid=142154
1984,Quarterfinals,1,American League,1758215,1758253,Boston Synthesizers,Newark Ironborn Bears,2,3,1758253.0,True,https://www.whatifsports.com/mlb-l/playoffs.asp?lid=142154
1984,Quarterfinals,2,American League,1758224,1758381,Detroit Supremes 84,Toronto ModernDayWarriors,3,1,1758224.0,True,https://www.whatifsports.com/mlb-l/playoffs.asp?lid=142154
1984,Semifinals,1,National League,1758380,1758449,Pittsburgh Tanagers,Texas Rangers,4,1,1758380.0,True,https://www.whatifsports.com/mlb-l/playoffs.asp?lid=142154
1984,Semifinals,1,American League,1758253,1758224,Newark Ironborn Bears,Detroit Supremes 84,0,4,1758224.0,True,https://www.whatifsports.com/mlb-l/playoffs.asp?lid=142154
1984,Finals,1,World Series,1758380,1758224,Pittsburgh Tanagers,Detroit Supremes 84,4,1,1758380.0,True,https://www.whatifsports.com/mlb-l/playoffs.asp?lid=142154
1985,Quarterfinals,1,National League,1773044,1772999,Pittsburgh Tanagers,Seattle Sea Snakes,3,1,1773044.0,True,https://www.whatifsports.com/mlb-l/playoffs.asp?lid=143210
1985,Quarterfinals,2,National League,1773319,1772989,Milwaukee Brewers,Montreal Royales,2,3,1772989.0,True,https://www.whatifsports.com/mlb-l/playoffs.asp?lid=143210
1985,Quarterfinals,1,American League,1773020,1772984,Detroit RIP Ryne Sanberg,New York Eagles,3,0,1773020.0,True,https://www.whatifsports.com/mlb-l/playoffs.asp?lid=143210
1985,Quarterfinals,2,American League,1772969,1773865,Newark Ironbound Bears,1985 Boston Red Sox,1,3,1773865.0,True,https://www.whatifsports.com/mlb-l/playoffs.asp?lid=143210
1985,Semifinals,1,National League,1773044,1772989,Pittsburgh Tanagers,Montreal Royales,4,3,1773044.0,True,https://www.whatifsports.com/mlb-l/playoffs.asp?lid=143210
1985,Semifinals,1,American League,1773020,1773865,Detroit RIP Ryne Sanberg,1985 Boston Red Sox,3,4,1773865.0,True,https://www.whatifsports.com/mlb-l/playoffs.asp?lid=143210
1985,Finals,1,World Series,1773044,1773865,Pittsburgh Tanagers,1985 Boston Red Sox,4,1,1773044.0,True,https://www.whatifsports.com/mlb-l/playoffs.asp?lid=143210
1986,Quarterfinals,1,National League,1786642,1786566,Milwaukee Brewers,New York Times,1,3,1786566.0,True,https://www.whatifsports.com/mlb-l/playoffs.asp?lid=143991
1986,Quarterfinals,2,National League,1786567,1787295,Texas Rangers,Pittsburg Tanagers,3,1,1786567.0,True,https://www.whatifsports.com/mlb-l/playoffs.asp?lid=143991
1986,Quarterfinals,1,American League,1787298,1787181,Toronto ModernDayWarriors,Minnesota Upper Midwestern Dialects,3,1,1787298.0,True,https://www.whatifsports.com/mlb-l/playoffs.asp?lid=143991
1986,Quarterfinals,2,American League,1786749,1787579,Houston QuickSands (1986),Boston Red Sox,1,3,1787579.0,True,https://www.whatifsports.com/mlb-l/playoffs.asp?lid=143991
1986,Semifinals,1,National League,1786566,1786567,New York Times,Texas Rangers,0,4,1786567.0,True,https://www.whatifsports.com/mlb-l/playoffs.asp?lid=143991
1986,Semifinals,1,American League,1787298,1787579,Toronto ModernDayWarriors,Boston Red Sox,2,4,1787579.0,True,https://www.whatifsports.com/mlb-l/playoffs.asp?lid=143991
1986,Finals,1,World Series,1786567,1787579,Texas Rangers,Boston Red Sox,4,2,1786567.0,True,https://www.whatifsports.com/mlb-l/playoffs.asp?lid=143991
1987,Quarterfinals,1,National League,1798332,1798319,Seattle Sea Snakes,New York  Times,0,3,1798319.0,True,https://www.whatifsports.com/mlb-l/playoffs.asp?lid=144651
1987,Quarterfinals,2,National League,1798825,1798058,Pittsburg Tanagers,Milwaukee Brewers,2,3,1798058.0,True,https://www.whatifsports.com/mlb-l/playoffs.asp?lid=144651
1987,Quarterfinals,1,American League,1798150,1798840,Boston EdSox,Minnesota Upper Midwestern Dialects,3,1,1798150.0,True,https://www.whatifsports.com/mlb-l/playoffs.asp?lid=144651
1987,Quarterfinals,2,American League,1798320,1798824,Newark Ironborn Bears,Toronto ModernDayWarriors,3,2,1798320.0,True,https://www.whatifsports.com/mlb-l/playoffs.asp?lid=144651
1987,Semifinals,1,National League,1798319,1798058,New York  Times,Milwaukee Brewers,4,2,1798319.0,True,https://www.whatifsports.com/mlb-l/playoffs.asp?lid=144651
1987,Semifinals,1,American League,1798150,1798320,Boston EdSox,Newark Ironborn Bears,4,2,1798150.0,True,https://www.whatifsports.com/mlb-l/playoffs.asp?lid=144651
1987,Finals,1,World Series,1798319,1798150,New York  Times,Boston EdSox,4,2,1798319.0,True,https://www.whatifsports.com/mlb-l/playoffs.asp?lid=144651
1988,Quarterfinals,1,National League,1807885,1807801,Pittsburg Tanagers,Seattle Sea Snakes,3,0,1807885.0,True,https://www.whatifsports.com/mlb-l/playoffs.asp?lid=145090
1988,Quarterfinals,2,National League,1807360,1807606,Texas Rangers,Milwaukee Brewers,2,3,1807606.0,True,https://www.whatifsports.com/mlb-l/playoffs.asp?lid=145090
1988,Quarterfinals,1,American League,1807373,1807329,Boston EDSox (1988),Detroit Supremes,3,1,1807373.0,True,https://www.whatifsports.com/mlb-l/playoffs.asp?lid=145090
1988,Quarterfinals,2,American League,1807328,1807404,Minnesota Upper Midwestern Dialects,Newark Ironbound Bears,3,0,1807328.0,True,https://www.whatifsports.com/mlb-l/playoffs.asp?lid=145090
1988,Semifinals,1,National League,1807885,1807606,Pittsburg Tanagers,Milwaukee Brewers,4,3,1807885.0,True,https://www.whatifsports.com/mlb-l/playoffs.asp?lid=145090
1988,Semifinals,1,American League,1807373,1807328,Boston EDSox (1988),Minnesota Upper Midwestern Dialects,4,1,1807373.0,True,https://www.whatifsports.com/mlb-l/playoffs.asp?lid=145090
1988,Finals,1,World Series,1807885,1807373,Pittsburg Tanagers,Boston EDSox (1988),4,1,1807885.0,True,https://www.whatifsports.com/mlb-l/playoffs.asp?lid=145090
1989,Quarterfinals,1,National League,1815838,1816173,New York Times,Chicago Thunderbears '89,0,1,,False,https://www.whatifsports.com/mlb-l/playoffs.asp?lid=145571
1989,Quarterfinals,2,National League,1815833,1816182,Milwaukee Brewers,Seattle Sea Snakes,1,0,,False,https://www.whatifsports.com/mlb-l/playoffs.asp?lid=145571
1989,Quarterfinals,1,American League,1815809,1815902,New York Eagles,Oakland Nights,0,1,,False,https://www.whatifsports.com/mlb-l/playoffs.asp?lid=145571
1989,Quarterfinals,2,American League,1815869,1815862,Chicago Cornhuskers,Boston EdSox (1989),1,0,,False,https://www.whatifsports.com/mlb-l/playoffs.asp?lid=145571
