owner,team_seasons,first_year,last_year,seasons,franchises,W,L,PCT,playoffs,finals,championships,series_W,series_L,playoff_W,playoff_L,formula_seasons,mean_formula_pick,mean_Score,top3,top8,first_picks
bagchucker,1.0,1967.0,1967.0,1.0,1.0,72.0,90.0,0.4444444444444444,0,0,0,0,0,0,0,0.0,,,0.0,0.0,0.0
big_dowg,5.0,1980.0,1984.0,5.0,1.0,290.0,520.0,0.35802469135802467,0,0,0,0,0,0,0,5.0,20.4,-22.613173580995525,0.0,0.0,0.0
bluecrew65,2.0,1966.0,1967.0,2.0,1.0,126.0,198.0,0.3888888888888889,1,0,0,0,1,1,4,0.0,,,0.0,0.0,0.0
cdew8,5.0,1985.0,1989.0,5.0,1.0,499.0,311.0,0.6160493827160494,5,0,0,2,4,16,19,5.0,8.2,7.37789263945524,1.0,2.0,1.0
chargingryno,35.0,1963.0,1989.0,27.0,3.0,2713.0,2957.0,0.4784832451499118,6,2,1,4,4,23,25,23.0,14.0,-3.1300927244995504,2.0,5.0,0.0
chrondon84,15.0,1969.0,1983.0,15.0,1.0,1028.0,1403.0,0.42287124640065815,1,0,0,0,1,1,3,9.0,9.555555555555555,4.520746010518034,2.0,5.0,1.0
coldfoot,35.0,1963.0,1989.0,27.0,2.0,3151.0,2519.0,0.555731922398589,18,7,5,19,13,88,72,23.0,11.217391304347826,1.8492047515569465,3.0,10.0,1.0
contrarian23,6.0,1963.0,1968.0,6.0,1.0,511.0,461.0,0.5257201646090535,1,0,0,0,1,2,4,0.0,,,0.0,0.0,0.0
cpdpoet,32.0,1963.0,1989.0,27.0,2.0,2497.0,2687.0,0.4816743827160494,4,2,1,5,3,22,17,20.0,15.6,-6.574060728872256,0.0,4.0,0.0
crustydoc,13.0,1968.0,1980.0,13.0,1.0,957.0,1149.0,0.4544159544159544,3,1,0,1,3,9,13,6.0,18.5,-14.903812230524268,0.0,0.0,0.0
dannino,8.0,1963.0,1970.0,8.0,1.0,571.0,725.0,0.44058641975308643,0,0,0,0,0,0,0,0.0,,,0.0,0.0,0.0
dbrom,22.0,1963.0,1984.0,22.0,1.0,2038.0,1527.0,0.5716690042075736,9,4,1,6,8,34,39,10.0,6.6,10.022757808805704,1.0,8.0,0.0
disco dogs,6.0,1963.0,1968.0,6.0,1.0,445.0,528.0,0.4573484069886948,1,0,0,0,1,2,4,0.0,,,0.0,0.0,0.0
dodgerdon,13.0,1969.0,1981.0,13.0,1.0,784.0,1322.0,0.37226970560303896,0,0,0,0,0,0,0,7.0,18.857142857142858,-16.57987236047372,0.0,1.0,0.0
duhbigcat,6.0,1984.0,1989.0,6.0,1.0,475.0,497.0,0.4886831275720165,1,0,0,0,0,2,1,6.0,15.166666666666666,-7.5954599086360615,0.0,1.0,0.0
eddiedzen,17.0,1968.0,1984.0,17.0,1.0,1688.0,1066.0,0.6129266521423384,9,3,1,8,8,44,36,10.0,4.8,15.472553726095384,5.0,7.0,2.0
epup1975,21.0,1969.0,1989.0,21.0,1.0,1474.0,1928.0,0.4332745443856555,0,0,0,0,0,0,0,15.0,18.066666666666666,-11.2244274383641,0.0,0.0,0.0
fabulous,1.0,1984.0,1984.0,1.0,1.0,78.0,84.0,0.48148148148148145,0,0,0,0,0,0,0,1.0,20.0,-16.95345145118776,0.0,0.0,0.0
ff09,4.0,1975.0,1978.0,4.0,1.0,237.0,411.0,0.36574074074074076,0,0,0,0,0,0,0,4.0,19.25,-15.380442313390407,0.0,0.0,0.0
fire13,25.0,1963.0,1979.0,17.0,2.0,2300.0,1751.0,0.5677610466551469,15,6,5,12,10,61,64,10.0,8.2,6.22984632510406,3.0,4.0,1.0
frazzman80,25.0,1969.0,1989.0,21.0,2.0,2358.0,1693.0,0.5820784991360158,16,5,3,14,13,71,66,19.0,10.526315789473685,2.74413963248886,2.0,7.0,0.0
h_incandenza,7.0,1963.0,1969.0,7.0,1.0,615.0,519.0,0.5423280423280423,3,1,0,1,3,12,13,0.0,,,0.0,0.0,0.0
harrelson,38.0,1963.0,1989.0,27.0,2.0,3241.0,2917.0,0.5263072426112374,14,9,4,17,10,76,54,26.0,10.884615384615385,2.2765367270462287,6.0,12.0,2.0
husker75,6.0,1963.0,1968.0,6.0,1.0,458.0,514.0,0.4711934156378601,0,0,0,0,0,0,0,0.0,,,0.0,0.0,0.0
italyprof,5.0,1963.0,1981.0,5.0,2.0,398.0,412.0,0.49135802469135803,1,1,0,1,1,6,5,1.0,22.0,-13.559999999999995,0.0,0.0,0.0
jimmygatz2,3.0,1987.0,1989.0,3.0,1.0,150.0,336.0,0.30864197530864196,0,0,0,0,0,0,0,3.0,18.666666666666668,-21.57291117745939,0.0,0.0,0.0
jmarino2,4.0,1971.0,1974.0,4.0,1.0,280.0,368.0,0.43209876543209874,0,0,0,0,0,0,0,0.0,,,0.0,0.0,0.0
just4me,26.0,1967.0,1989.0,23.0,2.0,2018.0,2194.0,0.47910731244064575,4,0,0,0,3,1,11,18.0,11.166666666666666,2.5007888820662,2.0,6.0,1.0
k123456789,3.0,1987.0,1989.0,3.0,1.0,219.0,267.0,0.4506172839506173,0,0,0,0,0,0,0,3.0,13.0,-1.3497783120900622,0.0,1.0,0.0
kermit,21.0,1969.0,1989.0,21.0,1.0,1714.0,1688.0,0.5038212815990594,6,1,1,2,5,12,19,15.0,11.333333333333334,1.0457193207045876,0.0,5.0,0.0
kros2,2.0,1977.0,1978.0,2.0,1.0,137.0,187.0,0.4228395061728395,0,0,0,0,0,0,0,2.0,20.5,-15.822635104268134,0.0,0.0,0.0
kujhawker,3.0,1987.0,1989.0,3.0,1.0,166.0,320.0,0.34156378600823045,0,0,0,0,0,0,0,3.0,23.333333333333332,-28.630181501303223,0.0,0.0,0.0
mickr9,1.0,1981.0,1981.0,1.0,1.0,67.0,95.0,0.41358024691358025,0,0,0,0,0,0,0,1.0,19.0,-12.550000000000006,0.0,0.0,0.0
mvw,1.0,1980.0,1980.0,1.0,1.0,94.0,68.0,0.5802469135802469,1,0,0,1,1,6,5,1.0,9.0,1.29999999999999,0.0,0.0,0.0
n4ser,21.0,1963.0,1984.0,21.0,1.0,1370.0,2032.0,0.4027042915931805,0,0,0,0,0,0,0,9.0,19.666666666666668,-21.696322209694888,0.0,0.0,0.0
nockahoma,2.0,1969.0,1970.0,2.0,1.0,148.0,176.0,0.4567901234567901,0,0,0,0,0,0,0,0.0,,,0.0,0.0,0.0
ooooohdoggie,7.0,1970.0,1976.0,7.0,1.0,507.0,627.0,0.4470899470899471,0,0,0,0,0,0,0,2.0,19.5,-39.46745610768309,0.0,0.0,0.0
pi_kapp,13.0,1977.0,1989.0,13.0,1.0,1062.0,1044.0,0.5042735042735043,4,0,0,0,3,2,11,13.0,13.23076923076923,-1.2461979885967147,0.0,2.0,0.0
poppapomp,1.0,1971.0,1971.0,1.0,1.0,52.0,110.0,0.32098765432098764,0,0,0,0,0,0,0,0.0,,,0.0,0.0,0.0
rls1,3.0,1963.0,1965.0,3.0,1.0,269.0,217.0,0.5534979423868313,1,0,0,0,1,1,4,0.0,,,0.0,0.0,0.0
schwingkid,4.0,1980.0,1983.0,4.0,1.0,281.0,367.0,0.43364197530864196,0,0,0,0,0,0,0,4.0,19.0,-17.348431954724568,0.0,0.0,0.0
sinatra,15.0,1981.0,1989.0,9.0,2.0,1259.0,1172.0,0.5178938708350473,6,0,0,1,6,11,19,15.0,6.2,12.020407807674252,7.0,10.0,2.0
stevebobldn,8.0,1984.0,1989.0,6.0,2.0,603.0,693.0,0.4652777777777778,1,0,0,1,1,6,6,8.0,10.75,2.91098927813878,1.0,3.0,0.0
strubrosii,9.0,1963.0,1971.0,9.0,1.0,727.0,731.0,0.49862825788751713,1,0,0,0,1,1,4,0.0,,,0.0,0.0,0.0
tedcogswell,4.0,1977.0,1980.0,4.0,1.0,298.0,350.0,0.45987654320987653,0,0,0,0,0,0,0,4.0,18.25,-9.813010531208628,0.0,0.0,0.0
the_creeper,9.0,1985.0,1989.0,5.0,2.0,828.0,630.0,0.5679012345679012,5,3,0,6,5,27,26,9.0,12.666666666666666,-0.3182658946942887,0.0,2.0,0.0
trentonjoe,27.0,1972.0,1989.0,18.0,3.0,2424.0,1950.0,0.5541838134430727,14,4,4,18,9,71,59,24.0,6.5,11.300720364502993,8.0,18.0,4.0
txelvis,11.0,1969.0,1979.0,11.0,1.0,855.0,927.0,0.4797979797979798,2,0,0,0,2,3,8,5.0,11.6,-1.4681121810713973,0.0,2.0,0.0
tycobb33,4.0,1963.0,1966.0,4.0,1.0,319.0,329.0,0.49228395061728397,1,1,0,1,1,7,7,0.0,,,0.0,0.0,0.0
wgasa,12.0,1977.0,1989.0,12.0,1.0,1069.0,875.0,0.5498971193415638,5,1,0,5,4,24,24,12.0,10.5,3.07337248899305,2.0,5.0,0.0
yates33,1.0,1985.0,1985.0,1.0,1.0,92.0,70.0,0.5679012345679012,1,1,0,2,1,8,8,1.0,21.0,-23.09317053952016,0.0,0.0,0.0
