id,draft_year,round,slot,round_size,original_franchise_id,from_franchise_id,to_franchise_id,from_owner,to_owner,selection,selecting_owner,selecting_franchise_id,team_chain,source,evidence,original_position_basis,original_order_source,record_type,immediate_transaction_independently_verified,chain_source_conflict,chain_review_note,chain_review_source_post_ids,top5,top10,bottom5,bottom10
board-1963-7-1,1963,1,7,16,cincinnati-la,cincinnati-la,socal-newark,fire13,rls1,Hank Aaron,rls1,socal-newark,California Coyotes [rls1 from fire13],https://www.whatifsports.com/forums/Posts.aspx?topicID=519851&page=1,posted draft chain; transfer date not recorded,published inaugural lottery order,https://www.whatifsports.com/forums/Posts.aspx?topicID=519849&page=1,known club trail segment,False,False,,,False,True,False,True
board-1963-9-1,1963,1,9,16,socal-newark,socal-newark,cincinnati-la,rls1,fire13,Carl Yastrzemski,fire13,cincinnati-la,Cincinnati Mudcats [fire13 from rls1],https://www.whatifsports.com/forums/Posts.aspx?topicID=519851&page=1,posted draft chain; transfer date not recorded,published inaugural lottery order,https://www.whatifsports.com/forums/Posts.aspx?topicID=519849&page=1,known club trail segment,False,False,,,False,True,False,True
board-1963-11-1,1963,1,11,16,detroit,detroit,thunderbears,harrelson,chargingryno,Ron Santo,chargingryno,thunderbears,Houston Thunderbears,https://www.whatifsports.com/forums/Posts.aspx?topicID=519851&page=1,posted draft chain; transfer date not recorded,published inaugural lottery order,https://www.whatifsports.com/forums/Posts.aspx?topicID=519849&page=1,known club trail segment,False,False,,,False,False,False,True
board-1963-12-1,1963,1,12,16,thunderbears,thunderbears,detroit,chargingryno,harrelson,Sam McDowell,harrelson,detroit,Detroit Supremes,https://www.whatifsports.com/forums/Posts.aspx?topicID=519851&page=1,posted draft chain; transfer date not recorded,published inaugural lottery order,https://www.whatifsports.com/forums/Posts.aspx?topicID=519849&page=1,known club trail segment,False,False,,,False,False,True,True
board-1964-7-1,1964,1,7,16,pittsburg,pittsburg,detroit,coldfoot,harrelson,Mike Cuellar,harrelson,detroit,DET from PIT,https://www.whatifsports.com/forums/Posts.aspx?topicID=521636&page=1,posted draft chain; transfer date not recorded,posted draft notation; original order not separately captured,https://www.whatifsports.com/forums/Posts.aspx?topicID=521636&page=1,known club trail segment,False,False,,,False,True,False,True
board-1964-8-1,1964,1,8,16,detroit,detroit,pittsburg,harrelson,coldfoot,Rico Carty,coldfoot,pittsburg,PIT from DET,https://www.whatifsports.com/forums/Posts.aspx?topicID=521636&page=1,posted draft chain; transfer date not recorded,posted draft notation; original order not separately captured,https://www.whatifsports.com/forums/Posts.aspx?topicID=521636&page=1,known club trail segment,False,False,,,False,True,False,True
board-1965-9-1,1965,1,9,16,boston,boston,st-louis,tycobb33,contrarian23,Tony Perez,contrarian23,st-louis,STL from BOS,https://www.whatifsports.com/forums/Posts.aspx?topicID=523090&page=1,posted draft chain; transfer date not recorded,posted draft notation; original order not separately captured,https://www.whatifsports.com/forums/Posts.aspx?topicID=523090&page=1,known club trail segment,False,False,,,False,True,False,True
board-1965-12-1,1965,1,12,16,montreal,montreal,cincinnati-la,dannino,fire13,Jim Merritt,fire13,cincinnati-la,CIN from LA,https://www.whatifsports.com/forums/Posts.aspx?topicID=523090&page=1,posted draft chain; transfer date not recorded,posted draft notation; original order not separately captured,https://www.whatifsports.com/forums/Posts.aspx?topicID=523090&page=1,known club trail segment,False,False,,,False,False,True,True
board-1965-15-1,1965,1,15,16,pittsburg,pittsburg,georgia-minnesota,coldfoot,h_incandenza,Bob Locker,h_incandenza,georgia-minnesota,SF from PIT,https://www.whatifsports.com/forums/Posts.aspx?topicID=523090&page=1,posted draft chain; transfer date not recorded,posted draft notation; original order not separately captured,https://www.whatifsports.com/forums/Posts.aspx?topicID=523090&page=1,known club trail segment,False,False,,,False,False,True,True
board-1966-4-1,1966,1,4,16,detroit,detroit,thunderbears,harrelson,chargingryno,Fritz Peterson,chargingryno,thunderbears,HOU from DET,https://www.whatifsports.com/forums/Posts.aspx?topicID=524392&page=1,posted draft chain; transfer date not recorded,posted draft notation; original order not separately captured,https://www.whatifsports.com/forums/Posts.aspx?topicID=524392&page=1,known club trail segment,False,False,,,True,True,False,False
board-1966-7-1,1966,1,7,16,thunderbears,thunderbears,st-louis,chargingryno,contrarian23,Roy White,contrarian23,st-louis,STL from HOU,https://www.whatifsports.com/forums/Posts.aspx?topicID=524392&page=1,posted draft chain; transfer date not recorded,posted draft notation; original order not separately captured,https://www.whatifsports.com/forums/Posts.aspx?topicID=524392&page=1,known club trail segment,False,False,,,False,True,False,True
board-1966-11-1,1966,1,11,16,boston,boston,st-louis,tycobb33,contrarian23,Pat Jarvis,contrarian23,st-louis,STL from BOS,https://www.whatifsports.com/forums/Posts.aspx?topicID=524392&page=1,posted draft chain; transfer date not recorded,posted draft notation; original order not separately captured,https://www.whatifsports.com/forums/Posts.aspx?topicID=524392&page=1,known club trail segment,False,False,,,False,False,False,True
board-1966-13-1,1966,1,13,16,st-louis,st-louis,thunderbears,contrarian23,chargingryno,Davey Johnson,chargingryno,thunderbears,HOU from STL,https://www.whatifsports.com/forums/Posts.aspx?topicID=524392&page=1,posted draft chain; transfer date not recorded,posted draft notation; original order not separately captured,https://www.whatifsports.com/forums/Posts.aspx?topicID=524392&page=1,known club trail segment,False,False,,,False,False,True,True
board-1966-15-1,1966,1,15,16,pittsburg,pittsburg,georgia-minnesota,coldfoot,h_incandenza,Eddie Watt,h_incandenza,georgia-minnesota,SF from PIT,https://www.whatifsports.com/forums/Posts.aspx?topicID=524392&page=1,posted draft chain; transfer date not recorded,posted draft notation; original order not separately captured,https://www.whatifsports.com/forums/Posts.aspx?topicID=524392&page=1,known club trail segment,False,False,,,False,False,True,True
board-1966-16-1,1966,1,16,16,montreal,montreal,thunderbears,dannino,chargingryno,Cesar Tovar,chargingryno,thunderbears,HOU from LA,https://www.whatifsports.com/forums/Posts.aspx?topicID=524392&page=1,posted draft chain; transfer date not recorded,posted draft notation; original order not separately captured,https://www.whatifsports.com/forums/Posts.aspx?topicID=524392&page=1,known club trail segment,False,False,,,False,False,True,True
board-1967-11-1,1967,1,11,16,kansas-city,kansas-city,thunderbears,husker75,chargingryno,Amos Otis,chargingryno,thunderbears,BKN from KC,https://www.whatifsports.com/forums/Posts.aspx?topicID=525717&page=1,posted draft chain; transfer date not recorded,posted draft notation; original order not separately captured,https://www.whatifsports.com/forums/Posts.aspx?topicID=525717&page=1,known club trail segment,False,False,,,False,False,False,True
board-1967-13-1,1967,1,13,16,thunderbears,thunderbears,pittsburg,chargingryno,coldfoot,Rick Monday,coldfoot,pittsburg,PIT from BKN,https://www.whatifsports.com/forums/Posts.aspx?topicID=525717&page=1,posted draft chain; transfer date not recorded,posted draft notation; original order not separately captured,https://www.whatifsports.com/forums/Posts.aspx?topicID=525717&page=1,known club trail segment,False,False,,,False,False,True,True
board-1968-6-1,1968,1,6,16,baltimore,baltimore,new-york-nationals,disco dogs,n4ser,Dock Ellis,n4ser,new-york-nationals,NYN from BAL,https://www.whatifsports.com/forums/Posts.aspx?topicID=526951&page=1,posted draft chain; transfer date not recorded,posted draft notation; original order not separately captured,https://www.whatifsports.com/forums/Posts.aspx?topicID=526951&page=1,known club trail segment,False,False,,,False,True,False,False
board-1968-9-1,1968,1,9,16,georgia-minnesota,georgia-minnesota,socal-newark,h_incandenza,crustydoc,Ron Reed,crustydoc,socal-newark,CAL from SF,https://www.whatifsports.com/forums/Posts.aspx?topicID=526951&page=1,posted draft chain; transfer date not recorded,posted draft notation; original order not separately captured,https://www.whatifsports.com/forums/Posts.aspx?topicID=526951&page=1,known club trail segment,False,False,,,False,True,False,True
board-1968-13-1,1968,1,13,16,pittsburg,pittsburg,new-york-eagles,coldfoot,just4me,Jim McAndrew,just4me,new-york-eagles,NYE from PIT,https://www.whatifsports.com/forums/Posts.aspx?topicID=526951&page=1,posted draft chain; transfer date not recorded,posted draft notation; original order not separately captured,https://www.whatifsports.com/forums/Posts.aspx?topicID=526951&page=1,known club trail segment,False,False,,,False,False,True,True
board-1968-15-1,1968,1,15,16,montreal,montreal,new-york-eagles,dannino,just4me,Roger Nelson,just4me,new-york-eagles,NYE from LA,https://www.whatifsports.com/forums/Posts.aspx?topicID=526951&page=1,posted draft chain; transfer date not recorded,posted draft notation; original order not separately captured,https://www.whatifsports.com/forums/Posts.aspx?topicID=526951&page=1,known club trail segment,False,False,,,False,False,True,True
board-1969-8-1,1969,1,8,20,quake,quake,oakland,epup1975,chrondon84,Dave Cash,chrondon84,oakland,SEA from SD,https://www.whatifsports.com/forums/Posts.aspx?topicID=528222&page=1,posted draft chain; transfer date not recorded,posted draft notation; original order not separately captured,https://www.whatifsports.com/forums/Posts.aspx?topicID=528222&page=1,known club trail segment,False,False,,,False,True,False,False
board-1969-10-1,1969,1,10,20,oakland,oakland,quake,chrondon84,epup1975,Richie Hebner,epup1975,quake,SD from SEA,https://www.whatifsports.com/forums/Posts.aspx?topicID=528222&page=1,posted draft chain; transfer date not recorded,posted draft notation; original order not separately captured,https://www.whatifsports.com/forums/Posts.aspx?topicID=528222&page=1,known club trail segment,False,False,,,False,True,False,False
board-1969-13-1,1969,1,13,20,socal-newark,socal-newark,thunderbears,crustydoc,chargingryno,Mike Torrez,chargingryno,thunderbears,BKN from CAL,https://www.whatifsports.com/forums/Posts.aspx?topicID=528222&page=1,posted draft chain; transfer date not recorded,posted draft notation; original order not separately captured,https://www.whatifsports.com/forums/Posts.aspx?topicID=528222&page=1,known club trail segment,False,False,,,False,False,False,True
board-1969-15-1,1969,1,15,20,cincinnati-la,cincinnati-la,thunderbears,fire13,chargingryno,Ken Tatum,chargingryno,thunderbears,BKN from CIN,https://www.whatifsports.com/forums/Posts.aspx?topicID=528222&page=1,posted draft chain; transfer date not recorded,posted draft notation; original order not separately captured,https://www.whatifsports.com/forums/Posts.aspx?topicID=528222&page=1,known club trail segment,False,False,,,False,False,False,True
board-1969-20-1,1969,1,20,20,montreal,montreal,socal-newark,dannino,crustydoc,Carl Morton,crustydoc,socal-newark,CAL from LA,https://www.whatifsports.com/forums/Posts.aspx?topicID=528222&page=1,posted draft chain; transfer date not recorded,posted draft notation; original order not separately captured,https://www.whatifsports.com/forums/Posts.aspx?topicID=528222&page=1,known club trail segment,False,False,,,False,False,True,True
board-1970-2-1,1970,1,2,20,cincinnati-la,cincinnati-la,texas,fire13,frazzman80,Ted Simmons,frazzman80,texas,WAS from CIN,https://www.whatifsports.com/forums/Posts.aspx?topicID=529618&page=1,posted draft chain; transfer date not recorded,posted draft notation; original order not separately captured,https://www.whatifsports.com/forums/Posts.aspx?topicID=529618&page=1,known club trail segment,False,False,,,True,True,False,False
board-1970-6-1,1970,1,6,20,texas,texas,cincinnati-la,frazzman80,fire13,Gene Tenace,fire13,cincinnati-la,CIN from WAS,https://www.whatifsports.com/forums/Posts.aspx?topicID=529618&page=1,posted draft chain; transfer date not recorded,posted draft notation; original order not separately captured,https://www.whatifsports.com/forums/Posts.aspx?topicID=529618&page=1,known club trail segment,False,False,,,False,True,False,False
board-1970-9-1,1970,1,9,20,thunderbears,thunderbears,milwaukee,chargingryno,dbrom,Cesar Cedeno,dbrom,milwaukee,LOM from BKN,https://www.whatifsports.com/forums/Posts.aspx?topicID=529618&page=1,posted draft chain; transfer date not recorded,posted draft notation; original order not separately captured,https://www.whatifsports.com/forums/Posts.aspx?topicID=529618&page=1,known club trail segment,False,False,,,False,True,False,False
board-1970-15-1,1970,1,15,20,socal-newark,socal-newark,new-york-eagles,crustydoc,just4me,Reggie Cleveland,chargingryno,thunderbears,"BKN from CAL, by NYE",https://www.whatifsports.com/forums/Posts.aspx?topicID=529618&page=1,posted draft chain; transfer date not recorded,posted draft notation; original order not separately captured,https://www.whatifsports.com/forums/Posts.aspx?topicID=529618&page=1,known club trail segment,False,False,,,False,False,False,True
board-1970-15-2,1970,1,15,20,socal-newark,new-york-eagles,thunderbears,just4me,chargingryno,Reggie Cleveland,chargingryno,thunderbears,"BKN from CAL, by NYE",https://www.whatifsports.com/forums/Posts.aspx?topicID=529618&page=1,posted draft chain; transfer date not recorded,posted draft notation; original order not separately captured,https://www.whatifsports.com/forums/Posts.aspx?topicID=529618&page=1,known club trail segment,False,False,,,False,False,False,True
board-1971-1-1,1971,1,1,20,detroit,detroit,pittsburg,harrelson,coldfoot,Darrell Evans,coldfoot,pittsburg,PIT from DET,https://www.whatifsports.com/forums/Posts.aspx?topicID=530794&page=1,posted draft chain; transfer date not recorded,published original draft order,https://www.whatifsports.com/forums/Posts.aspx?topicID=530794&page=1,known club trail segment,False,False,,,True,True,False,False
board-1971-5-1,1971,1,5,20,texas,texas,new-york-eagles,frazzman80,just4me,Chris Speier,just4me,new-york-eagles,New York Eagles,https://www.whatifsports.com/forums/Posts.aspx?topicID=530794&page=1,posted draft chain; transfer date not recorded,published original draft order,https://www.whatifsports.com/forums/Posts.aspx?topicID=530794&page=1,known club trail segment,False,False,,,True,True,False,False
board-1971-7-1,1971,1,7,20,pittsburg,pittsburg,detroit,coldfoot,harrelson,George Foster,harrelson,detroit,DET from PIT,https://www.whatifsports.com/forums/Posts.aspx?topicID=530794&page=1,posted draft chain; transfer date not recorded,published original draft order,https://www.whatifsports.com/forums/Posts.aspx?topicID=530794&page=1,known club trail segment,False,False,,,False,True,False,False
board-1971-8-1,1971,1,8,20,new-york-eagles,new-york-eagles,thunderbears,just4me,chargingryno,Paul Splittorff,chargingryno,thunderbears,BRK from NYE,https://www.whatifsports.com/forums/Posts.aspx?topicID=530794&page=1,posted draft chain; transfer date not recorded,published original draft order,https://www.whatifsports.com/forums/Posts.aspx?topicID=530794&page=1,known club trail segment,False,False,,,False,True,False,False
board-1971-9-1,1971,1,9,20,kansas-city,kansas-city,pittsburg,,coldfoot,Dusty Baker,coldfoot,pittsburg,PIT from KCM,https://www.whatifsports.com/forums/Posts.aspx?topicID=530794&page=1,posted draft chain; transfer date not recorded,published original draft order,https://www.whatifsports.com/forums/Posts.aspx?topicID=530794&page=1,known club trail segment,False,False,,,False,True,False,False
board-1971-11-1,1971,1,11,20,boston,boston,texas,eddiedzen,frazzman80,Jim Barr,frazzman80,texas,WAS from BOS,https://www.whatifsports.com/forums/Posts.aspx?topicID=530794&page=1,posted draft chain; transfer date not recorded,published original draft order,https://www.whatifsports.com/forums/Posts.aspx?topicID=530794&page=1,known club trail segment,False,False,,,False,False,False,True
board-1971-12-1,1971,1,12,20,socal-newark,socal-newark,georgia-minnesota,crustydoc,ooooohdoggie,Greg Luzinski,ooooohdoggie,georgia-minnesota,GB from SOC,https://www.whatifsports.com/forums/Posts.aspx?topicID=530794&page=1,posted draft chain; transfer date not recorded,published original draft order,https://www.whatifsports.com/forums/Posts.aspx?topicID=530794&page=1,known club trail segment,False,False,,,False,False,False,True
board-1971-19-1,1971,1,19,20,thunderbears,thunderbears,texas,chargingryno,frazzman80,Joe Ferguson,eddiedzen,boston,"BOS from BRK, by WAS",https://www.whatifsports.com/forums/Posts.aspx?topicID=530794&page=1,posted draft chain; transfer date not recorded,published original draft order,https://www.whatifsports.com/forums/Posts.aspx?topicID=530794&page=1,known club trail segment,False,False,,,False,False,True,True
board-1971-19-2,1971,1,19,20,thunderbears,texas,boston,frazzman80,eddiedzen,Joe Ferguson,eddiedzen,boston,"BOS from BRK, by WAS",https://www.whatifsports.com/forums/Posts.aspx?topicID=530794&page=1,posted draft chain; transfer date not recorded,published original draft order,https://www.whatifsports.com/forums/Posts.aspx?topicID=530794&page=1,known club trail segment,False,False,,,False,False,True,True
board-1972-3-1,1972,1,3,20,new-york-eagles,new-york-eagles,thunderbears,just4me,chargingryno,Carlton Fisk,dodgerdon,baltimore,"BAL from NYE, VIA CHI",https://www.whatifsports.com/forums/Posts.aspx?topicID=531964&page=1,posted draft chain; transfer date not recorded,published original draft order,https://www.whatifsports.com/forums/Posts.aspx?topicID=531964&page=1,known club trail segment,False,False,,,True,True,False,False
board-1972-3-2,1972,1,3,20,new-york-eagles,thunderbears,baltimore,chargingryno,dodgerdon,Carlton Fisk,dodgerdon,baltimore,"BAL from NYE, VIA CHI",https://www.whatifsports.com/forums/Posts.aspx?topicID=531964&page=1,posted draft chain; transfer date not recorded,published original draft order,https://www.whatifsports.com/forums/Posts.aspx?topicID=531964&page=1,known club trail segment,False,False,,,True,True,False,False
board-1972-4-1,1972,1,4,20,cincinnati-la,cincinnati-la,thunderbears,fire13,chargingryno,Rick Reuschel,ooooohdoggie,georgia-minnesota,"GB from CIN, VIA NNY, CHI",https://www.whatifsports.com/forums/Posts.aspx?topicID=531964&page=1,reviewed board notation and dated confirmed contracts establish known club trail; intermediate transaction dates are not all established,published original draft order,https://www.whatifsports.com/forums/Posts.aspx?topicID=531964&page=1,known club trail segment,False,False,"Original #4 belongs to CIN. The final board lists CHI and NNY as intermediates. On March 13, 2022, Brooklyn/Chicago sends the CIN first to Cleveland/Trentonjoe (confirmed post 12252247). On March 16 Georgia sends its 1972 and 1973 firsts to Trentonjoe for his held 1972 first (12253571); the final #4 selecting club is Georgia. These sources establish CIN→CHI→NYT→Georgia, reversing the comma-separated intermediate list as required by those dated receipts. The original CIN→CHI transaction date itself has not been established here.",12252247|12253571,True,True,False,False
board-1972-4-2,1972,1,4,20,cincinnati-la,thunderbears,new-york-times,chargingryno,,Rick Reuschel,ooooohdoggie,georgia-minnesota,"GB from CIN, VIA NNY, CHI",https://www.whatifsports.com/forums/Posts.aspx?topicID=531964&page=1,reviewed board notation and dated confirmed contracts establish known club trail; intermediate transaction dates are not all established,published original draft order,https://www.whatifsports.com/forums/Posts.aspx?topicID=531964&page=1,known club trail segment,False,False,"Original #4 belongs to CIN. The final board lists CHI and NNY as intermediates. On March 13, 2022, Brooklyn/Chicago sends the CIN first to Cleveland/Trentonjoe (confirmed post 12252247). On March 16 Georgia sends its 1972 and 1973 firsts to Trentonjoe for his held 1972 first (12253571); the final #4 selecting club is Georgia. These sources establish CIN→CHI→NYT→Georgia, reversing the comma-separated intermediate list as required by those dated receipts. The original CIN→CHI transaction date itself has not been established here.",12252247|12253571,True,True,False,False
board-1972-4-3,1972,1,4,20,cincinnati-la,new-york-times,georgia-minnesota,,ooooohdoggie,Rick Reuschel,ooooohdoggie,georgia-minnesota,"GB from CIN, VIA NNY, CHI",https://www.whatifsports.com/forums/Posts.aspx?topicID=531964&page=1,reviewed board notation and dated confirmed contracts establish known club trail; intermediate transaction dates are not all established,published original draft order,https://www.whatifsports.com/forums/Posts.aspx?topicID=531964&page=1,known club trail segment,False,False,"Original #4 belongs to CIN. The final board lists CHI and NNY as intermediates. On March 13, 2022, Brooklyn/Chicago sends the CIN first to Cleveland/Trentonjoe (confirmed post 12252247). On March 16 Georgia sends its 1972 and 1973 firsts to Trentonjoe for his held 1972 first (12253571); the final #4 selecting club is Georgia. These sources establish CIN→CHI→NYT→Georgia, reversing the comma-separated intermediate list as required by those dated receipts. The original CIN→CHI transaction date itself has not been established here.",12252247|12253571,True,True,False,False
board-1972-12-1,1972,1,12,20,baltimore,baltimore,thunderbears,dodgerdon,chargingryno,Don Baylor,chargingryno,thunderbears,CHI FROM BAL,https://www.whatifsports.com/forums/Posts.aspx?topicID=531964&page=1,posted draft chain; transfer date not recorded,published original draft order,https://www.whatifsports.com/forums/Posts.aspx?topicID=531964&page=1,known club trail segment,False,False,,,False,False,False,True
board-1972-18-1,1972,1,18,20,montreal,montreal,pittsburg,jmarino2,coldfoot,Steve Yeager,coldfoot,pittsburg,PIT from SF,https://www.whatifsports.com/forums/Posts.aspx?topicID=531964&page=1,posted draft chain; transfer date not recorded,published original draft order,https://www.whatifsports.com/forums/Posts.aspx?topicID=531964&page=1,known club trail segment,False,False,,,False,False,True,True
board-1972-19-1,1972,1,19,20,georgia-minnesota,georgia-minnesota,new-york-times,ooooohdoggie,,Doug Rau,crustydoc,socal-newark,"SOC from GB, VIA NNY",https://www.whatifsports.com/forums/Posts.aspx?topicID=531964&page=1,reviewed board notation and dated confirmed contracts establish known club trail; intermediate transaction dates are not all established,published original draft order,https://www.whatifsports.com/forums/Posts.aspx?topicID=531964&page=1,known club trail segment,False,False,"Georgia's 1972 first (#19 in the published original order) goes to Trentonjoe in confirmed post 12253571 on March 16, 2022. New York/Trentonjoe then sends the #19 and #25 selections to SoCal for Bob Boone in confirmed post 12255387 on March 19. The final board SOC from GB, VIA NNY refers to Georgia→NYT→SoCal; NNY is the dated Trentonjoe NYT club.",12253571|12255387,False,False,True,True
board-1972-19-2,1972,1,19,20,georgia-minnesota,new-york-times,socal-newark,,crustydoc,Doug Rau,crustydoc,socal-newark,"SOC from GB, VIA NNY",https://www.whatifsports.com/forums/Posts.aspx?topicID=531964&page=1,reviewed board notation and dated confirmed contracts establish known club trail; intermediate transaction dates are not all established,published original draft order,https://www.whatifsports.com/forums/Posts.aspx?topicID=531964&page=1,known club trail segment,False,False,"Georgia's 1972 first (#19 in the published original order) goes to Trentonjoe in confirmed post 12253571 on March 16, 2022. New York/Trentonjoe then sends the #19 and #25 selections to SoCal for Bob Boone in confirmed post 12255387 on March 19. The final board SOC from GB, VIA NNY refers to Georgia→NYT→SoCal; NNY is the dated Trentonjoe NYT club.",12253571|12255387,False,False,True,True
board-1973-3-1,1973,1,3,20,cincinnati-la,cincinnati-la,texas,fire13,frazzman80,Frank Tanana,frazzman80,texas,TEX from CIN,https://www.whatifsports.com/forums/Posts.aspx?topicID=533118&page=1,posted draft chain; transfer date not recorded,published original draft order,https://www.whatifsports.com/forums/Posts.aspx?topicID=533118&page=1,known club trail segment,False,False,,,True,True,False,False
board-1973-4-1,1973,1,4,20,texas,texas,cincinnati-la,frazzman80,fire13,JR Richard,fire13,cincinnati-la,CIN from TEX,https://www.whatifsports.com/forums/Posts.aspx?topicID=533118&page=1,posted draft chain; transfer date not recorded,published original draft order,https://www.whatifsports.com/forums/Posts.aspx?topicID=533118&page=1,known club trail segment,False,False,,,True,True,False,False
board-1973-6-1,1973,1,6,20,socal-newark,socal-newark,new-york-eagles,crustydoc,just4me,Randy Jones,just4me,new-york-eagles,NYE from SOC,https://www.whatifsports.com/forums/Posts.aspx?topicID=533118&page=1,posted draft chain; transfer date not recorded,published original draft order,https://www.whatifsports.com/forums/Posts.aspx?topicID=533118&page=1,known club trail segment,False,False,,,False,True,False,False
board-1973-15-1,1973,1,15,20,montreal,montreal,thunderbears,jmarino2,chargingryno,Gorman Thomas,chargingryno,thunderbears,CHC from SF,https://www.whatifsports.com/forums/Posts.aspx?topicID=533118&page=1,posted draft chain; transfer date not recorded,published original draft order,https://www.whatifsports.com/forums/Posts.aspx?topicID=533118&page=1,known club trail segment,False,False,,,False,False,False,True
board-1973-18-1,1973,1,18,20,baltimore,baltimore,thunderbears,dodgerdon,chargingryno,Cecil Cooper,trentonjoe,new-york-times,"NYT from BAL, via CHC",https://www.whatifsports.com/forums/Posts.aspx?topicID=533118&page=1,posted draft chain; transfer date not recorded,published original draft order,https://www.whatifsports.com/forums/Posts.aspx?topicID=533118&page=1,known club trail segment,False,False,,,False,False,True,True
board-1973-18-2,1973,1,18,20,baltimore,thunderbears,new-york-times,chargingryno,trentonjoe,Cecil Cooper,trentonjoe,new-york-times,"NYT from BAL, via CHC",https://www.whatifsports.com/forums/Posts.aspx?topicID=533118&page=1,posted draft chain; transfer date not recorded,published original draft order,https://www.whatifsports.com/forums/Posts.aspx?topicID=533118&page=1,known club trail segment,False,False,,,False,False,True,True
board-1973-19-1,1973,1,19,20,quake,quake,pittsburg,epup1975,coldfoot,Brian Downing,coldfoot,pittsburg,PIT from SD,https://www.whatifsports.com/forums/Posts.aspx?topicID=533118&page=1,posted draft chain; transfer date not recorded,published original draft order,https://www.whatifsports.com/forums/Posts.aspx?topicID=533118&page=1,known club trail segment,False,False,,,False,False,True,True
board-1973-20-1,1973,1,20,20,georgia-minnesota,georgia-minnesota,new-york-times,ooooohdoggie,trentonjoe,Doug Bird,eddiedzen,boston,"BOS from GB, via NYT",https://www.whatifsports.com/forums/Posts.aspx?topicID=533118&page=1,posted draft chain; transfer date not recorded,published original draft order,https://www.whatifsports.com/forums/Posts.aspx?topicID=533118&page=1,known club trail segment,False,False,,,False,False,True,True
board-1973-20-2,1973,1,20,20,georgia-minnesota,new-york-times,boston,trentonjoe,eddiedzen,Doug Bird,eddiedzen,boston,"BOS from GB, via NYT",https://www.whatifsports.com/forums/Posts.aspx?topicID=533118&page=1,posted draft chain; transfer date not recorded,published original draft order,https://www.whatifsports.com/forums/Posts.aspx?topicID=533118&page=1,known club trail segment,False,False,,,False,False,True,True
board-1974-4-1,1974,1,4,20,philly,philly,new-york-times,cpdpoet,trentonjoe,Bob Forsch,trentonjoe,new-york-times,NYT via PHI,https://www.whatifsports.com/forums/Posts.aspx?topicID=534256&page=1,posted draft chain; transfer date not recorded,published original draft order,https://www.whatifsports.com/forums/Posts.aspx?topicID=534256&page=1,known club trail segment,False,False,,,True,True,False,False
board-1974-9-1,1974,1,9,20,montreal,montreal,detroit,jmarino2,harrelson,John Montefusco,harrelson,detroit,DET via SF,https://www.whatifsports.com/forums/Posts.aspx?topicID=534256&page=1,posted draft chain; transfer date not recorded,published original draft order,https://www.whatifsports.com/forums/Posts.aspx?topicID=534256&page=1,known club trail segment,False,False,,,False,True,False,False
board-1974-11-1,1974,1,11,20,new-york-eagles,new-york-eagles,socal-newark,just4me,crustydoc,Geoff Zahn,crustydoc,socal-newark,SOC via NYE,https://www.whatifsports.com/forums/Posts.aspx?topicID=534256&page=1,posted draft chain; transfer date not recorded,published original draft order,https://www.whatifsports.com/forums/Posts.aspx?topicID=534256&page=1,known club trail segment,False,False,,,False,False,False,True
board-1974-14-1,1974,1,14,20,thunderbears,thunderbears,philly,chargingryno,cpdpoet,Craig Swan,cpdpoet,philly,PHI via CHI,https://www.whatifsports.com/forums/Posts.aspx?topicID=534256&page=1,posted draft chain; transfer date not recorded,published original draft order,https://www.whatifsports.com/forums/Posts.aspx?topicID=534256&page=1,known club trail segment,False,False,,,False,False,False,True
board-1974-15-1,1974,1,15,20,pittsburg,pittsburg,new-york-nationals,coldfoot,n4ser,Enos Cabell,n4ser,new-york-nationals,NYN via PIT,https://www.whatifsports.com/forums/Posts.aspx?topicID=534256&page=1,posted draft chain; transfer date not recorded,published original draft order,https://www.whatifsports.com/forums/Posts.aspx?topicID=534256&page=1,known club trail segment,False,False,,,False,False,False,True
board-1975-12-1,1975,1,12,20,montreal,montreal,pittsburg,,coldfoot,Manny Trillo,trentonjoe,new-york-times,NYT from PIT via MON,https://www.whatifsports.com/forums/Posts.aspx?topicID=535392&page=1,published original order anchors clubs stated in from/via chain; transfer date not recorded,published original draft order,https://www.whatifsports.com/forums/Posts.aspx?topicID=535392&page=1,known club trail segment,False,False,,,False,False,False,True
board-1975-12-2,1975,1,12,20,montreal,pittsburg,new-york-times,coldfoot,trentonjoe,Manny Trillo,trentonjoe,new-york-times,NYT from PIT via MON,https://www.whatifsports.com/forums/Posts.aspx?topicID=535392&page=1,published original order anchors clubs stated in from/via chain; transfer date not recorded,published original draft order,https://www.whatifsports.com/forums/Posts.aspx?topicID=535392&page=1,known club trail segment,False,False,,,False,False,False,True
board-1975-15-1,1975,1,15,20,philly,philly,thunderbears,cpdpoet,chargingryno,John Denny,ooooohdoggie,georgia-minnesota,GB from PHI via CHI,https://www.whatifsports.com/forums/Posts.aspx?topicID=535392&page=1,posted draft chain; transfer date not recorded,published original draft order,https://www.whatifsports.com/forums/Posts.aspx?topicID=535392&page=1,known club trail segment,False,False,,,False,False,False,True
board-1975-15-2,1975,1,15,20,philly,thunderbears,georgia-minnesota,chargingryno,ooooohdoggie,John Denny,ooooohdoggie,georgia-minnesota,GB from PHI via CHI,https://www.whatifsports.com/forums/Posts.aspx?topicID=535392&page=1,posted draft chain; transfer date not recorded,published original draft order,https://www.whatifsports.com/forums/Posts.aspx?topicID=535392&page=1,known club trail segment,False,False,,,False,False,False,True
board-1975-18-1,1975,1,18,20,new-york-nationals,new-york-nationals,thunderbears,n4ser,chargingryno,Jim Kern,chargingryno,thunderbears,CHI via NYN,https://www.whatifsports.com/forums/Posts.aspx?topicID=535392&page=1,posted draft chain; transfer date not recorded,published original draft order,https://www.whatifsports.com/forums/Posts.aspx?topicID=535392&page=1,known club trail segment,False,False,,,False,False,True,True
board-1975-19-1,1975,1,19,20,quake,quake,pittsburg,epup1975,coldfoot,Dan Ford,dodgerdon,baltimore,BAL from PIT via SD,https://www.whatifsports.com/forums/Posts.aspx?topicID=535392&page=1,published original order anchors clubs stated in from/via chain; transfer date not recorded,published original draft order,https://www.whatifsports.com/forums/Posts.aspx?topicID=535392&page=1,known club trail segment,False,False,,,False,False,True,True
board-1975-19-2,1975,1,19,20,quake,pittsburg,baltimore,coldfoot,dodgerdon,Dan Ford,dodgerdon,baltimore,BAL from PIT via SD,https://www.whatifsports.com/forums/Posts.aspx?topicID=535392&page=1,published original order anchors clubs stated in from/via chain; transfer date not recorded,published original draft order,https://www.whatifsports.com/forums/Posts.aspx?topicID=535392&page=1,known club trail segment,False,False,,,False,False,True,True
board-1975-20-1,1975,1,20,20,georgia-minnesota,georgia-minnesota,thunderbears,ooooohdoggie,chargingryno,Lyman Bostock,chargingryno,thunderbears,CHI via GB,https://www.whatifsports.com/forums/Posts.aspx?topicID=535392&page=1,posted draft chain; transfer date not recorded,published original draft order,https://www.whatifsports.com/forums/Posts.aspx?topicID=535392&page=1,known club trail segment,False,False,,,False,False,True,True
board-1976-6-1,1976,1,6,20,thunderbears,thunderbears,new-york-eagles,chargingryno,just4me,Mike Flanagan,dodgerdon,baltimore,BAL from CHI via NYE,https://www.whatifsports.com/forums/Posts.aspx?topicID=536409&page=1,posted draft chain; transfer date not recorded,published original draft order,https://www.whatifsports.com/forums/Posts.aspx?topicID=536409&page=1,known club trail segment,False,False,,,False,True,False,False
board-1976-6-2,1976,1,6,20,thunderbears,new-york-eagles,baltimore,just4me,dodgerdon,Mike Flanagan,dodgerdon,baltimore,BAL from CHI via NYE,https://www.whatifsports.com/forums/Posts.aspx?topicID=536409&page=1,posted draft chain; transfer date not recorded,published original draft order,https://www.whatifsports.com/forums/Posts.aspx?topicID=536409&page=1,known club trail segment,False,False,,,False,True,False,False
board-1976-8-1,1976,1,8,20,milwaukee,milwaukee,pittsburg,dbrom,coldfoot,Chet Lemon,coldfoot,pittsburg,PIT from MIL,https://www.whatifsports.com/forums/Posts.aspx?topicID=536409&page=1,posted draft chain; transfer date not recorded,published original draft order,https://www.whatifsports.com/forums/Posts.aspx?topicID=536409&page=1,known club trail segment,False,False,,,False,True,False,False
board-1976-10-1,1976,1,10,20,new-york-times,new-york-times,pittsburg,trentonjoe,coldfoot,Joe Sambito,dbrom,milwaukee,MIL from NYT via PIT,https://www.whatifsports.com/forums/Posts.aspx?topicID=536409&page=1,posted draft chain; transfer date not recorded,published original draft order,https://www.whatifsports.com/forums/Posts.aspx?topicID=536409&page=1,known club trail segment,False,False,,,False,True,False,False
board-1976-10-2,1976,1,10,20,new-york-times,pittsburg,milwaukee,coldfoot,dbrom,Joe Sambito,dbrom,milwaukee,MIL from NYT via PIT,https://www.whatifsports.com/forums/Posts.aspx?topicID=536409&page=1,posted draft chain; transfer date not recorded,published original draft order,https://www.whatifsports.com/forums/Posts.aspx?topicID=536409&page=1,known club trail segment,False,False,,,False,True,False,False
board-1976-12-1,1976,1,12,20,texas,texas,pittsburg,frazzman80,coldfoot,Mark Fidrych,coldfoot,pittsburg,PIT from TEX,https://www.whatifsports.com/forums/Posts.aspx?topicID=536409&page=1,posted draft chain; transfer date not recorded,published original draft order,https://www.whatifsports.com/forums/Posts.aspx?topicID=536409&page=1,known club trail segment,False,False,,,False,False,False,True
board-1976-13-1,1976,1,13,20,houston,houston,pittsburg,txelvis,coldfoot,Pete Vuckovich,harrelson,detroit,DET from HOU via PIT&CHI,https://www.whatifsports.com/forums/Posts.aspx?topicID=536409&page=1,posted draft chain; transfer date not recorded,published original draft order,https://www.whatifsports.com/forums/Posts.aspx?topicID=536409&page=1,known club trail segment,False,True,"The final 1976 board lists DET from HOU via PIT&CHI. Confirmed post 12419978 instead records Pittsburgh sending its held 1976 first (#13) directly to Detroit for Dale Murphy and Dave LaRoche, plus Sparky Lyle going to Detroit. Preserve that dated PIT→DET contract in the rights ledger and retain the final board's listed clubs separately. Neither a repeated transfer nor a precise order of every intermediate club is established by this combination.",12419978,False,False,False,True
board-1976-13-2,1976,1,13,20,houston,pittsburg,thunderbears,coldfoot,chargingryno,Pete Vuckovich,harrelson,detroit,DET from HOU via PIT&CHI,https://www.whatifsports.com/forums/Posts.aspx?topicID=536409&page=1,posted draft chain; transfer date not recorded,published original draft order,https://www.whatifsports.com/forums/Posts.aspx?topicID=536409&page=1,known club trail segment,False,True,"The final 1976 board lists DET from HOU via PIT&CHI. Confirmed post 12419978 instead records Pittsburgh sending its held 1976 first (#13) directly to Detroit for Dale Murphy and Dave LaRoche, plus Sparky Lyle going to Detroit. Preserve that dated PIT→DET contract in the rights ledger and retain the final board's listed clubs separately. Neither a repeated transfer nor a precise order of every intermediate club is established by this combination.",12419978,False,False,False,True
board-1976-13-3,1976,1,13,20,houston,thunderbears,detroit,chargingryno,harrelson,Pete Vuckovich,harrelson,detroit,DET from HOU via PIT&CHI,https://www.whatifsports.com/forums/Posts.aspx?topicID=536409&page=1,posted draft chain; transfer date not recorded,published original draft order,https://www.whatifsports.com/forums/Posts.aspx?topicID=536409&page=1,known club trail segment,False,True,"The final 1976 board lists DET from HOU via PIT&CHI. Confirmed post 12419978 instead records Pittsburgh sending its held 1976 first (#13) directly to Detroit for Dale Murphy and Dave LaRoche, plus Sparky Lyle going to Detroit. Preserve that dated PIT→DET contract in the rights ledger and retain the final board's listed clubs separately. Neither a repeated transfer nor a precise order of every intermediate club is established by this combination.",12419978,False,False,False,True
board-1977-3-1,1977,1,3,28,new-york-eagles,new-york-eagles,thunderbears,just4me,chargingryno,Jack Morris,chargingryno,thunderbears,CHI via NYE,https://www.whatifsports.com/forums/Posts.aspx?topicID=537508&page=1,posted draft chain; transfer date not recorded,published original draft order,https://www.whatifsports.com/forums/Posts.aspx?topicID=537508&page=1,known club trail segment,False,False,,,True,True,False,False
board-1977-6-1,1977,1,6,28,milwaukee,milwaukee,new-york-times,dbrom,trentonjoe,Rick Langford,trentonjoe,new-york-times,NYT via MIL,https://www.whatifsports.com/forums/Posts.aspx?topicID=537508&page=1,posted draft chain; transfer date not recorded,published original draft order,https://www.whatifsports.com/forums/Posts.aspx?topicID=537508&page=1,known club trail segment,False,False,,,False,True,False,False
board-1977-7-1,1977,1,7,28,cornhuskers,cornhuskers,pittsburg,wgasa,coldfoot,Floyd Bannister,coldfoot,pittsburg,PIT via CHC,https://www.whatifsports.com/forums/Posts.aspx?topicID=537508&page=1,posted draft chain; transfer date not recorded,published original draft order,https://www.whatifsports.com/forums/Posts.aspx?topicID=537508&page=1,known club trail segment,False,False,,,False,True,False,False
board-1977-12-1,1977,1,12,28,new-york-times,new-york-times,pittsburg,trentonjoe,coldfoot,Lary Sorensen,wgasa,cornhuskers,CHC via NYT from PIT,https://www.whatifsports.com/forums/Posts.aspx?topicID=537508&page=1,published original order anchors clubs stated in from/via chain; transfer date not recorded,published original draft order,https://www.whatifsports.com/forums/Posts.aspx?topicID=537508&page=1,known club trail segment,False,False,,,False,False,False,False
board-1977-12-2,1977,1,12,28,new-york-times,pittsburg,cornhuskers,coldfoot,wgasa,Lary Sorensen,wgasa,cornhuskers,CHC via NYT from PIT,https://www.whatifsports.com/forums/Posts.aspx?topicID=537508&page=1,published original order anchors clubs stated in from/via chain; transfer date not recorded,published original draft order,https://www.whatifsports.com/forums/Posts.aspx?topicID=537508&page=1,known club trail segment,False,False,,,False,False,False,False
board-1977-14-1,1977,1,14,28,kansas-city,kansas-city,new-york-eagles,fire13,just4me,Dave Rozema,just4me,new-york-eagles,NYE via KCM,https://www.whatifsports.com/forums/Posts.aspx?topicID=537508&page=1,posted draft chain; transfer date not recorded,published original draft order,https://www.whatifsports.com/forums/Posts.aspx?topicID=537508&page=1,known club trail segment,False,False,,,False,False,False,False
board-1977-15-1,1977,1,15,28,philly,philly,baltimore,cpdpoet,dodgerdon,Steve Kemp,chargingryno,georgia-minnesota,GB via PHI from BAL,https://www.whatifsports.com/forums/Posts.aspx?topicID=537508&page=1,published original order anchors clubs stated in from/via chain; transfer date not recorded,published original draft order,https://www.whatifsports.com/forums/Posts.aspx?topicID=537508&page=1,known club trail segment,False,False,,,False,False,False,False
board-1977-15-2,1977,1,15,28,philly,baltimore,georgia-minnesota,dodgerdon,chargingryno,Steve Kemp,chargingryno,georgia-minnesota,GB via PHI from BAL,https://www.whatifsports.com/forums/Posts.aspx?topicID=537508&page=1,published original order anchors clubs stated in from/via chain; transfer date not recorded,published original draft order,https://www.whatifsports.com/forums/Posts.aspx?topicID=537508&page=1,known club trail segment,False,False,,,False,False,False,False
board-1977-16-1,1977,1,16,28,pittsburg,pittsburg,texas,coldfoot,frazzman80,Rick Honeycutt,frazzman80,texas,TEX via PIT,https://www.whatifsports.com/forums/Posts.aspx?topicID=537508&page=1,posted draft chain; transfer date not recorded,published original draft order,https://www.whatifsports.com/forums/Posts.aspx?topicID=537508&page=1,known club trail segment,False,False,,,False,False,False,False
board-1977-21-1,1977,1,21,28,quake,quake,new-york-eagles,epup1975,just4me,Willie Hernandez,just4me,new-york-eagles,NYE via SF,https://www.whatifsports.com/forums/Posts.aspx?topicID=537508&page=1,posted draft chain; transfer date not recorded,published original draft order,https://www.whatifsports.com/forums/Posts.aspx?topicID=537508&page=1,known club trail segment,False,False,,,False,False,False,True
board-1978-1-1,1978,1,1,24,boston,boston,seattle,eddiedzen,pi_kapp,Ozzie Smith,pi_kapp,seattle,SEA via BOS,https://www.whatifsports.com/forums/Posts.aspx?topicID=538607&page=1,posted draft chain; transfer date not recorded,published original draft order,https://www.whatifsports.com/forums/Posts.aspx?topicID=538607&page=1,known club trail segment,False,False,,,True,True,False,False
board-1978-5-1,1978,1,5,24,seattle,seattle,boston,pi_kapp,eddiedzen,Bob Welch,eddiedzen,boston,BOS via SEA,https://www.whatifsports.com/forums/Posts.aspx?topicID=538607&page=1,posted draft chain; transfer date not recorded,published original draft order,https://www.whatifsports.com/forums/Posts.aspx?topicID=538607&page=1,known club trail segment,False,False,,,True,True,False,False
board-1978-8-1,1978,1,8,24,baltimore,baltimore,georgia-minnesota,dodgerdon,chargingryno,Lance Parrish,chargingryno,georgia-minnesota,GAD via BAL,https://www.whatifsports.com/forums/Posts.aspx?topicID=538607&page=1,posted draft chain; transfer date not recorded,published original draft order,https://www.whatifsports.com/forums/Posts.aspx?topicID=538607&page=1,known club trail segment,False,False,,,False,True,False,False
board-1978-13-1,1978,1,13,24,philly,philly,georgia-minnesota,cpdpoet,chargingryno,Ken Oberkfell,chargingryno,georgia-minnesota,GAD via PHI,https://www.whatifsports.com/forums/Posts.aspx?topicID=538607&page=1,posted draft chain; transfer date not recorded,published original draft order,https://www.whatifsports.com/forums/Posts.aspx?topicID=538607&page=1,known club trail segment,False,False,,,False,False,False,False
board-1978-15-1,1978,1,15,24,new-york-eagles,new-york-eagles,thunderbears,just4me,chargingryno,Don Robinson,chargingryno,thunderbears,CHI via NYE,https://www.whatifsports.com/forums/Posts.aspx?topicID=538607&page=1,posted draft chain; transfer date not recorded,published original draft order,https://www.whatifsports.com/forums/Posts.aspx?topicID=538607&page=1,known club trail segment,False,False,,,False,False,False,True
board-1978-17-1,1978,1,17,24,thunderbears,thunderbears,texas,chargingryno,frazzman80,Glenn Hubbard,frazzman80,texas,TEX via CHI,https://www.whatifsports.com/forums/Posts.aspx?topicID=538607&page=1,posted draft chain; transfer date not recorded,published original draft order,https://www.whatifsports.com/forums/Posts.aspx?topicID=538607&page=1,known club trail segment,False,False,,,False,False,False,True
board-1978-20-1,1978,1,20,24,texas,texas,thunderbears,frazzman80,chargingryno,Willie Upshaw,chargingryno,thunderbears,CHI via TEX,https://www.whatifsports.com/forums/Posts.aspx?topicID=538607&page=1,posted draft chain; transfer date not recorded,published original draft order,https://www.whatifsports.com/forums/Posts.aspx?topicID=538607&page=1,known club trail segment,False,False,,,False,False,True,True
board-1978-21-1,1978,1,21,24,detroit,detroit,socal-newark,harrelson,crustydoc,Shane Rawley,crustydoc,socal-newark,SOC via DET,https://www.whatifsports.com/forums/Posts.aspx?topicID=538607&page=1,posted draft chain; transfer date not recorded,published original draft order,https://www.whatifsports.com/forums/Posts.aspx?topicID=538607&page=1,known club trail segment,False,False,,,False,False,True,True
board-1979-6-1,1979,1,6,24,pittsburg,pittsburg,socal-newark,coldfoot,crustydoc,Dan Petry,crustydoc,socal-newark,SOC via PIT,https://www.whatifsports.com/forums/Posts.aspx?topicID=540000&page=1,posted draft chain; transfer date not recorded,published original draft order,https://www.whatifsports.com/forums/Posts.aspx?topicID=540000&page=1,known club trail segment,False,False,,,False,True,False,False
board-1979-18-1,1979,1,18,24,quake,quake,st-louis,epup1975,kermit,Mike Morgan,kermit,st-louis,STL via SF,https://www.whatifsports.com/forums/Posts.aspx?topicID=540000&page=1,posted draft chain; transfer date not recorded,published original draft order,https://www.whatifsports.com/forums/Posts.aspx?topicID=540000&page=1,known club trail segment,False,False,,,False,False,False,True
board-1979-19-1,1979,1,19,24,thunderbears,thunderbears,new-york-times,chargingryno,trentonjoe,Alfredo Griffin,trentonjoe,new-york-times,MON via CHI,https://www.whatifsports.com/forums/Posts.aspx?topicID=540000&page=1,posted draft chain; transfer date not recorded,published original draft order,https://www.whatifsports.com/forums/Posts.aspx?topicID=540000&page=1,known club trail segment,False,False,,,False,False,False,True
board-1979-21-1,1979,1,21,24,montreal,montreal,thunderbears,,chargingryno,Greg Minton,chargingryno,thunderbears,CHI via MON,https://www.whatifsports.com/forums/Posts.aspx?topicID=540000&page=1,posted draft chain; transfer date not recorded,published original draft order,https://www.whatifsports.com/forums/Posts.aspx?topicID=540000&page=1,known club trail segment,False,False,,,False,False,True,True
board-1980-9-1,1980,1,9,24,quake,quake,seattle,epup1975,pi_kapp,Bruce Hurst,pi_kapp,seattle,SEA via SF,https://www.whatifsports.com/forums/Posts.aspx?topicID=541152&page=1,posted draft chain; transfer date not recorded,published original draft order,https://www.whatifsports.com/forums/Posts.aspx?topicID=541152&page=1,known club trail segment,False,False,,,False,True,False,False
board-1980-10-1,1980,1,10,24,thunderbears,thunderbears,pittsburg,chargingryno,coldfoot,Kirk Gibson,coldfoot,pittsburg,PIT via CHI,https://www.whatifsports.com/forums/Posts.aspx?topicID=541152&page=1,posted draft chain; transfer date not recorded,published original draft order,https://www.whatifsports.com/forums/Posts.aspx?topicID=541152&page=1,known club trail segment,False,False,,,False,True,False,False
board-1980-15-1,1980,1,15,24,new-york-times,new-york-times,pittsburg,trentonjoe,coldfoot,Lonnie Smith,coldfoot,pittsburg,PIT via NYT,https://www.whatifsports.com/forums/Posts.aspx?topicID=541152&page=1,posted draft chain; transfer date not recorded,published original draft order,https://www.whatifsports.com/forums/Posts.aspx?topicID=541152&page=1,known club trail segment,False,False,,,False,False,False,True
board-1980-22-1,1980,1,22,24,philly,philly,pittsburg,cpdpoet,coldfoot,Charlie Lea,coldfoot,pittsburg,PIT via PHI,https://www.whatifsports.com/forums/Posts.aspx?topicID=541152&page=1,posted draft chain; transfer date not recorded,published original draft order,https://www.whatifsports.com/forums/Posts.aspx?topicID=541152&page=1,known club trail segment,False,False,,,False,False,True,True
board-1981-2-1,1981,1,2,24,boston,boston,pittsburg,eddiedzen,coldfoot,Fernando Valenzuela,coldfoot,pittsburg,PIT via BOS,https://www.whatifsports.com/forums/Posts.aspx?topicID=542258&page=1,posted draft chain; transfer date not recorded,published original draft order,https://www.whatifsports.com/forums/Posts.aspx?topicID=542258&page=1,known club trail segment,False,False,,,True,True,False,False
board-1981-9-1,1981,1,9,24,cincinnati-la,cincinnati-la,montreal,,cpdpoet,Jesse Barfield,cpdpoet,montreal,MON via CIN,https://www.whatifsports.com/forums/Posts.aspx?topicID=542258&page=1,posted draft chain; transfer date not recorded,published original draft order,https://www.whatifsports.com/forums/Posts.aspx?topicID=542258&page=1,known club trail segment,False,False,,,False,True,False,False
board-1981-10-1,1981,1,10,24,houston,houston,texas,frazzman80,frazzman80,Mike Witt,frazzman80,texas,TEX via HOU,https://www.whatifsports.com/forums/Posts.aspx?topicID=542258&page=1,posted draft chain; transfer date not recorded,published original draft order,https://www.whatifsports.com/forums/Posts.aspx?topicID=542258&page=1,known club trail segment,False,False,,,False,True,False,False
board-1981-11-1,1981,1,11,24,new-york-eagles,new-york-eagles,thunderbears,just4me,chargingryno,Steve Sax,chargingryno,thunderbears,CHI via NYE,https://www.whatifsports.com/forums/Posts.aspx?topicID=542258&page=1,posted draft chain; transfer date not recorded,published original draft order,https://www.whatifsports.com/forums/Posts.aspx?topicID=542258&page=1,known club trail segment,False,False,,,False,False,False,False
board-1981-13-1,1981,1,13,24,cornhuskers,cornhuskers,pittsburg,wgasa,coldfoot,Johnny Ray,coldfoot,pittsburg,PIT via CHC,https://www.whatifsports.com/forums/Posts.aspx?topicID=542258&page=1,posted draft chain; transfer date not recorded,published original draft order,https://www.whatifsports.com/forums/Posts.aspx?topicID=542258&page=1,known club trail segment,False,False,,,False,False,False,False
board-1981-23-1,1981,1,23,24,new-york-times,new-york-times,st-louis,trentonjoe,kermit,Greg Harris,kermit,st-louis,STL via NYT,https://www.whatifsports.com/forums/Posts.aspx?topicID=542258&page=1,posted draft chain; transfer date not recorded,published original draft order,https://www.whatifsports.com/forums/Posts.aspx?topicID=542258&page=1,known club trail segment,False,False,,,False,False,True,True
board-1982-3-1,1982,1,3,24,thunderbears,thunderbears,pittsburg,chargingryno,coldfoot,Tony Gwynn,chargingryno,thunderbears,CHI via CHI from PIT,https://www.whatifsports.com/forums/Posts.aspx?topicID=543124&page=1,published original order anchors clubs stated in from/via chain; transfer date not recorded,published original draft order,https://www.whatifsports.com/forums/Posts.aspx?topicID=543124&page=1,known club trail segment,False,False,,,True,True,False,False
board-1982-3-2,1982,1,3,24,thunderbears,pittsburg,thunderbears,coldfoot,chargingryno,Tony Gwynn,chargingryno,thunderbears,CHI via CHI from PIT,https://www.whatifsports.com/forums/Posts.aspx?topicID=543124&page=1,published original order anchors clubs stated in from/via chain; transfer date not recorded,published original draft order,https://www.whatifsports.com/forums/Posts.aspx?topicID=543124&page=1,known club trail segment,False,False,,,True,True,False,False
board-1982-5-1,1982,1,5,24,philly,philly,new-york-nationals,cpdpoet,n4ser,Frank Viola,n4ser,new-york-nationals,NYN via PHI,https://www.whatifsports.com/forums/Posts.aspx?topicID=543124&page=1,posted draft chain; transfer date not recorded,published original draft order,https://www.whatifsports.com/forums/Posts.aspx?topicID=543124&page=1,known club trail segment,False,False,,,True,True,False,False
board-1982-7-1,1982,1,7,24,cornhuskers,cornhuskers,st-louis,wgasa,kermit,Mike Boddicker,kermit,st-louis,STL via CHC,https://www.whatifsports.com/forums/Posts.aspx?topicID=543124&page=1,posted draft chain; transfer date not recorded,published original draft order,https://www.whatifsports.com/forums/Posts.aspx?topicID=543124&page=1,known club trail segment,False,False,,,False,True,False,False
board-1982-11-1,1982,1,11,24,texas,texas,thunderbears,frazzman80,chargingryno,Erik Show,coldfoot,pittsburg,Pit via TEX from CHI,https://www.whatifsports.com/forums/Posts.aspx?topicID=543124&page=1,published original order anchors clubs stated in from/via chain; transfer date not recorded,published original draft order,https://www.whatifsports.com/forums/Posts.aspx?topicID=543124&page=1,known club trail segment,False,False,,,False,False,False,False
board-1982-11-2,1982,1,11,24,texas,thunderbears,pittsburg,chargingryno,coldfoot,Erik Show,coldfoot,pittsburg,Pit via TEX from CHI,https://www.whatifsports.com/forums/Posts.aspx?topicID=543124&page=1,published original order anchors clubs stated in from/via chain; transfer date not recorded,published original draft order,https://www.whatifsports.com/forums/Posts.aspx?topicID=543124&page=1,known club trail segment,False,False,,,False,False,False,False
board-1982-12-1,1982,1,12,24,pittsburg,pittsburg,cornhuskers,coldfoot,wgasa,Chili Davis,wgasa,cornhuskers,CHC via PIT,https://www.whatifsports.com/forums/Posts.aspx?topicID=543124&page=1,posted draft chain; transfer date not recorded,published original draft order,https://www.whatifsports.com/forums/Posts.aspx?topicID=543124&page=1,known club trail segment,False,False,,,False,False,False,False
board-1982-14-1,1982,1,14,24,st-louis,st-louis,cornhuskers,kermit,wgasa,Bud Black,wgasa,cornhuskers,CHC via STL,https://www.whatifsports.com/forums/Posts.aspx?topicID=543124&page=1,posted draft chain; transfer date not recorded,published original draft order,https://www.whatifsports.com/forums/Posts.aspx?topicID=543124&page=1,known club trail segment,False,False,,,False,False,False,False
board-1982-16-1,1982,1,16,24,houston,houston,thunderbears,frazzman80,chargingryno,Mike Moore,chargingryno,thunderbears,CHI via HOU,https://www.whatifsports.com/forums/Posts.aspx?topicID=543124&page=1,posted draft chain; transfer date not recorded,published original draft order,https://www.whatifsports.com/forums/Posts.aspx?topicID=543124&page=1,known club trail segment,False,False,,,False,False,False,True
board-1982-23-1,1982,1,23,24,quake,quake,pittsburg,epup1975,coldfoot,Steve Bedrosian,coldfoot,pittsburg,PIT via SF,https://www.whatifsports.com/forums/Posts.aspx?topicID=543124&page=1,posted draft chain; transfer date not recorded,published original draft order,https://www.whatifsports.com/forums/Posts.aspx?topicID=543124&page=1,known club trail segment,False,False,,,False,False,True,True
board-1983-15-1,1983,1,15,24,thunderbears,thunderbears,new-york-eagles,chargingryno,just4me,Craig Lefferts,just4me,new-york-eagles,NYE via CHI,https://www.whatifsports.com/forums/Posts.aspx?topicID=544117&page=1,posted draft chain; transfer date not recorded,published original draft order,https://www.whatifsports.com/forums/Posts.aspx?topicID=544117&page=1,known club trail segment,False,False,,,False,False,False,True
board-1983-22-1,1983,1,22,24,quake,quake,texas,epup1975,frazzman80,Dick Schofield,frazzman80,texas,TEX via SF,https://www.whatifsports.com/forums/Posts.aspx?topicID=544117&page=1,posted draft chain; transfer date not recorded,published original draft order,https://www.whatifsports.com/forums/Posts.aspx?topicID=544117&page=1,known club trail segment,False,False,,,False,False,True,True
board-1984-2-1,1984,1,2,24,boston,boston,new-york-eagles,eddiedzen,just4me,Bret Saberhagen,just4me,new-york-eagles,NYE (BOS),https://www.whatifsports.com/forums/Posts.aspx?topicID=545502&page=1,posted draft chain; transfer date not recorded,published original draft order,https://www.whatifsports.com/forums/Posts.aspx?topicID=545502&page=1,known club trail segment,False,False,,,True,True,False,False
board-1984-4-1,1984,1,4,24,new-york-eagles,new-york-eagles,boston,just4me,eddiedzen,Orel Hershiser,eddiedzen,boston,BOS (NYE),https://www.whatifsports.com/forums/Posts.aspx?topicID=545502&page=1,posted draft chain; transfer date not recorded,published original draft order,https://www.whatifsports.com/forums/Posts.aspx?topicID=545502&page=1,known club trail segment,False,False,,,True,True,False,False
board-1984-7-1,1984,1,7,24,detroit,detroit,pittsburg,harrelson,coldfoot,Tony Fernandez,coldfoot,pittsburg,PIT (DET),https://www.whatifsports.com/forums/Posts.aspx?topicID=545502&page=1,posted draft chain; transfer date not recorded,published original draft order,https://www.whatifsports.com/forums/Posts.aspx?topicID=545502&page=1,known club trail segment,False,False,,,False,True,False,False
board-1984-11-1,1984,1,11,24,cornhuskers,cornhuskers,pittsburg,wgasa,coldfoot,Mark Gubicza,coldfoot,pittsburg,PIT (CHC),https://www.whatifsports.com/forums/Posts.aspx?topicID=545502&page=1,posted draft chain; transfer date not recorded,published original draft order,https://www.whatifsports.com/forums/Posts.aspx?topicID=545502&page=1,known club trail segment,False,False,,,False,False,False,False
board-1984-12-1,1984,1,12,24,milwaukee,milwaukee,pittsburg,dbrom,coldfoot,Eric Davis,coldfoot,pittsburg,PIT (MIL),https://www.whatifsports.com/forums/Posts.aspx?topicID=545502&page=1,posted draft chain; transfer date not recorded,published original draft order,https://www.whatifsports.com/forums/Posts.aspx?topicID=545502&page=1,known club trail segment,False,False,,,False,False,False,False
board-1984-14-1,1984,1,14,24,seattle,seattle,socal-newark,pi_kapp,trentonjoe,Tom Henke,trentonjoe,socal-newark,NWK (SEA),https://www.whatifsports.com/forums/Posts.aspx?topicID=545502&page=1,posted draft chain; transfer date not recorded,published original draft order,https://www.whatifsports.com/forums/Posts.aspx?topicID=545502&page=1,known club trail segment,False,False,,,False,False,False,False
board-1984-16-1,1984,1,16,24,pittsburg,pittsburg,milwaukee,coldfoot,dbrom,Alvin Davis,dbrom,milwaukee,MIL (PIT),https://www.whatifsports.com/forums/Posts.aspx?topicID=545502&page=1,posted draft chain; transfer date not recorded,published original draft order,https://www.whatifsports.com/forums/Posts.aspx?topicID=545502&page=1,known club trail segment,False,False,,,False,False,False,True
board-1985-11-1,1985,1,11,24,milwaukee,milwaukee,pittsburg,,coldfoot,Tim Burke,coldfoot,pittsburg,PIT from MIL,https://www.whatifsports.com/forums/Posts.aspx?topicID=546675&page=1,posted draft chain; transfer date not recorded,published original draft order,https://www.whatifsports.com/forums/Posts.aspx?topicID=546675&page=1,known club trail segment,False,False,,,False,False,False,False
board-1985-12-1,1985,1,12,24,new-york-eagles,new-york-eagles,socal-newark,just4me,trentonjoe,Kirk McCaskill,trentonjoe,socal-newark,NWK from NYE,https://www.whatifsports.com/forums/Posts.aspx?topicID=546675&page=1,posted draft chain; transfer date not recorded,published original draft order,https://www.whatifsports.com/forums/Posts.aspx?topicID=546675&page=1,known club trail segment,False,False,,,False,False,False,False
board-1985-16-1,1985,1,16,24,toronto,toronto,baltimore,coldfoot,chargingryno,Ozzie Guillen,chargingryno,baltimore,BAL from TOR,https://www.whatifsports.com/forums/Posts.aspx?topicID=546675&page=1,posted draft chain; transfer date not recorded,published original draft order,https://www.whatifsports.com/forums/Posts.aspx?topicID=546675&page=1,known club trail segment,False,False,,,False,False,False,True
board-1985-21-1,1985,1,21,24,quake,quake,pittsburg,epup1975,coldfoot,Matt Nokes,coldfoot,pittsburg,PIT from SFQ,https://www.whatifsports.com/forums/Posts.aspx?topicID=546675&page=1,posted draft chain; transfer date not recorded,published original draft order,https://www.whatifsports.com/forums/Posts.aspx?topicID=546675&page=1,known club trail segment,False,False,,,False,False,True,True
board-1986-16-1,1986,1,16,24,seattle,seattle,houston,pi_kapp,the_creeper,Benito Santiago,kermit,st-louis,STL>HOU>SEA,https://www.whatifsports.com/forums/Posts.aspx?topicID=547858&page=1,posted draft chain; transfer date not recorded,published original draft order,https://www.whatifsports.com/forums/Posts.aspx?topicID=547858&page=1,known club trail segment,False,False,,,False,False,False,True
board-1986-16-2,1986,1,16,24,seattle,houston,st-louis,the_creeper,kermit,Benito Santiago,kermit,st-louis,STL>HOU>SEA,https://www.whatifsports.com/forums/Posts.aspx?topicID=547858&page=1,posted draft chain; transfer date not recorded,published original draft order,https://www.whatifsports.com/forums/Posts.aspx?topicID=547858&page=1,known club trail segment,False,False,,,False,False,False,True
board-1986-21-1,1986,1,21,24,boston,boston,toronto,,coldfoot,Rob Thompson,coldfoot,toronto,TOR>BOS,https://www.whatifsports.com/forums/Posts.aspx?topicID=547858&page=1,posted draft chain; transfer date not recorded,published original draft order,https://www.whatifsports.com/forums/Posts.aspx?topicID=547858&page=1,known club trail segment,False,False,,,False,False,True,True
board-1987-5-1,1987,1,5,24,houston,houston,cincinnati-la,the_creeper,sinatra,Jack McDowell,sinatra,cincinnati-la,CIN >HOU,https://www.whatifsports.com/forums/Posts.aspx?topicID=548864&page=1,posted draft chain; transfer date not recorded,published original draft order,https://www.whatifsports.com/forums/Posts.aspx?topicID=548864&page=1,known club trail segment,False,False,,,True,True,False,False
board-1987-6-1,1987,1,6,24,socal-newark,socal-newark,thunderbears,trentonjoe,chargingryno,Tim Belcher,coldfoot,pittsburg,PIT>CHI>NWK,https://www.whatifsports.com/forums/Posts.aspx?topicID=548864&page=1,posted draft chain; transfer date not recorded,published original draft order,https://www.whatifsports.com/forums/Posts.aspx?topicID=548864&page=1,known club trail segment,False,False,,,False,True,False,False
board-1987-6-2,1987,1,6,24,socal-newark,thunderbears,pittsburg,chargingryno,coldfoot,Tim Belcher,coldfoot,pittsburg,PIT>CHI>NWK,https://www.whatifsports.com/forums/Posts.aspx?topicID=548864&page=1,posted draft chain; transfer date not recorded,published original draft order,https://www.whatifsports.com/forums/Posts.aspx?topicID=548864&page=1,known club trail segment,False,False,,,False,True,False,False
board-1987-10-1,1987,1,10,24,kansas-city,kansas-city,montreal,,stevebobldn,Paul O'Neill,stevebobldn,montreal,KCM,https://www.whatifsports.com/forums/Posts.aspx?topicID=548864&page=1,posted draft chain; transfer date not recorded,published original draft order,https://www.whatifsports.com/forums/Posts.aspx?topicID=548864&page=1,known club trail segment,False,False,,,False,True,False,False
board-1987-11-1,1987,1,11,24,pittsburg,pittsburg,thunderbears,coldfoot,chargingryno,Joe Magrane,chargingryno,thunderbears,CHI>PIT,https://www.whatifsports.com/forums/Posts.aspx?topicID=548864&page=1,posted draft chain; transfer date not recorded,published original draft order,https://www.whatifsports.com/forums/Posts.aspx?topicID=548864&page=1,known club trail segment,False,False,,,False,False,False,False
board-1987-15-1,1987,1,15,24,seattle,seattle,thunderbears,pi_kapp,chargingryno,B.J. Surhoff,trentonjoe,socal-newark,NWK>CHI>SEA,https://www.whatifsports.com/forums/Posts.aspx?topicID=548864&page=1,posted draft chain; transfer date not recorded,published original draft order,https://www.whatifsports.com/forums/Posts.aspx?topicID=548864&page=1,known club trail segment,False,False,,,False,False,False,True
board-1987-15-2,1987,1,15,24,seattle,thunderbears,socal-newark,chargingryno,trentonjoe,B.J. Surhoff,trentonjoe,socal-newark,NWK>CHI>SEA,https://www.whatifsports.com/forums/Posts.aspx?topicID=548864&page=1,posted draft chain; transfer date not recorded,published original draft order,https://www.whatifsports.com/forums/Posts.aspx?topicID=548864&page=1,known club trail segment,False,False,,,False,False,False,True
board-1987-19-1,1987,1,19,24,baltimore,baltimore,pittsburg,,coldfoot,Lance Johnson,coldfoot,pittsburg,PIT>BAL,https://www.whatifsports.com/forums/Posts.aspx?topicID=548864&page=1,posted draft chain; transfer date not recorded,published original draft order,https://www.whatifsports.com/forums/Posts.aspx?topicID=548864&page=1,known club trail segment,False,False,,,False,False,False,True
board-1987-24-1,1987,1,24,24,new-york-nationals,new-york-nationals,new-york-eagles,,just4me,Mike Henneman,just4me,new-york-eagles,NYN,https://www.whatifsports.com/forums/Posts.aspx?topicID=548864&page=1,posted draft chain; transfer date not recorded,published original draft order,https://www.whatifsports.com/forums/Posts.aspx?topicID=548864&page=1,known club trail segment,False,False,,,False,False,True,True
board-1988-4-1,1988,1,4,24,houston,houston,new-york-times,the_creeper,trentonjoe,Craig Biggio,trentonjoe,new-york-times,NYT>HOU,https://www.whatifsports.com/forums/Posts.aspx?topicID=549083&page=1,posted draft chain; transfer date not recorded,published original draft order,https://www.whatifsports.com/forums/Posts.aspx?topicID=549083&page=1,known club trail segment,False,False,,,True,True,False,False
board-1988-5-1,1988,1,5,24,cornhuskers,cornhuskers,new-york-times,wgasa,trentonjoe,Gary Sheffield,the_creeper,houston,HOU>NYT>CHC,https://www.whatifsports.com/forums/Posts.aspx?topicID=549083&page=1,posted draft chain; transfer date not recorded,published original draft order,https://www.whatifsports.com/forums/Posts.aspx?topicID=549083&page=1,known club trail segment,False,False,,,True,True,False,False
board-1988-5-2,1988,1,5,24,cornhuskers,new-york-times,houston,trentonjoe,the_creeper,Gary Sheffield,the_creeper,houston,HOU>NYT>CHC,https://www.whatifsports.com/forums/Posts.aspx?topicID=549083&page=1,posted draft chain; transfer date not recorded,published original draft order,https://www.whatifsports.com/forums/Posts.aspx?topicID=549083&page=1,known club trail segment,False,False,,,True,True,False,False
board-1988-7-1,1988,1,7,24,new-york-times,new-york-times,cornhuskers,trentonjoe,wgasa,Mark Grace,wgasa,cornhuskers,CHC>NYT,https://www.whatifsports.com/forums/Posts.aspx?topicID=549083&page=1,posted draft chain; transfer date not recorded,published original draft order,https://www.whatifsports.com/forums/Posts.aspx?topicID=549083&page=1,known club trail segment,False,False,,,False,True,False,False
board-1988-12-1,1988,1,12,24,new-york-eagles,new-york-eagles,detroit,just4me,harrelson,Brady Anderson,harrelson,detroit,DET>NYE,https://www.whatifsports.com/forums/Posts.aspx?topicID=549083&page=1,posted draft chain; transfer date not recorded,published original draft order,https://www.whatifsports.com/forums/Posts.aspx?topicID=549083&page=1,known club trail segment,False,False,,,False,False,False,False
board-1988-13-1,1988,1,13,24,seattle,seattle,thunderbears,pi_kapp,chargingryno,Todd Stottlemyre,duhbigcat,oakland,OAK>CHI>SEA,https://www.whatifsports.com/forums/Posts.aspx?topicID=549083&page=1,posted draft chain; transfer date not recorded,published original draft order,https://www.whatifsports.com/forums/Posts.aspx?topicID=549083&page=1,known club trail segment,False,False,,,False,False,False,False
board-1988-13-2,1988,1,13,24,seattle,thunderbears,oakland,chargingryno,duhbigcat,Todd Stottlemyre,duhbigcat,oakland,OAK>CHI>SEA,https://www.whatifsports.com/forums/Posts.aspx?topicID=549083&page=1,posted draft chain; transfer date not recorded,published original draft order,https://www.whatifsports.com/forums/Posts.aspx?topicID=549083&page=1,known club trail segment,False,False,,,False,False,False,False
board-1988-22-1,1988,1,22,24,pittsburg,pittsburg,baltimore,coldfoot,jimmygatz2,Norm Charlton,jimmygatz2,baltimore,BAL>PIT,https://www.whatifsports.com/forums/Posts.aspx?topicID=549083&page=1,posted draft chain; transfer date not recorded,published original draft order,https://www.whatifsports.com/forums/Posts.aspx?topicID=549083&page=1,known club trail segment,False,False,,,False,False,True,True
board-1988-23-1,1988,1,23,24,philly,philly,thunderbears,cpdpoet,chargingryno,Ron Dibble,chargingryno,thunderbears,CHC>PHI,https://www.whatifsports.com/forums/Posts.aspx?topicID=549083&page=1,posted draft chain; transfer date not recorded,published original draft order,https://www.whatifsports.com/forums/Posts.aspx?topicID=549083&page=1,known club trail segment,False,False,,,False,False,True,True
board-1988-24-1,1988,1,24,24,kansas-city,kansas-city,houston,kujhawker,the_creeper,Bryan Harvey,the_creeper,houston,HOU>KCM,https://www.whatifsports.com/forums/Posts.aspx?topicID=549083&page=1,posted draft chain; transfer date not recorded,published original draft order,https://www.whatifsports.com/forums/Posts.aspx?topicID=549083&page=1,known club trail segment,False,False,,,False,False,True,True
board-1989-8-1,1989,1,8,24,seattle,seattle,toronto,pi_kapp,coldfoot,Omar Vizquel,coldfoot,toronto,TOR<SEA,https://www.whatifsports.com/forums/Posts.aspx?topicID=550005&page=1,posted draft chain; transfer date not recorded,published original draft order,https://www.whatifsports.com/forums/Posts.aspx?topicID=550005&page=1,known club trail segment,False,False,,,False,True,False,False
board-1989-13-1,1989,1,13,24,new-york-nationals,new-york-nationals,new-york-eagles,k123456789,just4me,Ken Hill,coldfoot,toronto,TOR<SEA<NYE<NYN,https://www.whatifsports.com/forums/Posts.aspx?topicID=550005&page=1,posted draft chain; transfer date not recorded,published original draft order,https://www.whatifsports.com/forums/Posts.aspx?topicID=550005&page=1,known club trail segment,False,False,,,False,False,False,False
board-1989-13-2,1989,1,13,24,new-york-nationals,new-york-eagles,seattle,just4me,pi_kapp,Ken Hill,coldfoot,toronto,TOR<SEA<NYE<NYN,https://www.whatifsports.com/forums/Posts.aspx?topicID=550005&page=1,posted draft chain; transfer date not recorded,published original draft order,https://www.whatifsports.com/forums/Posts.aspx?topicID=550005&page=1,known club trail segment,False,False,,,False,False,False,False
board-1989-13-3,1989,1,13,24,new-york-nationals,seattle,toronto,pi_kapp,coldfoot,Ken Hill,coldfoot,toronto,TOR<SEA<NYE<NYN,https://www.whatifsports.com/forums/Posts.aspx?topicID=550005&page=1,posted draft chain; transfer date not recorded,published original draft order,https://www.whatifsports.com/forums/Posts.aspx?topicID=550005&page=1,known club trail segment,False,False,,,False,False,False,False
board-1989-14-1,1989,1,14,24,new-york-eagles,new-york-eagles,cornhuskers,just4me,wgasa,Kevin Tapani,wgasa,cornhuskers,CHC<NYE,https://www.whatifsports.com/forums/Posts.aspx?topicID=550005&page=1,posted draft chain; transfer date not recorded,published original draft order,https://www.whatifsports.com/forums/Posts.aspx?topicID=550005&page=1,known club trail segment,False,False,,,False,False,False,False
board-1989-21-1,1989,1,21,24,baltimore,baltimore,pittsburg,jimmygatz2,coldfoot,John Wetteland,coldfoot,pittsburg,PIT<BAL,https://www.whatifsports.com/forums/Posts.aspx?topicID=550005&page=1,posted draft chain; transfer date not recorded,published original draft order,https://www.whatifsports.com/forums/Posts.aspx?topicID=550005&page=1,known club trail segment,False,False,,,False,False,True,True
board-1989-23-1,1989,1,23,24,kansas-city,kansas-city,houston,kujhawker,the_creeper,Lenny Harris,the_creeper,houston,HOU<KCM,https://www.whatifsports.com/forums/Posts.aspx?topicID=550005&page=1,posted draft chain; transfer date not recorded,published original draft order,https://www.whatifsports.com/forums/Posts.aspx?topicID=550005&page=1,known club trail segment,False,False,,,False,False,True,True
