forum_id,wis_id,forum_date,wis_date,matched_named_assets,basis
12058306,130841-3,3/15/2021 1:37 PM,3/16/2021 1:00:00 PM,,same physical franchise pair; unique dated named-asset match or independently verified WIS link
12122624,131418-3,7/1/2021 5:44 PM,5/29/2021 4:00:00 PM,alex johnson,same physical franchise pair; unique dated named-asset match or independently verified WIS link
12188554,132733-7,11/7/2021 11:41 AM,11/8/2021 12:00:00 PM,,same physical franchise pair; unique dated named-asset match or independently verified WIS link
12231630,133447-8,1/29/2022 7:41 PM,1/30/2022 5:00:00 PM,,same physical franchise pair; unique dated named-asset match or independently verified WIS link
12266131,134068-12,4/5/2022 4:46 PM,4/6/2022 2:00:00 PM,,same physical franchise pair; unique dated named-asset match or independently verified WIS link
12268553,134068-11,4/10/2022 1:51 PM,4/11/2022 1:00:00 PM,,same physical franchise pair; unique dated named-asset match or independently verified WIS link
12271500,134068-7,4/16/2022 10:23 AM,4/17/2022 10:00:00 AM,,same physical franchise pair; unique dated named-asset match or independently verified WIS link
12272007,134068-2,4/17/2022 11:42 AM,4/29/2022 11:00:00 AM,,same physical franchise pair; unique dated named-asset match or independently verified WIS link
12272903,134068-4,4/19/2022 4:31 AM,4/20/2022 4:00:00 AM,,same physical franchise pair; unique dated named-asset match or independently verified WIS link
12385285,135415-2,11/23/2022 10:28 PM,10/24/2022 12:00:00 PM,,same physical franchise pair; unique dated named-asset match or independently verified WIS link
12479209,137487-9,6/1/2023 3:35 PM,6/2/2023 11:00:00 AM,,same physical franchise pair; unique dated named-asset match or independently verified WIS link
12572721,138842-5,12/4/2023 3:15 AM,12/4/2023 7:00:00 AM,,same physical franchise pair; unique dated named-asset match or independently verified WIS link
12661356,140165-6,6/7/2024 2:12 AM,6/7/2024 5:00:00 PM,,same physical franchise pair; unique dated named-asset match or independently verified WIS link
12846646,143210-3,9/6/2025 2:22 PM,9/6/2025 10:00:00 AM,,same physical franchise pair; unique dated named-asset match or independently verified WIS link
12890650,143991-9,12/18/2025 1:18 AM,12/17/2025 3:00:00 PM,,same physical franchise pair; unique dated named-asset match or independently verified WIS link
12921867,145090-1,2/18/2026 8:41 PM,7/8/2026 2:00:00 PM,,same physical franchise pair; unique dated named-asset match or independently verified WIS link
12933260,144651-20,3/15/2026 8:13 PM,3/16/2026 11:00:00 PM,,same physical franchise pair; unique dated named-asset match or independently verified WIS link
12944951,144651-4,4/12/2026 2:07 AM,4/13/2026 2:00:00 AM,,same physical franchise pair; unique dated named-asset match or independently verified WIS link
12945005-a,144651-5,4/12/2026 9:56 AM,4/12/2026 10:00:00 PM,greg mathews,same physical franchise pair; unique dated named-asset match or independently verified WIS link
12945005-b,144651-6,4/12/2026 9:56 AM,4/12/2026 10:00:00 PM,jerry reed|danny cox,same physical franchise pair; unique dated named-asset match or independently verified WIS link
12963608,145090-14,5/31/2026 10:02 AM,6/2/2026 10:00:00 AM,,same physical franchise pair; unique dated named-asset match or independently verified WIS link
12974378,145090-5,6/24/2026 7:33 AM,6/25/2026 5:00:00 AM,,same physical franchise pair; unique dated named-asset match or independently verified WIS link
12981657,145571-0,7/12/2026 7:55 AM,9/24/2026 9:00:00 AM,oddibe mcdowell,same physical franchise pair; unique dated named-asset match or independently verified WIS link
12935252,144651-16,3/21/2026 10:55 AM,3/22/2026 10:00:00 AM,,same physical franchise pair; unique dated named-asset match or independently verified WIS link
12178907,132733-10,10/20/2021 1:34 AM,10/24/2021 12:00:00 PM,chuck hinton|ted savage,same physical franchise pair; unique dated named-asset match or independently verified WIS link
